﻿{  "Greek Letter Languages": [    "LaTeX",    "Maple",    "Mathematica"  ],  "Sources": {    "LaTeX": "https://en.wikibooks.org/wiki/LaTeX/Mathematics#List_of_Mathematical_Symbols",    "Maple": "https://www.maplesoft.com/support/help/Maple/view.aspx?path=Greek",    "Mathematica": "https://reference.wolfram.com/language/guide/GreekLetters.html"  },  "Greek Letters": {    "alpha": {      "LaTeX": "\\alpha",      "Maple": "alpha",      "Mathematica": "\\[Alpha]"    },    "Alpha": {      "LaTeX": "A",      "Maple": "Alpha",      "Mathematica": "\\[CapitalAlpha]"    },    "beta": {      "LaTeX": "\\beta",      "Maple": "beta",      "Mathematica": "\\[Beta]"    },    "Beta": {      "LaTeX": "B",      "Maple": "Beta",      "Mathematica": "\\[CapitalBeta]"    },    "gamma": {      "LaTeX": "\\gamma",      "Maple": "gamma",      "Mathematica": "\\[Gamma]"    },    "Gamma": {      "LaTeX": "\\Gamma",      "Maple": "Gamma",      "Mathematica": "\\[CapitalGamma]"    },    "delta": {      "LaTeX": "\\delta",      "Maple": "delta",      "Mathematica": "\\[Delta]"    },    "Delta": {      "LaTeX": "\\Delta",      "Maple": "Delta",      "Mathematica": "\\[CapitalDelta]"    },    "epsilon": {      "LaTeX": "\\epsilon",      "Maple": "epsilon",      "Mathematica": "\\[Epsilon]"    },    "Epsilon": {      "LaTeX": "E",      "Maple": "Epsilon",      "Mathematica": "\\[CapitalEpsilon]"    },    "zeta": {      "LaTeX": "\\zeta",      "Maple": "zeta",      "Mathematica": "\\[zeta]"    },    "Zeta": {      "LaTeX": "Z",      "Maple": "ZETA",      "Mathematica": "\\[CapitalZeta]"    },    "eta": {      "LaTeX": "\\eta",      "Maple": "eta",      "Mathematica": "\\[Eta]"    },    "Eta": {      "LaTeX": "H",      "Maple": "Eta",      "Mathematica": "\\[CapitalEta]"    },    "theta": {      "LaTeX": "\\theta",      "Maple": "theta",      "Mathematica": "\\[Theta]"    },    "Theta": {      "LaTeX": "\\Theta",      "Maple": "Theta",      "Mathematica": "\\[CapitalTheta]"    },    "iota": {      "LaTeX": "\\iota",      "Maple": "iota",      "Mathematica": "\\[Iota]"    },    "Iota": {      "LaTeX": "I",      "Maple": "Iota",      "Mathematica": "\\[CapitalIota]"    },    "kappa": {      "LaTeX": "\\kappa",      "Maple": "kappa",      "Mathematica": "\\[Kappa]"    },    "Kappa": {      "LaTeX": "K",      "Maple": "Kappa",      "Mathematica": "\\[CapitalKappa]"    },    "lambda": {      "LaTeX": "\\lambda",      "Maple": "lambda",      "Mathematica": "\\[Lambda]"    },    "Lambda": {      "LaTeX": "\\Lambda",      "Maple": "Lambda",      "Mathematica": "\\[CapitalLambda]"    },    "mu": {      "LaTeX": "\\mu",      "Maple": "mu",      "Mathematica": "\\[Mu]"    },    "Mu": {      "LaTeX": "M",      "Maple": "Mu",      "Mathematica": "\\[CapitalMu]"    },    "nu": {      "LaTeX": "\\nu",      "Maple": "nu",      "Mathematica": "\\[Nu]"    },    "Nu": {      "LaTeX": "N",      "Maple": "Nu",      "Mathematica": "\\[CapitalNu]"    },    "xi": {      "LaTeX": "\\xi",      "Maple": "xi",      "Mathematica": "\\[Xi]"    },    "Xi": {      "LaTeX": "\\Xi",      "Maple": "Xi",      "Mathematica": "\\[CapitalXi]"    },    "omicron": {      "LaTeX": "o",      "Maple": "omicron",      "Mathematica": "\\[Omicron]"    },    "Omicron": {      "LaTeX": "O",      "Maple": "Omicron",      "Mathematica": "\\[CapitalOmicron]"    },    "pi": {      "LaTeX": "\\pi",      "Maple": "pi",      "Mathematica": "\\[Pi]"    },    "Pi": {      "LaTeX": "\\Pi",      "Maple": "PI",      "Mathematica": "\\[CapitalPi]"    },    "rho": {      "LaTeX": "\\rho",      "Maple": "rho",      "Mathematica": "\\[Rho]"    },    "Rho": {      "LaTeX": "P",      "Maple": "Rho",      "Mathematica": "\\[CapitalRho]"    },    "sigma": {      "LaTeX": "\\sigma",      "Maple": "sigma",      "Mathematica": "\\[Sigma]"    },    "Sigma": {      "LaTeX": "\\Sigma",      "Maple": "Sigma",      "Mathematica": "\\[CapitalSigma]"    },    "tau": {      "LaTeX": "\\tau",      "Maple": "tau",      "Mathematica": "\\[Tau]"    },    "Tau": {      "LaTeX": "T",      "Maple": "Tau",      "Mathematica": "\\[CapitalTau]"    },    "upsilon": {      "LaTeX": "\\upsilon",      "Maple": "upsilon",      "Mathematica": "\\[Upsilon]"    },    "Upsilon": {      "LaTeX": "\\Upsilon",      "Maple": "Upsilon",      "Mathematica": "\\[CapitalUpsilon]"    },    "phi": {      "LaTeX": "\\phi",      "Maple": "phi",      "Mathematica": "\\[Phi]"    },    "Phi": {      "LaTeX": "\\Phi",      "Maple": "Phi",      "Mathematica": "\\[CapitalPhi]"    },    "chi": {      "LaTeX": "\\chi",      "Maple": "chi",      "Mathematica": "\\[Chi]"    },    "Chi": {      "LaTeX": "X",      "Maple": "CHI",      "Mathematica": "\\[CapitalChi]"    },    "psi": {      "LaTeX": "\\psi",      "Maple": "psi",      "Mathematica": "\\[Psi]"    },    "Psi": {      "LaTeX": "\\Psi",      "Maple": "Psi",      "Mathematica": "\\[CapitalPsi]"    },    "omega": {      "LaTeX": "\\omega",      "Maple": "omega",      "Mathematica": "\\[Omega]"    },    "Omega": {      "LaTeX": "\\Omega",      "Maple": "Omega",      "Mathematica": "\\[CapitalOmega]"    },    "varepsilon": {      "LaTeX": "\\varepsilon",      "Maple": "varepsilon",      "Mathematica": "\\[CurlyEpsilon]"    },    "vartheta": {      "LaTeX": "\\vartheta",      "Maple": "vartheta",      "Mathematica": "\\[CurlyTheta]"    },    "varkappa": {      "LaTeX": "\\varkappa",      "Maple": "varkappa",      "Mathematica": "\\[CurlyKappa]"    },    "varpi": {      "LaTeX": "\\varpi",      "Maple": "varpi",      "Mathematica": "\\[CurlyPi]"    },    "varrho": {      "LaTeX": "\\varrho",      "Maple": "varrho",      "Mathematica": "\\[CurlyRho]"    },    "varsigma": {      "LaTeX": "\\varsigma",      "Maple": "varsigma",      "Mathematica": "\\[FinalSigma]"    },    "varUpsilon": {      "Mathematica": "\\[CurlyCapitalUpsilon]"    },    "varphi": {      "LaTeX": "\\varphi",      "Maple": "varphi",      "Mathematica": "\\[CurlyPhi]"    }  },  "Constants Languages" : ["LaTeX","DLMF","Maple","Mathematica"],  "Constants": {    "Pi": {      "LaTeX": "\\pi",      "DLMF": "\\cpi",      "Maple": "Pi",      "Mathematica": "Pi"    },    "Exponential Constant": {      "LaTeX": "e",      "DLMF": "\\expe",      "Maple": "exp(1)",      "Mathematica": "E"    },    "Imaginary Unit": {      "LaTeX": "i",      "DLMF": "\\iunit",      "Maple": "I",      "Mathematica": "I"    },    "Euler-Mascheroni Constant": {      "LaTeX": "\\gamma",      "DLMF": "\\EulerConstant",      "Maple": "gamma",      "Mathematica": "EulerGamma"    },    "Catalans Constant": {      "LaTeX": "G",      "DLMF": "\\CatalansConstant",      "Maple": "Catalan",      "Mathematica": "Catalan"    },    "Infinity": {      "LaTeX": "\\infty",      "DLMF": "\\inf",      "Maple": "infinity",      "Mathematica": "Infinity"    }  }}