{
  "Languages": [
	"MLP",
    "LaTeX",
    "Maple",
    "Mathematica"
  ],
  "Functions": {
	"Fraction": {
		"MLP": "fraction",
		"LaTeX": "\\frac{$0}{$1}",
		"Maple": "($0)/($1)",
		"Mathematica": "Divide[$0,$1]"
	},
	"Binomial": {
		"MLP": "binomial coefficient",
		"LaTeX": "\\binom{$0}{$1}",
		"Maple": "binomial($0,$1)",
		"Mathematica": "Binomial[$0,$1]"
	},
	"Square Root": {
		"MLP": "square root",
		"LaTeX": "\\sqrt{$0}",
		"Maple": "sqrt($0)",
		"Mathematica": "Sqrt[$0]"
	},
	"Surd Root": {
		"MLP": "radical with a specified index",
		"LaTeX": "\\sqrt[$0]{$1}",
		"Maple": "surd($1,$0)",
		"Mathematica": "Surd[$1,$0]"
	},
	"Factorial": {
		"MLP": "exclamation point",
		"LaTeX": "$0!",
		"Maple": "factorial($0)",
		"Mathematica": "$0!"
	},
	"Double Factorial": {
		"MLP": "double exclamation point",
		"LaTeX": "$0!!",
		"Maple": "doublefactorial($0)",
		"Mathematica": "$0!!"
	},
	"Modulo": {
		"MLP": "modulo",
		"LaTeX": "$0 \\mod $1",
		"Maple": "`modp`($0,$1)",
		"Mathematica": "Mod[$0,$1]"
	},
	"Subscript":{
		"MLP": "underscore",
		"LaTeX": "$0_{$1}",
		"Maple": "$0[$1]",
		"Mathematica": "Subscript[$0, $1]"
	},
	"Exponential":{
		"MLP": "exponential",
		"LaTeX": "\\expe",
		"Maple": "exp($0)",
		"Mathematica": "Exp[$0]"
	}
  },
  "Symbol Languages": [
	"MLP",
	"LaTeX",
	"Maple",
	"Mathematica"
  ],
  "Symbols": {
	"GeneralMultiplication": {
		"MLP": "General Multiplication",
		"LaTeX": "\\idot",
		"Maple": "*",
		"Mathematica": " "
	},
	"Multiply": {
		"MLP": "operation",
		"LaTeX": "\\cdot",
		"Maple": "*",
		"Mathematica": "*"
	},
	"Invisible Multiply": {
		"MLP": "operation",
		"LaTeX": "\\idot",
		"Maple": "*",
		"Mathematica": "*"
	},
	"Addition":{
		"MLP": "Addition",
		"LaTeX": "+",
		"Maple": "+",
		"Mathematica": "+"
	},
	"Lower dots":{
		"MLP": "ellipsis",
		"LaTeX": "\\ldots",
		"Maple": "..",
		"Mathematica": " ... "
	},
	"Equality":{
		"MLP": "equals",
		"LaTeX": "=",
		"Maple": "=",
		"Mathematica": "="
	},
	"Definition":{
		"MLP": "definition",
		"LaTeX": ":=",
		"Maple": ":=",
		"Mathematica": ":="
	},
	"Not Equality":{
		"MLP": "relation_1",
		"LaTeX": "\\neq",
		"Maple": "<>",
		"Mathematica": "\\[NotEqual]"
	},
	"Element of":{
		"MLP": "relation_2",
		"LaTeX": "\\in",
		"Maple": "in",
		"Mathematica": "\\[Element]"
	},
	"Infinity": {
      "MLP": "ordinary",
      "LaTeX": "\\infty",
      "Maple": "infinity",
      "Mathematica": "Infinity"
	},
	"opminus": {
      "MLP": "opminus",
      "LaTeX": "\\opminus",
      "Maple": "(-1)",
      "Mathematica": "(-1)"
	}
  }
}