﻿DLMF;Maple;Maple-Comment;Maple-Branch Cuts;Maple-Alternatives;Maple-Link
\sin@@{z};sin($0);;;;https://www.maplesoft.com/support/help/maple/view.aspx?path=sin
\cos@@{z};cos($0);;;;https://www.maplesoft.com/support/help/maple/view.aspx?path=cos
\tan@@{z};tan($0);;;;https://www.maplesoft.com/support/help/maple/view.aspx?path=tan
\sec@@{z};sec($0);;;;https://www.maplesoft.com/support/help/maple/view.aspx?path=sec
\csc@@{z};csc($0);;;;https://www.maplesoft.com/support/help/maple/view.aspx?path=csc
\cot@@{z};cot($0);;;;https://www.maplesoft.com/support/help/maple/view.aspx?path=cot
;;;;;
\sinh@@{z};sinh($0);;;;https://www.maplesoft.com/support/help/maple/view.aspx?path=sinh
\cosh@@{z};cosh($0);;;;https://www.maplesoft.com/support/help/maple/view.aspx?path=cosh
\tanh@@{z};tanh($0);;;;https://www.maplesoft.com/support/help/maple/view.aspx?path=tanh
\sech@@{z};sech($0);;;;https://www.maplesoft.com/support/help/maple/view.aspx?path=sech
\csch@@{z};csch($0);;;;https://www.maplesoft.com/support/help/maple/view.aspx?path=csch
\coth@@{z};coth($0);;;;https://www.maplesoft.com/support/help/maple/view.aspx?path=coth
;;;;;
\asin@@{z};arcsin($0);;;;https://www.maplesoft.com/support/help/maple/view.aspx?path=invtrig
\acos@@{z};arccos($0);;;;https://www.maplesoft.com/support/help/maple/view.aspx?path=invtrig
\atan@@{z};arctan($0);Please be aware, there exists also a two-arguments function in Maple. arctan(y,x) computes the principle value of the argument of the complex number x+Iy.;;;https://www.maplesoft.com/support/help/maple/view.aspx?path=invtrig
\asec@@{z};arcsec($0);;;;https://www.maplesoft.com/support/help/maple/view.aspx?path=invtrig
\acsc@@{z};arccsc($0);;;;https://www.maplesoft.com/support/help/maple/view.aspx?path=invtrig
\acot@@{z};arccot($0);"Maple defines another branch cut than DLMF for the invert cotangent function. You can use an alternative translation to avoid that. With the arctan alternative you have the same branch cuts as DLMF. The 2nd alternative with logarithm can be used, when your z = 0 (mentioned in Equation 25 in ""According to Arbamowitz and Stegun or arccoth needn't be uncouth"" by R.M. Corless, D.J. Jeffrey, S.M. Watt).";(- I infinity, - I ), ( I, I infinity );arctan(1/($0)) || I/2*ln(($0-I)/($0+I) );https://www.maplesoft.com/support/help/maple/view.aspx?path=invtrig
;;;;;
\asinh@@{z};arcsinh($0);;;;https://www.maplesoft.com/support/help/maple/view.aspx?path=arcsinh
\acosh@@{z};arccosh($0);;;;https://www.maplesoft.com/support/help/maple/view.aspx?path=arccosh
\atanh@@{z};arctanh($0);;;;https://www.maplesoft.com/support/help/maple/view.aspx?path=arctanh
\asech@@{z};arcsech($0);;;;https://www.maplesoft.com/support/help/maple/view.aspx?path=arcsech
\acsch@@{z};arccsch($0);;;;https://www.maplesoft.com/support/help/maple/view.aspx?path=arccsch
\acoth@@{z};arccoth($0);;;;https://www.maplesoft.com/support/help/maple/view.aspx?path=arccoth
;;;;;
\ln@@{z};ln($0);;;;https://www.maplesoft.com/support/help/maple/view.aspx?path=ln
\log@@{z};log($0);Without a given base, ln equals log.;;;https://www.maplesoft.com/support/help/maple/view.aspx?path=log
\logb{a}@@{z};log[$0]($1);;;;https://www.maplesoft.com/support/help/maple/view.aspx?path=log
;;;;;
\exp@@{z};exp($0);;;;https://www.maplesoft.com/support/help/maple/view.aspx?path=exp
;;;;;
\LambertW@{x};LambertW($0);Maple's LambertW function only provides the principle branch of the Lambert W-function. Maple allows imaginary variables as well and to calculate other branches, you can call LambertW(k,z) instead.;;;https://www.maplesoft.com/support/help/maple/view.aspx?path=LambertW
\LambertWp@{x};LambertW($0);LambertW calculates only the principle branch. Maple also allows imaginary variables. In that case the LambertW function has a branch cut.;( -\inf, -1/e );;https://www.maplesoft.com/support/help/maple/view.aspx?path=LambertW
\LambertWm@{x};Re(LambertW(-1,$0));LambertW provides different branches by the first argument. Based on the DLMF-definition, it is only the real part of the general LambertW function. It also provides imaginary variables but it has a branch cut than.;( -\inf, 0 );;https://www.maplesoft.com/support/help/maple/view.aspx?path=LambertW
;;;;;
\SinInt@{z};Si($0);;;;https://www.maplesoft.com/support/help/maple/view.aspx?path=Si
\sinInt@{z};Ssi($0);;;;https://www.maplesoft.com/support/help/maple/view.aspx?path=Ssi
\CosInt@{z};Ci($0);;;;https://www.maplesoft.com/support/help/maple/view.aspx?path=Ci
\CosIntCin@{z};;There is no definition in Maple but you can translate the function by the alternative version.;;int((1-cos(t))/t, t = 0 .. $0);not defined
\SinhInt@{z};Shi($0);;;;https://www.maplesoft.com/support/help/maple/view.aspx?path=Shi
\CoshInt@{z};Chi($0);;;;https://www.maplesoft.com/support/help/maple/view.aspx?path=Chi
;;;;;
\Gudermannian@@{x};;There is no definition in Maple but you can translate the function by the alternative version.;;int(sech(t), t = 0 .. $0);not defined
\arcGudermannian@@{x};;There is no definition in Maple but you can translate the function by the alternative version.;;int(sec(t), t = 0 .. $0);not defined
;;;;;
\ExpInti@{x};Ei($0);;;;https://www.maplesoft.com/support/help/maple/view.aspx?path=Ei
\ExpInt@{x};Ei($0);;;;https://www.maplesoft.com/support/help/maple/view.aspx?path=Ei
\ExpIntEin@{z};;There is no definition in Maple but you can translate the function by the alternative version.;;Ei($0)+ln($0)+gamma;not defined
\ExpIntn{p}@{z};Ei($0, $1);;;;https://www.maplesoft.com/support/help/maple/view.aspx?path=Ei
\LogInt@{x};Li($0);;;;https://www.maplesoft.com/support/help/maple/view.aspx?path=Li
\Dilogarithm@{z};dilog($0);;;;https://www.maplesoft.com/support/help/maple/view.aspx?path=dilog
\Polylogarithm{s}@{z};polylog($0, $1);;;;https://www.maplesoft.com/support/help/maple/view.aspx?path=polylog
\JonquierePhi@{z}{s};polylog($1, $0);;;;https://www.maplesoft.com/support/help/maple/view.aspx?path=polylog
;;;;;
\StieltjesConstants{n};gamma($0);;;;http://www.maplesoft.com/support/help/Maple/view.aspx?path=initialconstants
;;;;;
\Matrix{A};Matrix([[],[]]);;;;http://www.maplesoft.com/support/help/Maple/view.aspx?path=Matrix
\Vector{a};Vector([a_1, .., a_n]);;;;http://www.maplesoft.com/support/help/Maple/view.aspx?path=Vector
\trace \Matrix{X};Trace(X);Maple needs an extra package. Load it with the following commant: with(LinearAlgebra):;;;https://www.maplesoft.com/support/help/Maple/view.aspx?path=LinearAlgebra/Trace
\transpose \Matrix{X};Transpose(X);Maple needs an extra package. Load it with the following commant: with(LinearAlgebra):;;;https://www.maplesoft.com/support/help/Maple/view.aspx?path=LinearAlgebra/Transpose
\exptrace@{\Matrix{X}};exp(Trace(X));Maple needs an extra package. Load it with the following commant: with(LinearAlgebra):;;;https://www.maplesoft.com/support/help/Maple/view.aspx?path=LinearAlgebra/Trace
\det A;Determinant(A);Maple needs an extra package. Load it with the following commant: with(LinearAlgebra):;;;https://www.maplesoft.com/support/help/Maple/view.aspx?path=LinearAlgebra/Determinant
;;;;;
\ph@@{z};argument($0);;;;http://www.maplesoft.com/support/help/maple/view.aspx?path=argument
\conj{z};conjugate($0);;;;https://www.maplesoft.com/support/help/maple/view.aspx?path=conjugate
\realpart{z};Re($0);;;;https://www.maplesoft.com/support/help/maple/view.aspx?path=Re
\imagpart{z};Im($0);;;;https://www.maplesoft.com/support/help/maple/view.aspx?path=Im
\sqrt{z};sqrt($0);You can use the csgn function, which is specialized for imaginary variables.;;csgn($0);https://www.maplesoft.com/support/help/maple/view.aspx?path=sqrt
\sqrt[p]{z};surd($1, $0);;;;https://www.maplesoft.com/support/help/maple/view.aspx?path=surd
\binom{m}{n};binomial($0, $1);;;;https://www.maplesoft.com/support/help/maple/view.aspx?path=binomial
\binomial{m}{n};binomial($0, $1);;;;https://www.maplesoft.com/support/help/maple/view.aspx?path=binomial
\multinomial{m}{n_1,...,n_k};multinomial($0, $1);Maple needs an extra package. Load it with the following commant: with(combinat,multinomial):;;;https://www.maplesoft.com/support/help/Maple/view.aspx?path=combinat/multinomial
\pgcd{m,n};gcd($0);;;;https://www.maplesoft.com/support/help/Maple/view.aspx?path=gcd
;;;;;
\f{f}@{x};$0($1);;;;not defined
\ifrac{a}{b};($0)/($1);;;;not defined
\power{x}{y};($0)^($1);;;;not defined
\psfactorial{a}{\kappa};;;;;not defined
\floor{x} ;floor($0);;;;https://www.maplesoft.com/support/help/maple/view.aspx?path=floor
\ceiling{x};ceil($0);Maple allows a second parameter like ceil(n,x).;;;https://www.maplesoft.com/support/help/maple/view.aspx?path=ceil
\sign@@{x};signum($0);;;;https://www.maplesoft.com/support/help/maple/view.aspx?path=signum
\inf;;;;;not defined
\sup;;;;;not defined
\Sum{n}{k1}{k2}@{f(n)};sum($3), $0 = $1 .. $2);;;;https://www.maplesoft.com/support/help/Maple/view.aspx?path=sum
\Prod{n}{k1}{k2}@{f(n)};product($3, $0 = $1 .. $2);;;;https://www.maplesoft.com/support/help/Maple/view.aspx?path=product
\Wronskian@{w1(z),w2(z)};;;;;not defined
\Residue;;;;;not defined
\card{A};numelems(A);;;;https://www.maplesoft.com/support/help/maple/view.aspx?path=numelems
\cartprod;;;;;not defined
\divides;;;;;not defined
\liminf;;;;;not defined
;;;;;
\opminus;(-1);;;;not defined
\poly{p}{n}@{x};;;;;not defined
\CompositionsC[m]@{n};numbcomp($1, $0);Maple needs an extra package. Load it with the following commant: with(combinat, numbcomp);;;http://www.maplesoft.com/support/help/Maple/view.aspx?path=combinat%2Fnumbcomp
\Distribution{f}{g};;;;;not defined
\Lattice{L};;;;;not defined
\fDiff[x];;;;;not defined
\bDiff[x];;;;;not defined
\cDiff[x];;;;;not defined
\deriv{f}{x};diff($0, $1);;;;http://www.maplesoft.com/support/help/Maple/view.aspx?path=diff
\pderiv{f}{x};diff($0, $1);;;;http://www.maplesoft.com/support/help/Maple/view.aspx?path=diff
\diff{x};;;;;not defined
\pdiff{x};;;;;not defined
\AntiDer@{x}{f(x)};int($1, $0);;;;http://www.maplesoft.com/support/help/Maple/view.aspx?path=int
\Int{a}{b}@{x}{f(x)};int($3, $2 = $0 .. $1);;;;http://www.maplesoft.com/support/help/Maple/view.aspx?path=int
\int;;;;;http://www.maplesoft.com/support/help/Maple/view.aspx?path=int
\pvint_{a}^{b} \f{f}@{x} \diff{x};int(f(x), x = a .. b, 'CauchyPrincipalValue');difficult to understand for parser;;;https://www.maplesoft.com/support/help/Maple/view.aspx?path=int/details
\Schwarzian{z}{\zeta};;;;;not defined
\Complex;;;;;not defined
\Real;;;;;not defined
\Rational;;;;;not defined
\Integer;;;;;not defined
\NatNumber;;;;;not defined
\Continuous@{A};;;;;not defined
\SpaceTestFunTempered@{A};;;;;not defined
;union;;;;https://www.maplesoft.com/support/help/Maple/view.aspx?path=union
;intersect;;;;https://www.maplesoft.com/support/help/Maple/view.aspx?path=intersect
\setminus;minus;;;;https://www.maplesoft.com/support/help/Maple/view.aspx?path=minus
\subseteq;subset;;;;https://www.maplesoft.com/support/help/Maple/view.aspx?path=subset
\subset;;;;;not defined
\setmod;;;;;not defined
\PartitionsP{n};numelems(partition($0));Maple needs an extra package. Load it with the following commant: with(combinat,partition);;;https://www.maplesoft.com/support/help/Maple/view.aspx?path=combinat/partition
\PartitionsP[k]@{n};;;;;not defined
\Permutations{n};permute($0);Maple needs an extra package. Load it with the following commant: with(combinat);;;http://www.maplesoft.com/support/help/Maple/view.aspx?path=combinat/permute
\PlanePartitionsPP@{n};;;;;not defined
\RestrictedPartitionsP[k]@{\mathrm{condition}}{n};;;;;not defined
\RestrictedCompositionsC@{\mathrm{condition}}{n};;;;;not defined
\BigO@{x};;;;;not defined
\littleo@{x};;;;;not defined
\sim;;;;;not defined
;;;;;
;;;;;
;;;;;
\AiryAi@{z};AiryAi($0);Maple also supports the derivatives with AiryAi(n, z) and AiryBi(n, z);;;https://www.maplesoft.com/support/help/maple/view.aspx?path=Airy
\AiryBi@{z};AiryBi($0);Maple also supports the derivatives with AiryAi(n, z) and AiryBi(n, z);;;https://www.maplesoft.com/support/help/maple/view.aspx?path=Airy
\AiryModulusM@{z};;Maple has no extra function for this macro but you can use the alternative translation, based on the DLMF definition.;;sqrt(AiryAi($0)^2+AiryBi($0)^2);not defined
\AiryModulusN@{z};;Maple has no extra function for this macro but you can use the alternative translation, based on the DLMF definition.;;sqrt(AiryAi(1, $0)^2+AiryBi(1, $0)^2);not defined
\AiryPhasePhi@{z};;Maple has no extra function for this macro but you can use the alternative translation, based on the DLMF definition.;;arctan(AiryAi(1, $0)/AiryBi(1, $0));not defined
\AiryPhaseTheta@{z};;Maple has no extra function for this macro but you can use the alternative translation, based on the DLMF definition.;;arctan(AiryAi($0)/AiryBi($0));not defined
\ODEgenAiryA{n}@{z};;;;;not defined
\ODEgenAiryB{n}@{z};;;;;not defined
\IntgenAiryA{k}@{z}{p};;;;;not defined
\IntgenAiryB{k}@{z}{p};;;;;not defined
\ZeroAiryAi{k};;;;;not defined
\ZeroAiryAiPrime{k};;;;;not defined
\ZeroAiryBi{k};;;;;not defined
\ZeroAiryBiPrime{k};;;;;not defined
\ComplexZeroAiryBi{k};;;;;not defined
\ComplexZeroAiryBiPrime{k};;;;;not defined
;;;;;
\AngerJ{v}@{x};AngerJ($0, $1);;;;https://www.maplesoft.com/support/help/maple/view.aspx?path=AngerJ
\WeberE{v}@{x};WeberE($0, $1);;;;https://www.maplesoft.com/support/help/maple/view.aspx?path=AngerJ
\AngerA{v}@{x};;;;;not defined
;;;;;
\AppellFi@{\alpha}{\beta}{\beta'}{\gamma}{x}{y};;;;;not defined
\AppellFii@{\alpha}{\beta}{\beta'}{\gamma}{\gamma'}{x}{y};;;;;not defined
\AppellFiii@{\alpha}{\alpha'}{\beta}{\beta'}{\gamma}{x}{y};;;;;not defined
\AppellFiv@{\alpha}{\beta}{\gamma}{\gamma'}{x}{y};;;;;not defined
;;;;;
\BesselJ{v}@{x};BesselJ($0, $1);;;;https://www.maplesoft.com/support/help/maple/view.aspx?path=Bessel
\BesselY{v}@{x};BesselY($0, $1);;;;https://www.maplesoft.com/support/help/maple/view.aspx?path=Bessel
\HankelHi{v}@{x};HankelH1($0, $1);;;;https://www.maplesoft.com/support/help/maple/view.aspx?path=Bessel
\HankelHii{v}@{x};HankelH2($0, $1);;;;https://www.maplesoft.com/support/help/maple/view.aspx?path=Bessel
\BesselModulusM{\nu}@{x};;;;;not defined
\BesselModulusN{\nu}@{x};;;;;not defined
\BesselPhaseTheta{\nu}@{x};;;;;not defined
\BesselPhasePhi{\nu}@{x};;;;;not defined
\ZeroBesselJ{\nu}{m};;;;;not defined
\ZeroBesselJPrime{\nu}{m};;;;;not defined
\ZeroBesselY{\nu}{m};;;;;not defined
\ZeroBesselYPrime{\nu}{m};;;;;not defined
\BesselJtilde{\nu}@{x};;Maple has no extra function for this macro but you can use the alternative translation, based on the DLMF definition.;;sech((1/2)*Pi*($0))*Re(BesselJ(I*($0), $1));not defined
\BesselYtilde{\nu}@{x};;Maple has no extra function for this macro but you can use the alternative translation, based on the DLMF definition.;;sech((1/2)*Pi*($0))*Re(BesselY(I*($0), $1));not defined
\BesselI{v}@{x};BesselI($0, $1);;;;https://www.maplesoft.com/support/help/maple/view.aspx?path=Bessel
\BesselK{v}@{x};BesselK($0, $1);;;;https://www.maplesoft.com/support/help/maple/view.aspx?path=Bessel
\ModCylinder{\nu}@{z};;;;;not defined
\BesselItilde{\nu}@{x};;Maple has no extra function for this macro but you can use the alternative translation, based on the DLMF definition.;;Re(BesselI(I*($0), $1));not defined
\BesselKtilde{\nu}@{x};;Maple has no extra function for this macro but you can use the alternative translation, based on the DLMF definition.;;BesselK(I*($0), $1);not defined
\GenBesselFun@{\rho}{\beta}{z};;;;;not defined
\MittagLeffler{a}{b}@{z};;;;;not defined
\SphBesselJ{n}@{z};;;;;not defined
\SphBesselY{n}@{z};;;;;not defined
\SphHankelHi{n}@{z};;;;;not defined
\SphHankelHii{n}@{z};;;;;not defined
\SphBesselIi{n}@{z};;;;;not defined
\SphBesselIii{n}@{z};;;;;not defined
\SphBesselK{n}@{z};;;;;not defined
\BesselA{\nu}@{\Matrix{T}};;;;;not defined
\BesselB{\nu}@{\Matrix{T}};;;;;not defined
\JacksonqBesselI{\nu}@{z}{q};;;;;not defined
\JacksonqBesselII{\nu}@{z}{q};;;;;not defined
\JacksonqBesselIII{\nu}@{z}{q};;;;;not defined
;;;;;
\BickleyKi{\alpha}@{x};;;;;not defined
;;;;;
\EulerBeta@{a}{b};Beta($0, $1);;;;https://www.maplesoft.com/support/help/maple/view.aspx?path=Beta
\IncBeta{x}@{a}{b};;Maple has no extra function for this macro but you can use the alternative translation, based on the DLMF definition.;;int(t^($1-1)*(1-t)^($2-1), t = 0 .. $0);not defined
\IncI{x}@{a}{b};;;;;not defined
\mEulerBeta{m}@{a}{b};;;;;not defined
;;;;;
\CanonicInt{K}@{\Vector{x}};;;;;not defined
\CanonicIntU@{\Vector{x}};;;;;not defined
\CanonicIntE@{\Vector{x}};;;;;not defined
\CanonicIntH@{\Vector{x}};;;;;not defined
;;;;;
\CatalanNumber@{n};;;;;not defined
;;;;;
\CuspCat{K}@{t}{\Vector{x}};;;;;not defined
\UmbilicCatE@{s}{t}{\Vector{x}};;;;;not defined
\UmbilicCatH@{s}{t}{\Vector{x}};;;;;not defined
\DiffCat{K}@{\Vector{x}}{k};;;;;not defined
\DiffCatU@{\Vector{x}}{k};;;;;not defined
\DiffCatE@{\Vector{x}}{k};;;;;not defined
\DiffCatH@{\Vector{x}}{k};;;;;not defined
;;;;;
\ChebyshevPsi@{x};;;;;not defined
;;;;;
\CoulombF{L}@{\eta}{\rho};CoulombF($0, $1, $2);Only regular solution is supported by Maple ;;;https://www.maplesoft.com/support/help/maple/view.aspx?path=CoulombF
\Coulombf@{\epsilon}{\ell}{r};;;;;not defined
\Coulombc@{\epsilon}{\ell}{r};;;;;not defined
\Coulombs@{\epsilon}{\ell}{r};;;;;not defined
\Coulombh@{\epsilon}{\ell}{r};;;;;not defined
\CoulombG{\ell}@{\eta}{\rho};;;;;not defined
\CoulombH{\pm}{\ell}@{\eta}{\rho};;;;;not defined
\CoulombC{\ell}@{\eta};;;;;not defined
\CoulombTheta{\ell}@{\eta}{\rho};;;;;not defined
\CoulombSigma{\ell}@{\eta};;;;;not defined
\CoulombM{\ell}@{\eta}{\rho};;;;;not defined
\Coulombrhotp@{\eta}{\ell};;;;;not defined
\Coulombrtp@{\epsilon}{\ell};;;;;not defined
;;;;;
\Cylinder{\nu}@{z};;;;;not defined
\ParabolicU@{a}{z};CylinderU($0, $1);For a=0, this can be computed with BesselK. But this produces branch cut issues;;;https://www.maplesoft.com/support/help/maple/view.aspx?path=CylinderU
\ParabolicUbar@{a}{x};;;;;not defined
\ParabolicV@{a}{z};CylinderV($0, $1);;;;https://www.maplesoft.com/support/help/maple/view.aspx?path=CylinderV
\ParabolicW@{a}{x};;;;;not defined
\WhitD{\nu}@{z};CylinderD($0, $1);CylinderU(a,x) = CylinderD(-a-1/2,x);;;https://www.maplesoft.com/support/help/maple/view.aspx?path=CylinderD
;;;;;
\DawsonsInt@{z};dawson($0);;;;https://www.maplesoft.com/support/help/maple/view.aspx?path=dawson
;;;;;
\DedekindModularEta@{\tau};;;;;not defined
;;;;;
\Diracdelta@{x-a};Dirac($0);;;;https://www.maplesoft.com/support/help/maple/view.aspx?path=Dirac
\deltaDistribution;;;;;not defined
;;;;;
\DirichletL@{s}{\chi};;;;;not defined
\DirichletCharacter@@{n}{k};;;;;not defined
;;;;;
\DiscriminantDelta@{\tau};;;;;not defined
;;;;;
\NumPrimeDivNu@{n};ifactor($0);;;;https://www.maplesoft.com/support/help/Maple/view.aspx?path=ifactor
\NumPrimesLessPi@{x};;;;;not defined
\DivisorFunctionD[k]@{n};;;;;not defined
\DivisorFunctionD@{n};numelems(divisors($0));Maple needs an extra package. with(numtheory) and since Maplesoft 2016 with(NumberTheory);;;http://www.maplesoft.com/support/help/Maple/view.aspx?path=numtheory/divisors%28deprecated%29
\DivisorSigma{\alpha}@{n};;;;;not defined
\DivisorSigma{1}@{n};add(divisors($0));Maple needs an extra package. with(numtheory) and since Maplesoft 2016 with(NumberTheory);;;http://www.maplesoft.com/support/help/Maple/view.aspx?path=numtheory/divisors%28deprecated%29
\JordanJ{k}@{n};;;;;not defined
\MoebiusMu@{n};;;;;not defined
\LiouvilleLambda@{n};;;;;not defined
\MangoldtLambda@{n};;;;;not defined
;;;;;
\EllIntcel@{k_c}{p}{a}{b};;;;;not defined
\EllIntelone@{x}{k_c};;;;;not defined
\EllInteltwo@{x}{k_c}{a}{b};;;;;not defined
\EllIntelthree@{x}{k_c}{p};;\EllIntRC@@{x}{y} = \EllIntRF@@{x}{y}{y};;;not defined
\EllIntR{-a}@{\Vector{b}}{\Vector{z}};;;;;not defined
\EllIntRF@@{x}{y}{z};;;;;not defined
\EllIntRJ@@{x}{y}{z}{p};;;;;not defined
\EllIntRG@@{x}{y}{z};;;;;not defined
\EllIntRD@@{x}{y}{z};;;;;not defined
\EllIntRC@@{x}{y};;;;;not defined
;;;;;
\EulerSumH@{s};;;;;not defined
\GenEulerSumH@{s}{z};;;;;not defined
\EulerPhi@{x};;Maple has no extra function for this macro but you can use the alternative translation, based on the DLMF definition.;;product(1-($0)^k, k = 1 .. infinity);not defined
\EulerGamma@{z};GAMMA($0);;;;https://www.maplesoft.com/support/help/maple/view.aspx?path=GAMMA
\EulerTotientPhi[k]@{n};;Maple has no extra function for this macro. But if k = 0, you can use phi(n) function. This funcion needs an extra package. For Maple 2016 use with(NumberTheory): otherwise use with(numtheory):;;phi($0);http://www.maplesoft.com/support/help/Maple/view.aspx?path=numtheory/phi%28deprecated%29
\EulerianNumber{n}{k};;;;;not defined
;;;;;
\erf@@{z};erf($0);Maple has a special function for imaginary variables called erfi(). The rule is: erfi(x) = -I*erf(I*x);;;https://www.maplesoft.com/support/help/maple/view.aspx?path=erf
\erfc@@{z};erfc($0);;;;https://www.maplesoft.com/support/help/maple/view.aspx?path=erfc
\erfw@{z};;Maple has no extra function for this macro but you can use the alternative translation, based on the DLMF definition.;;exp(-($0)^2)*erfc(-I*($0));not defined
\inverf@@{x};;;;;not defined
\inverfc@@{x};;;;;not defined
\RepInterfc{n}@{z};erfc($0, $1);;;;https://www.maplesoft.com/support/help/maple/view.aspx?path=erfc
\FishersHh{n}@{z};;;;;not defined
;;;;;
\FibonacciNumber{n};;;;;not defined
;;;;;
\FresnelF@{z};;;;;not defined
\FresnelCos@{z};FresnelC($0);;;;https://www.maplesoft.com/support/help/maple/view.aspx?path=FresnelC
\FresnelSin@{z};FresnelS($0);;;;https://www.maplesoft.com/support/help/maple/view.aspx?path=FresnelS
\Fresnelf@{z} ;Fresnelf($0);;;;https://www.maplesoft.com/support/help/maple/view.aspx?path=Fresnelf
\Fresnelg@{z};Fresnelg($0);;;;https://www.maplesoft.com/support/help/maple/view.aspx?path=Fresnelg
;;;;;
\EulerGamma@{z};GAMMA($0);;;;https://www.maplesoft.com/support/help/maple/view.aspx?path=GAMMA
\incgamma@{a}{z};;Maple has no extra function for this macro but you can use the alternative translation, based on the DLMF definition.;;GAMMA($0)-GAMMA($0, $1);https://www.maplesoft.com/support/help/maple/view.aspx?path=GAMMA
\IncGamma@{a}{z};GAMMA($0, $1);;;;https://www.maplesoft.com/support/help/maple/view.aspx?path=GAMMA
\ln@@{\EulerGamma@{z}};lnGAMMA($1);Equivalent for Re(z) >= 0 (for Re(z) < 0, Maple evaluates only the principal branch, which is defined by the analytic continuation from the positive real axis);;;https://www.maplesoft.com/support/help/maple/view.aspx?path=lnGAMMA
\digamma@{z};Psi($0);;;;https://www.maplesoft.com/support/help/maple/view.aspx?path=Psi
\polygamma{n}@{z};Psi($0, $1);Maple also allows complex n (and negative integer values);;;https://www.maplesoft.com/support/help/maple/view.aspx?path=Psi
\BarnesGamma@{z};;;;;not defined
\GammaP@{a}{z};;Maple has no extra function for this macro but you can use the alternative translation, based on the DLMF definition.;;(GAMMA($0)-GAMMA($0, $1))/GAMMA($0);not defined
\GammaQ@{a}{z};;Maple has no extra function for this macro but you can use the alternative translation, based on the DLMF definition.;;GAMMA($0, $1)/GAMMA($0);not defined
\incgammastar@{a}{z};;Maple has no extra function for this macro but you can use the alternative translation, based on the DLMF definition.;;($1)^(-($0))*(GAMMA($0)-GAMMA($0, $1))/GAMMA($0);not defined
\mEulerGamma{m}@{a};;;;;not defined
;;;;;
\AGM@{a}{g};GaussAGM($0, $1);;;;https://www.maplesoft.com/support/help/maple/view.aspx?path=GaussAGM
\GaussSum@{n}{\DirichletCharacter};;;;;not defined
;;;;;
\GoodStat@{z};;;;;not defined
;;;;;
\HarmonicNumber{n};harmonic($0);Maple allow imaginary variables as well.;;;https://www.maplesoft.com/support/help/maple/view.aspx?path=harmonic
\SphericalHarmonicY{l}{m}@{\theta}{\phi};SphericalY($0, $1, $2, $3);;;;https://www.maplesoft.com/support/help/maple/view.aspx?path=SphericalY
\SurfaceHarmonicY{l}{m}@{\theta}{\phi};;;;;not defined
;;;;;
\HeavisideH@{x};Heaviside($0);Heaviside(0) is undefined in Maple (but 0 in DLMF).;;;https://www.maplesoft.com/support/help/maple/view.aspx?path=Heaviside
;;;;;
\HeunLocal@@{a}{q}{\alpha}{\beta}{\gamma}{\delta}{z};HeunG(a, q, alpha, beta, gamma, delta, z);Based on the differential equation on DLMF, Maple assumes w'(0) = q/(gamma*a) for the general solution HeunG(...).;;;https://www.maplesoft.com/support/help/maple/view.aspx?path=HeunG
;HeunC(alpha, beta, gamma, delta, eta, z);DLFM defines the confluent versions as well;;;https://www.maplesoft.com/support/help/maple/view.aspx?path=HeunC
;HeunB(alpha, beta, gamma, delta, z);but in a different way then Maple does;;;https://www.maplesoft.com/support/help/maple/view.aspx?path=HeunB
;HeunD(alpha, beta, gamma, delta, z);;;;https://www.maplesoft.com/support/help/maple/view.aspx?path=HeunD
;HeunT(alpha, beta, gamma, z);;;;https://www.maplesoft.com/support/help/maple/view.aspx?path=HeunT
\HeunFunction{m}{a}{b}@@{a}{q}{\alpha}{\beta}{\gamma}{\delta}{z};;;;;not defined
;;;;;
\HypergeoF@@@{a}{b}{c}{z};hypergeom([a, b], [c], z);;;;https://www.maplesoft.com/support/help/maple/view.aspx?path=hypergeom
\HyperboldpFq{2}{1}@{a,b}{c}{z};hypergeom([a, b], [c], z);;;;https://www.maplesoft.com/support/help/maple/view.aspx?path=hypergeom
\HyperpFq{p}{q}@@@{a_1,...,a_p}{b_1,...,b_q}{z};"hypergeom([a_1 .. a_p], 
[b_1 .. b_q], z)";Maple extract p and q from the lists of a_n and b_n;;;https://www.maplesoft.com/support/help/maple/view.aspx?path=hypergeom
\HyperpHq{p}{q}@@@{a_1,...,a_p}{b_1,...,b_q}{z};;;;;not defined
\HypergeoboldF@@@{a}{b}{c}{z};hypergeom([a,b], [c], z)/GAMMA(c);;;;not defined
"\HyperboldpFq{p}{q}@@
{\Vector{a}}{\Vector{b}}{z}";hypergeom([a_1 .. a_p], [b_1 .. b_q], z)/(GAMMA(b_1)*..*GAMMA(b_q));Vector problem;;;not defined
\KummerM@{a}{b}{z};KummerM(a,b,z);;;;https://www.maplesoft.com/support/help/maple/view.aspx?path=KummerK
\KummerU@{a}{b}{z};KummerU(a,b,z);;;;https://www.maplesoft.com/support/help/maple/view.aspx?path=KummerU
\KummerboldM@{a}{b}{z};KummerM(a, b, z)/GAMMA(b);;;;not defined
\HyperPsi@{a}{b}{\Matrix{T}};;Matrix problem;;;not defined
\LauricellaFD@{a}{b_1,...,b_n}{c}{z_1,...,z_n};;"see also ""Multivariate hypergeometric function"" under ""Elliptic Integrals""";;;not defined
\RiemannP@{\begin{Bmatrix} \alpha & \beta &\gamma & \\ a_1 & b_1 & c_1 & z \\ a_2 & b_2 & c_2 & \end{Bmatrix}};;;;;not defined
;;;;;
\idem@{\chi_1}{\chi_1,...,\chi_n};;;;;not defined
;;;;;
\Jacobiphi{\alpha}{\beta}{\lambda}@{t};hypergeom([(alpha+beta+1-I*lambda)/2, (alpha+beta+1+I*lambda)], [alpha+1], -sinh(t)^2);;;;not defined
\AbstractJacobi{p}{q};1/JacobiQP;Should not translated maybe;;;not defined
\Jacobiam@{z}{k};JacobiAM(z,k);;;;https://www.maplesoft.com/support/help/maple/view.aspx?path=JacobiAM
;InverseJacobiAM(z,k);;;;https://www.maplesoft.com/support/help/maple/view.aspx?path=InverseJacobiAM
\Jacobisn@@{z}{k};JacobiSN(z,k);;;;https://www.maplesoft.com/support/help/maple/view.aspx?path=JacobiSN
\Jacobicn@@{z}{k};JacobiCN(z,k);;;;https://www.maplesoft.com/support/help/maple/view.aspx?path=JacobiCN
\Jacobidn@@{z}{k};JacobiDN(z,k);;;;https://www.maplesoft.com/support/help/maple/view.aspx?path=JacobiDN
\Jacobisd@@{z}{k};JacobiSD(z,k);;;;https://www.maplesoft.com/support/help/maple/view.aspx?path=JacobiSD
\Jacobicd@@{z}{k};JacobiCD(z,k);;;;https://www.maplesoft.com/support/help/maple/view.aspx?path=JacobiCD
\Jacobisc@@{z}{k};JacobiSC(z,k);;;;https://www.maplesoft.com/support/help/maple/view.aspx?path=JacobiSC
\Jacobins@@{z}{k};JacobiNS(z, k);;;;https://www.maplesoft.com/support/help/maple/view.aspx?path=JacobiAM
\Jacobinc@@{z}{k};JacobiNC(z, k);;;;https://www.maplesoft.com/support/help/maple/view.aspx?path=JacobiAM
\Jacobind@@{z}{k};JacobiND(z, k);;;;https://www.maplesoft.com/support/help/maple/view.aspx?path=JacobiAM
\Jacobids@@{z}{k};JacobiDS(z, k);;;;https://www.maplesoft.com/support/help/maple/view.aspx?path=JacobiAM
\Jacobidc@@{z}{k};JacobiDC(z, k);;;;https://www.maplesoft.com/support/help/maple/view.aspx?path=JacobiAM
\Jacobics@@{z}{k};JacobiCS(z, k);;;;https://www.maplesoft.com/support/help/maple/view.aspx?path=JacobiAM
\arcJacobisn@@{z}{k};InverseJacobiSN(z,k);;;;https://www.maplesoft.com/support/help/maple/view.aspx?path=InverseJacobiAM
\arcJacobicn@@{z}{k};InverseJacobiCN(z,k);;;;https://www.maplesoft.com/support/help/maple/view.aspx?path=InverseJacobiAM
\arcJacobidn@@{z}{k};InverseJacobiDN(z,k);;;;https://www.maplesoft.com/support/help/maple/view.aspx?path=InverseJacobiAM
\arcJacobisd@@{z}{k};InverseJacobiSD(z,k);;;;https://www.maplesoft.com/support/help/maple/view.aspx?path=InverseJacobiAM
\arcJacobicd@@{z}{k};InverseJacobiCD(z,k);;;;https://www.maplesoft.com/support/help/maple/view.aspx?path=InverseJacobiAM
\arcJacobisc@@{z}{k};InverseJacobiSC(z,k);;;;https://www.maplesoft.com/support/help/maple/view.aspx?path=InverseJacobiAM
\arcJacobins@@{z}{k};InverseJacobiNS(z, k);;;;https://www.maplesoft.com/support/help/maple/view.aspx?path=InverseJacobiAM
\arcJacobinc@@{z}{k};InverseJacobiNC(z, k);;;;https://www.maplesoft.com/support/help/maple/view.aspx?path=InverseJacobiAM
\arcJacobind@@{z}{k};InverseJacobiND(z, k);;;;https://www.maplesoft.com/support/help/maple/view.aspx?path=InverseJacobiAM
\arcJacobids@@{z}{k};InverseJacobiDS(z, k);;;;https://www.maplesoft.com/support/help/maple/view.aspx?path=InverseJacobiAM
\arcJacobidc@@{z}{k};InverseJacobiDC(z, k);;;;https://www.maplesoft.com/support/help/maple/view.aspx?path=InverseJacobiAM
\arcJacobics@@{z}{k};InverseJacobiCS(z, k);;;;https://www.maplesoft.com/support/help/maple/view.aspx?path=InverseJacobiAM
\JacobiEpsilon@{x}{k};;;;;not defined
\JacobiTheta{1}@{z}{q};JacobiTheta1(z,q);;;;https://www.maplesoft.com/support/help/maple/view.aspx?path=JacobiTheta1
\JacobiTheta{2}@{z}{q};JacobiTheta2(z,q);;;;https://www.maplesoft.com/support/help/maple/view.aspx?path=JacobiTheta2
\JacobiTheta{3}@{z}{q};JacobiTheta3(z,q);;;;https://www.maplesoft.com/support/help/maple/view.aspx?path=JacobiTheta3
\JacobiTheta{4}@{z}{q};JacobiTheta4(z,q);;;;https://www.maplesoft.com/support/help/maple/view.aspx?path=JacobiTheta4
\JacobiTheta{j}@{z}{q};JacobiThetaj(z,q);Take care of 'j' in JacobiThetaj;;;https://www.maplesoft.com/support/help/maple/view.aspx?path=JacobiTheta1
\JacobiThetaTau{j}@{z}{\tau};JacobiThetaj(z,exp(I*Pi*tau));Im(tau) > 0 and 0 < |exp(I*Pi*tau)| < 1;;;https://www.maplesoft.com/support/help/maple/view.aspx?path=JacobiTheta1
\JacobiThetaCombined{n}{m}@{z}{q};;;;;not defined
\AThetaFunction@{x};1+2*(sum(x^(m^2), m = 1 .. infinity));;;;not defined
\JacobiZeta@{x}{k};JacobiZeta(z,k);;;;https://www.maplesoft.com/support/help/maple/view.aspx?path=JacobiZeta
\JacobiSymbol{n}{P};;;;;not defined
;;;;;
\Kelvinber{\nu}@@{x};KelvinBer(nu, x);;;;https://www.maplesoft.com/support/help/maple/view.aspx?path=KelvinBer
\Kelvinbei{\nu}@@{x};KelvinBei(nu, x);;;;https://www.maplesoft.com/support/help/maple/view.aspx?path=KelvinBei
\Kelvinker{\nu}@@{x};KelvinKer(nu, x);;;;https://www.maplesoft.com/support/help/maple/view.aspx?path=KelvinKer
\Kelvinkei{\nu}@@{x};KelvinKei(nu, x);;;;https://www.maplesoft.com/support/help/maple/view.aspx?path=KelvinKei
\frac{1}{2}\HankelHi{\nu}@{x\left(-\frac{1}{2}\sqrt{2}+\frac{1}{2}\iunit\sqrt{2}\right)} + \frac{1}{2}\HankelHii{\nu}@{x\left(-\frac{1}{2}\sqrt{2}-\frac{1}{2}\iunit\sqrt{2}\right)};KelvinHer(nu, x);;;;https://www.maplesoft.com/support/help/maple/view.aspx?path=KelvinHer
\frac{1}{2}\iunit\left(\HankelHii{\nu}@{x\left(-\frac{1}{2}\sqrt{2}-\frac{1}{2}\iunit\sqrt{2}\right)} - \HankelHi{\nu}@{x\left(-\frac{1}{2}\sqrt{2}+\frac{1}{2}\iunit\sqrt{2}\right)}\right);KelvinHei(nu, x);;;;https://www.maplesoft.com/support/help/maple/view.aspx?path=KelvinHei
;;;;;
\LameEc{m}{\nu}@{z}{k^2};;;;;not defined
\LameEs{m}{\nu}@{z}{k^2};;;;;not defined
\Lamea{n}{\nu}@{k^2};;;;;not defined
\Lameb{n}{\nu}@{k^2};;;;;not defined
;;;;;
\FerrersP[\mu]{\nu}@{z};;;;;not defined
\FerrersQ[\mu]{\nu}@{z};;;;;not defined
\LegendreP[\mu]{\nu}@{z};LegendreP(nu, mu, z);Different order in parameters, 1 < z;;;https://www.maplesoft.com/support/help/maple/view.aspx?path=LegendreP
\LegendreQ[\mu]{\nu}@{z};LegendreQ(nu, mu, z);Different order in parameters, 1 < z;;;https://www.maplesoft.com/support/help/maple/view.aspx?path=LegendreQ
\LegendreBlackQ[\mu]{\nu}@{z};;;;;not defined
\FerrersHatQ[-\mu]{-\frac{1}{2}+i\tau}@{x};;;;;not defined
;;;;;
\EllIntF@{\phi}{k};EllipticF(sin(phi),k);Maple first argument is the sine of the amplitude! In DLMF it is the amplitude itself;;;https://www.maplesoft.com/support/help/maple/view.aspx?path=EllipticF
\EllIntE@{\phi}{k};EllipticE(sin(phi),k);See above;;;https://www.maplesoft.com/support/help/maple/view.aspx?path=EllipticE
\EllIntPi@{\phi}{\alpha^2}{k};EllipticPi(sin(phi), alpha^2, k);See above;;;https://www.maplesoft.com/support/help/maple/view.aspx?path=EllipticPi
\EllIntD@{\phi}{k};(EllipticF(sin(phi),k) - EllipticE(sin(phi),k))/k^2;See above;;;not defined
\CompEllIntK@{k};EllipticK(k);In Maple K(k) = F(1,k), because all other Elliptics are defined with the SINE of the amplitude;;;https://www.maplesoft.com/support/help/maple/view.aspx?path=EllipticK
\CompEllIntE@{k};EllipticE(k);In Maple E(k) = E(1,k);;;https://www.maplesoft.com/support/help/maple/view.aspx?path=EllipticE
\CompEllIntPi@{\alpha^2}{k};EllipticPi(alpha^2, k);In Maple Pi(nu, k) = Pi(1, nu, k);;;https://www.maplesoft.com/support/help/maple/view.aspx?path=EllipticPi
\CompEllIntD@{k};(EllipticK(k) - EllipticE(k)) / k^2;This translation assumes the sine of the amplitude. So D(k) = D(1,k);;;not defined
\CompEllIntCK@{k};EllipticCK(k);;;;https://www.maplesoft.com/support/help/maple/view.aspx?path=EllipticCK
\CompEllIntCE@{k};EllipticCE(k);;;;https://www.maplesoft.com/support/help/maple/view.aspx?path=EllipticCE
;;;;;
\LerchPhi@{z}{s}{a};LerchPhi(z, s, a);;;;https://www.maplesoft.com/support/help/maple/view.aspx?path=LerchPhi
;;;;;
\Lommels{\mu}{\nu}@{z};LommelS1(mu, nu, z);;;;https://www.maplesoft.com/support/help/maple/view.aspx?path=LommelS1
\LommelS{\mu}{\nu}@{z};LommelS2(mu, nu, z);;;;https://www.maplesoft.com/support/help/maple/view.aspx?path=LommelS2
;;;;;
;MathieuC(a, q, x);equal to w_I;;;https://www.maplesoft.com/support/help/maple/view.aspx?path=MathieuC
;MathieuS(a, q, x);equal to w_II;;;https://www.maplesoft.com/support/help/maple/view.aspx?path=MathieuS
;MathieuCPrime(a, q, x);first derivative of w_I with respect to x;;;https://www.maplesoft.com/support/help/maple/view.aspx?path=MathieuCPrime
;MathieuSPrime(a, q, x);first derivative of w_II with respect to x;;;https://www.maplesoft.com/support/help/maple/view.aspx?path=MathieuSPrime
\MathieuEigenvaluea{n}@@{q};MathieuA(n, q);;;;https://www.maplesoft.com/support/help/maple/view.aspx?path=MathieuA
\MathieuEigenvalueb{n}@@{q};MathieuB(n, q);;;;https://www.maplesoft.com/support/help/maple/view.aspx?path=MathieuB
\MathieuEigenvaluelambda{m}@@{q};;;;;not defined
;MathieuExponent(a, q);Inverse of Eigenvalue: MathieuExponent(MathieuA(n,q), q) = n+2k;;;https://www.maplesoft.com/support/help/maple/view.aspx?path=MathieuExponent
\Mathieuce{n}@@{z}{q};MathieuCE(n, q, z);Maple normalizes the values for n=0 (while DLMF doesn't);;;https://www.maplesoft.com/support/help/maple/view.aspx?path=MathieuCE
;MathieuCE(0, q, z)/sqrt(2);We can divide the values by sqrt(2) in Maple to produce equivalent results to DLMF;;;https://www.maplesoft.com/support/help/maple/view.aspx?path=MathieuCE
\Mathieuse{n}@@{z}{q};MathieuSE(n, q, z);;;;https://www.maplesoft.com/support/help/maple/view.aspx?path=MathieuSE
\Mathieume{n}@@{z}{q};;;;;
;MathieuCEPrime(n, q, z);Like MathieuCPrime;;;https://www.maplesoft.com/support/help/maple/view.aspx?path=MathieuCEPrime
;MathieuSEPrime(n, q, z);Like MathieuSPrime;;;https://www.maplesoft.com/support/help/maple/view.aspx?path=MathieuSEPrime
\MathieuCe{\nu}@@{z}{q};;;;;not defined
\MathieuSe{\nu}@@{z}{q};;;;;not defined
\MathieuMe{\nu}@@{z}{q};;;;;not defined
\MathieuFe{n}@@{z}{q};;;;;not defined
\MathieuGe{n}@@{z}{q};;;;;not defined
\MathieuM{j}{\nu}@@{z}{h};;;;;not defined
\MathieuIe{n}@@{z}{h};;;;;not defined
\MathieuIo{n}@@{z}{h};;;;;not defined
\MathieuKe{n}@@{z}{h};;;;;not defined
\MathieuKo{n}@@{z}{h};;;;;not defined
\MathieuMc{j}{n}@@{z}{h};;;;;not defined
\MathieuMs{j}{n}@@{z}{h};;;;;not defined
\Mathieufe{n}@@{z}{q};;;;;not defined
\Mathieuge{n}@@{z}{q};;;;;not defined
\MathieuD{j}@{\nu}{\mu}{z};;;;;not defined
\MathieuDs{j}@{n}{m}{z};;;;;not defined
\MathieuDc{j}@{n}{m}{z};;;;;not defined
\MathieuDsc{j}@{n}{m}{z};;;;;not defined
\MathieuFc{m}@{z}{h};;;;;not defined
\MathieuFs{m}@{z}{h};;;;;not defined
\MathieuGc{m}@{z}{h};;;;;not defined
\MathieuGs{m}@{z}{h};;;;;not defined
;MathieuFloquet(a, q, x);no macro defined;;;https://www.maplesoft.com/support/help/maple/view.aspx?path=MathieuFloquet
;MathieuFloquetPrime(a, q, x);first derivative of floquet with respect to x;;;https://www.maplesoft.com/support/help/maple/view.aspx?path=MathieuFloquetPrime
;;;;;
\MeijerG{m}{n}{p}{q}@@@{z}{\Vector{a}}{\Vector{b}};MeijerG([[a_1, .., a_n],[a_n+1, .., a_p]], [[b_1, .., b_m],[b_m+1, .., b_q]],z);"MeijerG( [[],[]], [[],[]], z )
In this notation, m,n,p,q are not needed for Maple (Maple -> LaTeX translation could be difficult)";;;https://www.maplesoft.com/support/help/maple/view.aspx?path=MeijerG
;;;;;
\Mills@{x};;Maybe with(Statistics): MillsRatio(X,t);;;http://www.maplesoft.com/support/help/Maple/view.aspx?path=Statistics/MillsRatio
;;;;;
\ModularLambda@{\tau};;;;;not defined
\ModularJ@{\tau};;;;;not defined
\DedekindModularEta@{\tau};;;;;not defined
;;;;;
\Pade{p}{q}{f};;;;;not defined
;;;;;
\RamanujanSum{k}@{n};;;;;not defined
\RamanujanTau@{n};;;;;not defined
;;;;;
\RayleighFun{n}@{\nu};;;;;not defined
;;;;;
\RiemannTheta@{\Vector{z}}{\Matrix{\Omega}};RiemannTheta([z_1, .., z_g], Omega);Vector and Matrix;;;https://www.maplesoft.com/support/help/maple/view.aspx?path=RiemannTheta
\RiemannThetaChar{\Vector{\alpha}}{\Vector{\beta}}@{\Vector{z}}{\Matrix{\Omega}};;;;;not defined
\RiemannThetaHat@{\Vector{z}}{\Matrix{\Omega}};;;;;not defined
\RiemannXi@{s};s(s-1)GAMMA(s/2) Pi^(-s/2) Zeta(s)/2;;;;not defined
\RiemannZeta@{s};Zeta(s);;;;https://www.maplesoft.com/support/help/maple/view.aspx?path=Zeta
;;;;;
\ScorerGi@{z};AiryBi(z)*(int(AiryAi(t), t = z .. infinity))+AiryAi(z)*(int(AiryBi(t), t = 0 .. z));;;;not defined
\ScorerHi@{z};AiryBi(z)*(int(AiryAi(t), t = -infinity .. z))-AiryAi(z)*(int(AiryBi(t), t = -infinity .. z));Maple has issues to plot own integrals. Be careful with that;;;not defined
;;;;;
\SpheroidalEigenvalueLambda{m}{n}@{\gamma^2};;;;;not defined
\SpheroidalOnCutPs{m}{n}@{x}{\gamma^2};;;;;not defined
\SpheroidalOnCutQs{m}{n}@{x}{\gamma^2};;;;;not defined
\SpheroidalPs{m}{n}@{z}{\gamma^2};;;;;not defined
\SpheroidalQs{m}{n}@{z}{\gamma^2};;;;;not defined
\SpheroidalRadialS{m}{j}{n}@{z}{\gamma};;;;;not defined
;;;;;
\StirlingS@{n}{k};Stirling1(n,k);;;;https://www.maplesoft.com/support/help/maple/view.aspx?path=Stirling1
\StirlingSS@{n}{k};Stirling2(n,k);;;;https://www.maplesoft.com/support/help/maple/view.aspx?path=Stirling2
;;;;;
\StruveH{\nu}@{z};StruveH(nu,z);;;;https://www.maplesoft.com/support/help/maple/view.aspx?path=StruveH
\StruveK{\nu}@{z};;;;;not defined
\StruveL{\nu}@{z};StruveL(nu,z);;;;https://www.maplesoft.com/support/help/maple/view.aspx?path=StruveL
\StruveM{\nu}@{z};;;;;not defined
;;;;;
\LegendreSymbol{n}{p};legendre(n,p);with(numtheory) since Maplesoft 2016 use with(NumberTheory);;;https://www.maplesoft.com/support/help/Maple/view.aspx?path=numtheory%2Flegendre%28deprecated%29
\Kronecker{j}{k};KroneckerDelta[j,k];with(Physics);;;http://www.maplesoft.com/support/help/Maple/view.aspx?path=Physics/KroneckerDelta
\NeumannFactor{n};2-KroneckerDelta[n,0];with(Physics);;;not defined
\LeviCivita{j}{k}{l};LeviCivita[j,k,l];with(Physics): The number of variables is not defined in Maple. LeviCivita[j,k,l,...];;;https://www.maplesoft.com/support/help/Maple/view.aspx?path=Physics/LeviCivita
\RiemannP@{\begin{Bmatrix} \alpha & \beta &\gamma & \\ a_1 & b_1 & c_1 & z \\ a_2 & b_2 & c_2 & \end{Bmatrix}};;;;;not defined
\pochhammer{a}{n};pochhammer(a, n);;;;https://www.maplesoft.com/support/help/maple/view.aspx?path=pochhammer
\threej@@{j_1}{j_2}{j_3}{m_1}{m_2}{m_3};;;;;not defined
\sixj@@{j_{1}}{j_{2}}{j_{3}}{l_{1}}{l_{2}}{l_{3}};;;;;not defined
\ninej@@{j_{11}}{j_{12}}{j_{13}}{j_{21}}{j_{22}}{j_{23}}{j_{31}}{j_{32}}{j_{33}};;;;;not defined
\wigner{j_1}{m_1}{j_2}{m_2}{j_3}{-m_3};;;;;not defined
;;;;;
\terminant{p}@{z};;;;;not defined
\rescaledTerminant{p}@{z};(exp(z)/(2*Pi))*GAMMA(p)*GAMMA(1-p,z);;;;not defined
;;;;;
\FourierTrans@@{f}{s};fourier(f, t, -x)/sqrt(2*Pi);with(inttrans): f is a function with f(t);;;http://www.maplesoft.com/support/help/Maple/view.aspx?path=inttrans/fourier
\LaplaceTrans@{f}{s};laplace(f, t, s);with(inttrans): f is a function with f(t);;;https://www.maplesoft.com/support/help/Maple/view.aspx?path=inttrans/laplace
\MellinTrans@{f}{s};mellin(f, t, s);with(inttrans): f is a function with f(t);;;http://www.maplesoft.com/support/help/Maple/view.aspx?path=inttrans/mellin
\HilbertTrans@{f}{s};hilbert(f, t, s);with(inttrans): f is a function with f(t);;;http://www.maplesoft.com/support/help/Maple/view.aspx?path=inttrans/hilbert
\StieltjesTrans@{f}{s};;;;;not defined
;;;;;
\VariationalOp[a,b]@{f};;;;;not defined
;;;;;
\gradient f;Gradiant(f);with(VectorCalculus):;;;https://www.maplesoft.com/support/help/Maple/view.aspx?path=VectorCalculus/Gradient
\divergence F;Divergence(F);with(VectorCalculus):;;;https://www.maplesoft.com/support/help/Maple/view.aspx?path=VectorCalculus/Divergence
\curl F;Curl(F);with(VectorCalculus):;;;https://www.maplesoft.com/support/help/Maple/view.aspx?path=VectorCalculus/Curl
;;;;;
\VoigtU@{x}{t};;;;;not defined
\VoigtV@{x}{t};;;;;not defined
\LinBrF@{a}{u};;;;;not defined
;;;;;
\Waringg@{k};;;;;not defined
\WaringG@{k};;;;;not defined
\NumSquaresR{k}@{n};;;;;not defined
;;;;;
;Wrightomega(x);variant of Lambert function / Kind of U in DLMF;;;https://www.maplesoft.com/support/help/maple/view.aspx?path=Wrightomega
;unwindK(x);;;;https://www.maplesoft.com/support/help/maple/view.aspx?path=unwindK
;;;;;
\WeierPInv@@{z}{g_2}{g_3};WeierstrassP(z,g_2,g_3);;;;https://www.maplesoft.com/support/help/maple/view.aspx?path=WeierstrassP
\WeierPLat@@{z}{\Lattice{L}};;;;;not defined
;WeierstrassPPrime(z,g_2,g_3);First derivative of WeierstrassP with respect to z;;;https://www.maplesoft.com/support/help/maple/view.aspx?path=WeierstrassPPrime
\WeierzetaInv@@{z}{g_2}{g_3};WeierstrassZeta(z,g_2,g_3);;;;https://www.maplesoft.com/support/help/maple/view.aspx?path=WeierstrassZeta
\WeierzetaLat@@{z}{\Lattice{L}};;;;;not defined
\WeiersigmaInv@@{z}{g_2}{g_3};WeierstrassSigma(z,g_2,g_3);;;;https://www.maplesoft.com/support/help/maple/view.aspx?path=WeierstrassSigma
\WeiersigmaLat@@{z}{\Lattice{L}};;;;;not defined
;;;;;
\WhitM{\kappa}{\mu}@{z};WhittakerM(kappa,mu,z);;;;https://www.maplesoft.com/support/help/maple/view.aspx?path=WhittakerM
\WhitW{\kappa}{\mu}@{z};WhittakerW(kappa,mu,z);;;;https://www.maplesoft.com/support/help/maple/view.aspx?path=WhittakerW
;;;;;
\RiemannZeta@{s};Zeta(s);;;;https://www.maplesoft.com/support/help/maple/view.aspx?path=Zeta
;Zeta(n, s);n-th derivative of Riemann Zeta Function;;;https://www.maplesoft.com/support/help/maple/view.aspx?path=Zeta
\HurwitzZeta@{s}{a};Zeta(0, s, a);;;;https://www.maplesoft.com/support/help/maple/view.aspx?path=Zeta
;Zeta(n, s, a);n-th derivative of Hurwitz Zeta Function;;;https://www.maplesoft.com/support/help/maple/view.aspx?path=Zeta
\WeierzetaInv@@{z}{g_2}{g_3};WeierstrassZeta(z,g_2,g_3);;;;https://www.maplesoft.com/support/help/maple/view.aspx?path=WeierstrassZeta
\WeierzetaLat@@{z}{\Lattice{L}};;;;;not defined
\JacobiZeta@{x}{k};JacobiZeta(z,k);;;;https://www.maplesoft.com/support/help/maple/view.aspx?path=JacobiZeta
\PeriodicZeta@{x}{s};;;;;not defined
;;;;;
;;;;;
;;;;;
DLMF;Maple;Maple-Comment;;;Maple-Link
\AlSalamChiharaQ{n}@{x}{a}{b}{q};;;;;not defined
\AlSalamChihara{n}@@{x}{a}{b}{q};;;;;not defined
\qinvAlSalamChihara{n}@{x}{a}{b}{q^{-1}};;;;;not defined
\AlSalamCarlitzI{a}{n}@{x}{q};;;;;not defined
\AlSalamCarlitzII{a}{n}@{x}{q};;;;;not defined
\AlSalamIsmail{n}@{x}{s}{q};;;;;not defined
;;;;;
\AskeyWilson{n}@{x}{a}{b}{c}{d}{q};;;;;not defined
\AskeyWilsonp{n}@{x}{a}{b}{c}{d}{q};;;;;not defined
;;;;;
\BernoulliB{n}@{0};bernoulli(n);;;;https://www.maplesoft.com/support/help/maple/view.aspx?path=bernoulli
\BernoulliB{n}@{x};bernoulli(n, x);;;;https://www.maplesoft.com/support/help/maple/view.aspx?path=bernoulli
\GenBernoulliB{\ell}{n}@{x};;;;;not defined
\PeriodicBernoulliB{n}@{x};;;;;not defined
\qBernoulli{n}@{x}{q};;;;;not defined
;;;;;
\BellNumber@{n};BellB(n, 1);Alternative is bell(n) in Maple. But it is necessary to import it first: with(combinat, bell);;;https://www.maplesoft.com/support/help/maple/view.aspx?path=BellB
;BellB(n, z);;;;https://www.maplesoft.com/support/help/maple/view.aspx?path=BellB
;IncompleteBellB(n, k, Z);with Z represents set of variables.;;;https://www.maplesoft.com/support/help/maple/view.aspx?path=IncompleteBellB
;CompleteBellB(n, Z);For instance Z := [z_1, z_2, z_3];;;https://www.maplesoft.com/support/help/maple/view.aspx?path=CompleteBellB
;;;;;
\BesselPoly{n}@{x}{a};;;;;not defined
\BesselPolyy{n}@{x}{a};;;;;not defined
\BesselPolyIIparam{n}@{x}{a}{b};;;;;not defined
\BesselPolyTheta{n}@{x}{a}{b};;;;;not defined
;;;;;
\Charlier{n}@{x}{a};;;;;not defined
\CharlierC{n}@{x}{a};;;;;not defined
;;;;;
\ChebyT{n}@{x};ChebyshevT(n,x);;;;https://www.maplesoft.com/support/help/maple/view.aspx?path=ChebyshevT
\ChebyU{n}@{x};ChebyshevU(n,x);;;;https://www.maplesoft.com/support/help/maple/view.aspx?path=ChebyshevU
\ChebyV{n}@{x};;;;;not defined
\ChebyW{n}@{x};;;;;not defined
\ChebyTs{n}@{x};;;;;not defined
\ChebyUs{n}@{x};;;;;not defined
\ChebyC{n}@{x};;;;;not defined
\ChebyS{n}@{x};;;;;not defined
\CiglerqChebyT{n}@{x}{s}{q};;;;;not defined
\CiglerqChebyU{n}@{x}{s}{q};;;;;not defined
\monicChebyT{n}@@{x};;;;;not defined
\monicChebyU{n}@@{x};;;;;not defined
;;;;;
\DiskOP{\alpha}{m}{n}@{z};;;;;not defined
;;;;;
\EulerE{n}@{x};euler(n,x);;;;https://www.maplesoft.com/support/help/maple/view.aspx?path=euler
\GenEulerE{\ell}{n}@{x};;;;;not defined
\PeriodicEulerE{n}@{x};;;;;not defined
;;;;;
\Ultra{\lambda}{n}@{x};GegenbauerC(n, lambda, x);;;;https://www.maplesoft.com/support/help/maple/view.aspx?path=GegenbauerC
\Ultraspherical{\lambda}{n}@{x};GegenbauerC(n, lambda, x);;;;https://www.maplesoft.com/support/help/maple/view.aspx?path=GegenbauerC
\GenGegenbauerS{\alpha}{\beta}{n}@{x};;;;;not defined
;;;;;
\Hahn{n}@{x}{\alpha}{\beta}{N};;;;;not defined
\HahnQ{n}@{x}{\alpha}{\beta}{N};;;;;not defined
\HahnR{n}@{x}{\gamma}{\delta}{N};;;;;not defined
\dualHahn{n}@@{\lambda(x)}{\gamma}{\delta}{N};;;;;not defined
\HahnS{n}@{x}{a}{b}{c};;;;;not defined
\Hahnp{n}@{x}{a}{b}{\conj{a}}{\conj{b}};;;;;not defined
;;;;;
\Hermite{n}@{x};HermiteH(n,x);;;;https://www.maplesoft.com/support/help/maple/view.aspx?path=HermiteH
\HermiteH{n}@{x};HermiteH(n,x);;;;https://www.maplesoft.com/support/help/maple/view.aspx?path=HermiteH
\HermiteHe{n}@{x};;;;;not defined
\GenHermite[\alpha]{n}@{x};;;;;not defined
;;;;;
\HeunPolynom{n}{m}@@{a}{q}{-n}{\beta}{\gamma}{\delta}{z};;;;;not defined
;;;;;
\Jacobi{\alpha}{\beta}{n}@{x};JacobiP(n, alpha, beta, x);;;;https://www.maplesoft.com/support/help/maple/view.aspx?path=JacobiP
\JacobiP{\alpha}{\beta}{n}@{x};JacobiP(n, alpha, beta, x);;;;https://www.maplesoft.com/support/help/maple/view.aspx?path=JacobiP
\JacobiG{n}@{p}{q}{x};JacobiP(n, p-q, q-1, 2*x-1) * n!/pochhammer(n+p, n);;;;not defined
\AssJacobiP{\alpha}{\beta}{n}@{x}{c};;;;;not defined
\pseudoJacobi{n}@{x}{\nu}{N};;;;;not defined
\TriangleOP{\alpha}{\beta}{\gamma}{m}{n}@{x}{y};;;;;not defined
;;;;;
\Krawtchouk{n}@{x}{p}{N};;never used in DLMF;;;not defined
\KrawtchoukK{n}@{x}{p}{N};;;;;not defined
;;;;;
\Laguerre[\alpha]{n}@{x};LaguerreL(n, alpha, x);;;;https://www.maplesoft.com/support/help/maple/view.aspx?path=LaguerreL
\LaguerreL[\alpha]{n}@{x};LaguerreL(n, alpha, x);Equal to \Laguerre;;;https://www.maplesoft.com/support/help/maple/view.aspx?path=LaguerreL
\GottliebLaguerre{n}@{x};;;;;not defined
;;;;;
\LameuE{m}{2n}@{z}{k^2};;;;;not defined
\LamesE{m}{2n+1}@{z}{k^2};;;;;not defined
\LamecE{m}{2n+1}@{z}{k^2};;;;;not defined
\LamedE{m}{2n+1}@{z}{k^2};;;;;not defined
\LamescE{m}{2n+2}@{z}{k^2};;;;;not defined
\LamesdE{m}{2n+2}@{z}{k^2};;;;;not defined
\LamecdE{m}{2n+2}@{z}{k^2};;;;;not defined
\LamescdE{m}{2n+3}@{z}{k^2};;;;;not defined
;;;;;
\LegendrePoly{n}@{x};P(n,x);with(orthopoly):;;;not defined
\LegendrePolys{n}@{x};;;;;not defined
\AssLegendrePoly{n}@{x}{c};;;;;not defined
;;;;;
\Meixner{n}@{x}{\beta}{c};;;;;not defined
\MeixnerM{n}@{x}{\beta}{c};;;;;not defined
\MeixnerPollaczek{\lambda}{n}@{x}{\phi};;;;;not defined
\MeixnerPollaczekP{\lambda}{n}@{x}{\phi};;;;;not defined
;;;;;
\NeumannPoly{n}@{x};;;;;not defined
;;;;;
\PollaczekP{\lambda}{n}@{x}{a}{b};;;;;not defined
;;;;;
\Racah{n}@{x}{\alpha}{\beta}{\gamma}{\delta};;;;;not defined
\RacahR{n}@{x}{\alpha}{\beta}{\gamma}{\delta};;;;;not defined
;;;;;
\StieltjesWigert{n}@@{x}{q};;;;;not defined
\StieltjesWigertS{n}@{x}{q};;;;;not defined
;;;;;
\Wilson{n}@{x}{a}{b}{c}{d};;;;;not defined
\WilsonW{n}@{x}{a}{b}{c}{d};;;;;not defined
;;;;;
\ZonalPoly{\kappa}@{\Matrix{T}};;;;;not defined
;;;;;
;;;;;
;;;;;
DLMF;Maple;Maple-Comment;;;Maple-Link
\qSin{q}@@{x};;;;;not defined
\qsin{q}@@{x};;;;;not defined
\qSinKLS{q}@@{z};;;;;not defined
\qsinKLS{q}@@{z};;;;;not defined
\qCos{q}@@{x};;;;;not defined
\qcos{q}@@{x};;;;;not defined
\qCosKLS{q}@@{z};;;;;not defined
\qcosKLS{q}@@{z};;;;;not defined
\qExp{q}@@{x};;;;;not defined
\qexp{q}@@{x};;;;;not defined
\qExpKLS{q}@@{z};;;;;not defined
\qexpKLS{q}@@{z};;;;;not defined
\qAppelli@{a}{b}{b'}{c}{q}{x}{y};;The university of Kassel (Germany) implemented a Maple package for q-Hypergeometric Summation;;;not defined
\qAppellii@{a}{b}{b'}{c}{c'}{q}{x}{y};;http://www.mathematik.uni-kassel.de/~koepf/BoeingKoepf.pdf;;;not defined
\qAppelliii@{a}{a'}{b}{b'}{c}{q}{x}{y};;;;;not defined
\qAppelliv@{a}{b}{c}{c'}{q}{x}{y};;;;;not defined
\qBernoulli{n}@{x}{q};;;;;not defined
\qBesselPoly{n}@{x}{b}{q};;;;;not defined
\qBeta{q}@{a}{b};;;;;not defined
\qBinomial{n}{m}{q};;;;;not defined
\qCharlier{n}@{x}{c}{q};;;;;not defined
\qderiv[n]{q}@{z};;;;;not defined
\qdiff{q}{x};;;;;not defined
\qGamma{q}@{z};;;;;not defined
\qDigamma{q}@{z};;;;;not defined
\qEuler{m}{s}@{q};;;;;not defined
\qFactorial{n}{q};;;;;not defined
\qGamma{q}@{z};;;;;not defined
\qHahn{n}@@{q^{-x}}{\alpha}{\beta}{N};;;;;not defined
\qHahnQ{n}@{x}{\alpha}{\beta}{N}{q};;;;;not defined
\dualqHahn{n}@@{\mu(x)}{\gamma}{\delta}{N}{q};;;;;not defined
\qHermiteH{n}@{x}{q};;;;;not defined
\qinvHermiteh{n}@{x}{q};;;;;not defined
\qHermitehI{n}@{x}{q};;;;;not defined
\qHermitehII{n}@{x}{q};;;;;not defined
\discrqHermiteI{n}@@{x}{q};;;;;not defined
\discrqHermiteII{n}@@{x}{q};;;;;not defined
\qJacobiP{n}@{x}{a}{b}{c}{q};;;;;not defined
\bigqJacobi{n}@@{x}{a}{b}{c}{q};;;;;not defined
\qJacobiPP{\alpha}{\beta}{n}@{x}{c}{d}{q};;;;;not defined
\bigqJacobiIVparam{n}@@{x}{a}{b}{c}{d}{q};;;;;not defined
\qJacobip{n}@{x}{a}{b}{q};;;;;not defined
\littleqJacobi{n}@@{x}{a}{b}{q};;;;;not defined
\qKrawtchouk{n}@@{q^{-x}}{p}{N}{q};;;;;not defined
\dualqKrawtchouk{n}@@{\lambda(x)}{c}{N}{q};;;;;not defined
\qtmqKrawtchouk{n}@@{q^{-x}}{p}{N}{q};;;;;not defined
\AffqKrawtchouk{n}@@{q^{-x}}{p}{N}{q};;;;;
\qLaguerre[\alpha]{n}@@{x}{q};;;;;not defined
\qLaguerreL[\alpha]{n}@{x}{q};;;;;not defined
\bigqLaguerre{n}@{x}{a}{b}{q};;;;;not defined
\littleqLaguerre{n}@{x}{a}{q};;;;;not defined
\qLegendre{n}@{x}{q};;;;;not defined
\bigqLegendre{n}@{x}{c}{q};;;;;not defined
\littleqLegendre{m}@{x}{q};;;;;not defined
\qMeixner{n}@{x}{b}{c}{q};;;;;not defined
\qMeixnerPollaczek{n}@{x}{a}{q};;;;;not defined
\qPochhammer{a}{q}{n};;;;;not defined
\qMultiPochhammer{a_1,\ldots,a_n}{q}{n};;;;;not defined
\qPolygamma{n}{q}@{z};;;;;not defined
\qRacah{n}@{x}{\alpha}{\beta}{\gamma}{\delta}{q};;;;;not defined
\qRacahR{n}@{x}{\alpha}{\beta}{\gamma}{\delta}{q};;;;;not defined
\qStirling{m}{s}@{q};;;;;not defined
\qUltraspherical{n}@{x}{\beta}{q};;;;;not defined
\qHyperrWs{r}{r+1}@@@{a_1}{a_4,a_5,...,a_{r+1}}{q}{z};;;;;not defined
\qHyperrphis{r}{s}@@@{a_1,...,a_r}{b_1,...,b_s}{q}{z};;;;;not defined
\qHyperrpsis{r}{s}@@@{a_1,...,a_r}{b_1,...,b_s}{q}{z};;;;;not defined
\qMultinomial{a_1+\ldots+a_n}{a_1,\ldots,a_n}{q};;;;;not defined
;;;;;
\ctsHahn{n}@@{x}{a}{b}{c}{d};;;;;not defined
\ctsbigqHermite{n}@{x}{a}{q};;;;;not defined
\ctsdualHahn{n}@@{x^2}{a}{b}{c};;;;;not defined
\ctsdualqHahn{n}@{x}{a}{b}{c}{q};;;;;not defined
\ctsqHahn{n}@{x}{a}{b}{c}{d}{q};;;;;not defined
\ctsqHermite{n}@@{x}{q};;;;;not defined
\ctsqJacobi{\alpha}{\beta}{m}@{x}{q};;;;;not defined
\ctsqJacobiRahman{n}@@{x}{q};;;;;not defined
\ctsqLaguerre{\alpha}{n}@{x}{q};;;;;not defined
\ctsqLegendre{n}@@{x}{q};;;;;not defined
\ctsqLegendreRahman{n}@@{x}{q};;;;;not defined
\ctsqUltra{n}@{x}{\beta}{q};;;;;not defined
\ctsqUltrae{n}@{e^{i\theta}}{\beta}{q};;;;;not defined
;;;;;
\monicAffqKrawtchouk{n}@@{q^{-x}}{p}{N}{q};;;;;not defined
\monicAlSalamCarlitzI{a}{n}@@{x}{q};;;;;not defined
\monicAlSalamCarlitzII{a}{n}@@{x}{q};;;;;not defined
\monicAlSalamChihara{n}@@{x}{a}{b}{q};;;;;not defined
\monicAskeyWilson{n}@@{x}{a}{b}{c}{d}{q};;;;;not defined
\monicBesselPoly{n}@@{x}{a};;;;;not defined
\monicCharlier{n}@@{x}{a};;;;;not defined
\monicChebyT{n}@@{x};;;;;not defined
\monicChebyU{n}@@{x};;;;;not defined
\monicHahn{n}@@{x}{\alpha}{\beta}{N};;;;;not defined
\monicHermite{n}@@{x};;;;;not defined
\monicJacobi{n}@@{x};;;;;not defined
\monicKrawtchouk{n}@@{q^{-x}}{p}{N}{q};;;;;not defined
\monicLaguerre{n}@@{x};;;;;not defined
\monicLegendrePoly{n}@@{x};;;;;not defined
\monicMeixner{n}@@{x}{\beta}{c};;;;;not defined
\monicMeixnerPollaczek{\lambda}{n}@@{x}{\phi};;;;;not defined
\monicRacah{n}@@{\lambda(x)}{\alpha}{\beta}{\gamma}{\delta};;;;;not defined
\monicStieltjesWigert{n}@@{x}{q};;;;;not defined
\monicUltra{n}@@{x};;;;;not defined
\monicWilson{n}@@{x^2}{a}{b}{c}{d};;;;;not defined
\monicbigqJacobi{n}@@{x}{a}{b}{c}{q};;;;;not defined
\monicbigqLaguerre{n}@@{x}{a}{b}{q};;;;;not defined
\monicbigqLegendre{n}@@{x}{c}{q};;;;;not defined
\monicctsHahn{n}@@{x}{a}{b}{c}{d};;;;;not defined
\monicctsbigqHermite{n}@@{x}{a}{q};;;;;not defined
\monicctsdualHahn{n}@@{x^2}{a}{b}{c}{d};;;;;not defined
\monicctsdualqHahn{n}@@{x^2}{a}{b}{c};;;;;not defined
\monicctsqHahn{n}@@{x}{a}{b}{c}{d}{q};;;;;not defined
\monicctsqHermite{n}@@{x}{q};;;;;not defined
\monicctsqJacobi{n}@@{x}{q};;;;;not defined
\monicctsqLaguerre{n}@@{x}{q};;;;;not defined
\monicctsqLegendre{n}@@{x}{q};;;;;not defined
\monicctsqUltra{n}@@{x}{\beta}{q};;;;;not defined
\monicdiscrqHermiteI{n}@@{x}{q};;;;;not defined
\monicdiscrqHermiteII{n}@@{x}{q};;;;;not defined
\monicdualHahn{n}@@{\lambda(x)}{\gamma}{\delta}{N};;;;;not defined
\monicdualqHahn{n}@@{\mu(x)}{\gamma}{\delta}{N}{q};;;;;not defined
\monicdualqKrawtchouk{n}@@{\lambda(x)}{c}{N}{q};;;;;not defined
\moniclittleqJacobi{n}@@{x}{a}{b}{q};;;;;not defined
\moniclittleqLaguerre{n}@@{x}{a}{q};;;;;not defined
\moniclittleqLegendre{n}@@{x}{q};;;;;not defined
\monicpseudoJacobi{n}@@{x}{\nu}{N};;;;;not defined
\monicqBesselPoly{n}@@{x}{a}{q};;;;;not defined
\monicqCharlier{n}@@{q^{-x}}{a}{q};;;;;not defined
\monicqHahn{n}@@{q^{-x}}{\alpha}{\beta}{N};;;;;not defined
\monicqKrawtchouk{n}@@{q^{-x}}{p}{N}{q};;;;;not defined
\monicqLaguerre{n}@@{x}{q};;;;;not defined
\monicqMeixner{n}@@{q^{-x}}{b}{c}{q};;;;;not defined
\monicqMeixnerPollaczek{n}@@{x}{a}{q};;;;;not defined
\monicqRacah{n}@@{\mu(x)}{\alpha}{\beta}{\gamma}{\delta}{q};;;;;not defined
\monicqinvAlSalamChihara{n}@{x}{a}{b}{q^{-1}};;;;;not defined
\monicqtmqKrawtchouk{n}@@{q^{-x}}{p}{N}{q};;;;;not defined
;;;;;
\normAskeyWilsonptilde{n}@@{x}{a}{b}{c}{d}{q};;;;;not defined
\normJacobiR{\alpha}{\beta}{n}@{x};;;;;not defined
\normWilsonWtilde{n}@@{x^2}{a}{b}{c}{d};;;;;not defined
\normctsHahnptilde{n}@@{x}{a}{b}{c}{d};;;;;not defined
\normctsdualHahnStilde{n}@@{x^2}{a}{b}{c}{d};;;;;not defined
\normctsdualqHahnptilde{n}@@{x}{a}{b}{c}{q};;;;;not defined
\normctsqHahnptilde{n}@@{x}{a}{b}{c}{d}{q};;;;;not defined
\normctsqJacobiPtilde{n}@@{x}{q};;;;;not defined
;;;;;
;;;;;
;;;;;
;;;;;
;;;;;
;;;;;
;;;;;
;;;;;
;;;;;
;;;;;
;;;;;
;;;;;
;;;;;
;;;;;
;;;;;
;;;;;
;;;;;
;;;;;
;;;;;
;;;;;
;;;;;
;;;;;
;;;;;
;;;;;
;;;;;
;;;;;
;;;;;
;;;;;
;;;;;
;;;;;
;;;;;
;;;;;
;;;;;
;;;;;
;;;;;
;;;;;
;;;;;
;;;;;
;;;;;
;;;;;
;;;;;
;;;;;
;;;;;
;;;;;
;;;;;
;;;;;
;;;;;
;;;;;
;;;;;
;;;;;
;;;;;
;;;;;
;;;;;
;;;;;
;;;;;
;;;;;
;;;;;
;;;;;
;;;;;
;;;;;
;;;;;
;;;;;
;;;;;
;;;;;
;;;;;
;;;;;
;;;;;
;;;;;
;;;;;
;;;;;
;;;;;
;;;;;
;;;;;
;;;;;
;;;;;
;;;;;
;;;;;
;;;;;
;;;;;
;;;;;
;;;;;
;;;;;
;;;;;
;;;;;
;;;;;
;;;;;
;;;;;
;;;;;
;;;;;
;;;;;
;;;;;
;;;;;
;;;;;
;;;;;
;;;;;
;;;;;
;;;;;
;;;;;
;;;;;
;;;;;
;;;;;
;;;;;
;;;;;
;;;;;
;;;;;
;;;;;
;;;;;
;;;;;
;;;;;
;;;;;
;;;;;
;;;;;
;;;;;
;;;;;
;;;;;
;;;;;
;;;;;
;;;;;
;;;;;
;;;;;
;;;;;
;;;;;
;;;;;
;;;;;
;;;;;
;;;;;
;;;;;
;;;;;
;;;;;
;;;;;
;;;;;
;;;;;
;;;;;
;;;;;
;;;;;
;;;;;
;;;;;
;;;;;
;;;;;
;;;;;
;;;;;
;;;;;
;;;;;
;;;;;
;;;;;
;;;;;
;;;;;
;;;;;
;;;;;
;;;;;
;;;;;
;;;;;
;;;;;
;;;;;
;;;;;
;;;;;
;;;;;
;;;;;
;;;;;
;;;;;
;;;;;
;;;;;
;;;;;
;;;;;
;;;;;
;;;;;
;;;;;
;;;;;
;;;;;
;;;;;
;;;;;
;;;;;
;;;;;
;;;;;
;;;;;
;;;;;
;;;;;
;;;;;
;;;;;
;;;;;
;;;;;
;;;;;
;;;;;
;;;;;
;;;;;
;;;;;
;;;;;
;;;;;
;;;;;
;;;;;
;;;;;
;;;;;
;;;;;
;;;;;
;;;;;
;;;;;
;;;;;
;;;;;
;;;;;
;;;;;
;;;;;
;;;;;
;;;;;
;;;;;
;;;;;
;;;;;
;;;;;
;;;;;
;;;;;
;;;;;
;;;;;
;;;;;
;;;;;
;;;;;
;;;;;
;;;;;
;;;;;
;;;;;
;;;;;
;;;;;
;;;;;
;;;;;
;;;;;
;;;;;
;;;;;
;;;;;
;;;;;
;;;;;
;;;;;
;;;;;
;;;;;
;;;;;
;;;;;
;;;;;
;;;;;
;;;;;
;;;;;
;;;;;
;;;;;
;;;;;
;;;;;
;;;;;
;;;;;
;;;;;
;;;;;
;;;;;
;;;;;
;;;;;
;;;;;
;;;;;
;;;;;
;;;;;
;;;;;
;;;;;
;;;;;
;;;;;
;;;;;
;;;;;
;;;;;
;;;;;
;;;;;
;;;;;
;;;;;
;;;;;
;;;;;
;;;;;
;;;;;
;;;;;
;;;;;
;;;;;
;;;;;
;;;;;
;;;;;
;;;;;
;;;;;
;;;;;
;;;;;
;;;;;
;;;;;
;;;;;
;;;;;
;;;;;
;;;;;
;;;;;
;;;;;
;;;;;
;;;;;
;;;;;
;;;;;
;;;;;
;;;;;
;;;;;
;;;;;
;;;;;
;;;;;
;;;;;
;;;;;
;;;;;
;;;;;
;;;;;
;;;;;
;;;;;
;;;;;
;;;;;
;;;;;
;;;;;
;;;;;
;;;;;
;;;;;
;;;;;
;;;;;
;;;;;
;;;;;
;;;;;
;;;;;
;;;;;
;;;;;
;;;;;
;;;;;
;;;;;
;;;;;
;;;;;
;;;;;
;;;;;
;;;;;
;;;;;
;;;;;
;;;;;
;;;;;
;;;;;
;;;;;
;;;;;
;;;;;
;;;;;
;;;;;
;;;;;
;;;;;
;;;;;
;;;;;
;;;;;
;;;;;
;;;;;
;;;;;
;;;;;
;;;;;
;;;;;
;;;;;
;;;;;
;;;;;
;;;;;
;;;;;
;;;;;
;;;;;
;;;;;
;;;;;
;;;;;
;;;;;
;;;;;
;;;;;
;;;;;
;;;;;
;;;;;
;;;;;
;;;;;
;;;;;
;;;;;
;;;;;
;;;;;
;;;;;
;;;;;
;;;;;
;;;;;
;;;;;
;;;;;
;;;;;
;;;;;
;;;;;
;;;;;
;;;;;
;;;;;
;;;;;
;;;;;
;;;;;
;;;;;
;;;;;
;;;;;
;;;;;
;;;;;
;;;;;
;;;;;
;;;;;
;;;;;
;;;;;
;;;;;
;;;;;
;;;;;
;;;;;
;;;;;
;;;;;
;;;;;
;;;;;
;;;;;
;;;;;
;;;;;
;;;;;
;;;;;
;;;;;
;;;;;
;;;;;
;;;;;
;;;;;
;;;;;
;;;;;
;;;;;
;;;;;
;;;;;
;;;;;
;;;;;
;;;;;
;;;;;
;;;;;
;;;;;
;;;;;
;;;;;
;;;;;
;;;;;
;;;;;
;;;;;
;;;;;
;;;;;
;;;;;
;;;;;
;;;;;
;;;;;
;;;;;
;;;;;
;;;;;
;;;;;
;;;;;
;;;;;
;;;;;
;;;;;
;;;;;
;;;;;
;;;;;
;;;;;
;;;;;
;;;;;
;;;;;
;;;;;
;;;;;
;;;;;
;;;;;
;;;;;
;;;;;
;;;;;
;;;;;
;;;;;
;;;;;
;;;;;
;;;;;
;;;;;
;;;;;
;;;;;
;;;;;
;;;;;
;;;;;
;;;;;
;;;;;
;;;;;
;;;;;
;;;;;
;;;;;
;;;;;
;;;;;
;;;;;
;;;;;
;;;;;
;;;;;
;;;;;
;;;;;
;;;;;
;;;;;
;;;;;
;;;;;
;;;;;
;;;;;
;;;;;
;;;;;
;;;;;
;;;;;
;;;;;
;;;;;
;;;;;
;;;;;
;;;;;
;;;;;
;;;;;
;;;;;
;;;;;
;;;;;
;;;;;
;;;;;
;;;;;
;;;;;
;;;;;
;;;;;
;;;;;
;;;;;
;;;;;
;;;;;
;;;;;
;;;;;
;;;;;
;;;;;
;;;;;
;;;;;
;;;;;
;;;;;
;;;;;
;;;;;
;;;;;
;;;;;
;;;;;
;;;;;
;;;;;
;;;;;
;;;;;
;;;;;
;;;;;
;;;;;
;;;;;
;;;;;
;;;;;
;;;;;
;;;;;
;;;;;
;;;;;
;;;;;
;;;;;
;;;;;
;;;;;
;;;;;
;;;;;
;;;;;
;;;;;
;;;;;
;;;;;
;;;;;
;;;;;
;;;;;
;;;;;
;;;;;
;;;;;
;;;;;
;;;;;
;;;;;
;;;;;
;;;;;
;;;;;
;;;;;
;;;;;
;;;;;
;;;;;
;;;;;
;;;;;
;;;;;
;;;;;
;;;;;
;;;;;
;;;;;
;;;;;
;;;;;
;;;;;
;;;;;
;;;;;
;;;;;
;;;;;
;;;;;
;;;;;
;;;;;
;;;;;
;;;;;
;;;;;
;;;;;
;;;;;
;;;;;
;;;;;
;;;;;
;;;;;
;;;;;
;;;;;
;;;;;
;;;;;
;;;;;
;;;;;
;;;;;
;;;;;
;;;;;
;;;;;
;;;;;
;;;;;
;;;;;
;;;;;
;;;;;
;;;;;
;;;;;
;;;;;
;;;;;
;;;;;
;;;;;
