Mathematica;DLMF;Number of Variables;Mathematica-DLMF-Comment;Mathematica-Constriants;Mathematica-Branch Cuts;Mathematica-Alternatives;DLMF-Alternatives;Mathematica-Link;;;;;;;;;;;;;;;;;;;;
Sin[$0];\sin@@{z};1;;;;;;https://reference.wolfram.com/language/ref/Sin.html;;;;;;;;;;;;;;;;;;;;
Cos[$0];\cos@@{z};1;;;;;;https://reference.wolfram.com/language/ref/Cos.html;;;;;;;;;;;;;;;;;;;;
Tan[$0];\tan@@{z};1;;;;;;https://reference.wolfram.com/language/ref/Tan.html;;;;;;;;;;;;;;;;;;;;
Sec[$0];\sec@@{z};1;;;;;;https://reference.wolfram.com/language/ref/Sec.html;;;;;;;;;;;;;;;;;;;;
Csc[$0];\csc@@{z};1;;;;;;https://reference.wolfram.com/language/ref/Csc.html;;;;;;;;;;;;;;;;;;;;
Cot[$0];\cot@@{z};1;;;;;;https://reference.wolfram.com/language/ref/Cot.html;;;;;;;;;;;;;;;;;;;;
;;;;;;;;;;;;;;;;;;;;;;;;;;;;
Sin[$0];\sinh@@{z};1;;;;;;https://reference.wolfram.com/language/ref/Sinh.html;;;;;;;;;;;;;;;;;;;;
Cos[$0];\cosh@@{z};1;;;;;;https://reference.wolfram.com/language/ref/Cosh.html;;;;;;;;;;;;;;;;;;;;
Tan[$0];\tanh@@{z};1;;;;;;https://reference.wolfram.com/language/ref/Tanh.html;;;;;;;;;;;;;;;;;;;;
Sec[$0];\sech@@{z};1;;;;;;https://reference.wolfram.com/language/ref/Sech.html;;;;;;;;;;;;;;;;;;;;
Csc[$0];\csch@@{z};1;;;;;;https://reference.wolfram.com/language/ref/Csch.html;;;;;;;;;;;;;;;;;;;;
Cot[$0];\coth@@{z};1;;;;;;https://reference.wolfram.com/language/ref/Coth.html;;;;;;;;;;;;;;;;;;;;
;;;;;;;;;;;;;;;;;;;;;;;;;;;;
ArcSin[$0];\asin@@{z};1;;;;;;https://reference.wolfram.com/language/ref/ArcSin.html;;;;;;;;;;;;;;;;;;;;
ArcCos[$0];\acos@@{z};1;;;;;;https://reference.wolfram.com/language/ref/ArcCos.html;;;;;;;;;;;;;;;;;;;;
ArcTan[$0];\atan@@{z};1;;;;;;https://reference.wolfram.com/language/ref/ArcTan.html;;;;;;;;;;;;;;;;;;;;
ArcSec[$0];\asec@@{z};1;;;;;;https://reference.wolfram.com/language/ref/ArcSec.html;;;;;;;;;;;;;;;;;;;;
ArcCsc[$0];\acsc@@{z};1;;;;;;https://reference.wolfram.com/language/ref/ArcCsc.html;;;;;;;;;;;;;;;;;;;;
ArcCot[$0];\acot@@{z};1;;;;;;https://reference.wolfram.com/language/ref/ArcCot.html;;;;;;;;;;;;;;;;;;;;
;;;;;;;;;;;;;;;;;;;;;;;;;;;;
ArcSinh[$0];\asinh@@{z};1;;;;;;https://reference.wolfram.com/language/ref/ArcSinh.html;;;;;;;;;;;;;;;;;;;;
ArcCosh[$0];\acosh@@{z};1;;;;;;https://reference.wolfram.com/language/ref/ArcCosh.html;;;;;;;;;;;;;;;;;;;;
ArcTanh[$0];\atanh@@{z};1;;;;;;https://reference.wolfram.com/language/ref/ArcTanh.html;;;;;;;;;;;;;;;;;;;;
ArcSech[$0];\asech@@{z};1;;;;;;https://reference.wolfram.com/language/ref/ArcSech.html;;;;;;;;;;;;;;;;;;;;
ArcCsch[$0];\acsch@@{z};1;;;;;;https://reference.wolfram.com/language/ref/ArcCsch.html;;;;;;;;;;;;;;;;;;;;
ArcCoth[$0];\acoth@@{z};1;;;;;;https://reference.wolfram.com/language/ref/ArcCoth.html;;;;;;;;;;;;;;;;;;;;
;;;;;;;;;;;;;;;;;;;;;;;;;;;;
Log[$0];\ln@@{z};1;;;;;;https://reference.wolfram.com/language/ref/Log.html;;;;;;;;;;;;;;;;;;;;
;;;;;;;;;;;;;;;;;;;;;;;;;;;;
Log[$0,$1];\logb{a}@@{z};2;;;;;;https://reference.wolfram.com/language/ref/Log.html;;;;;;;;;;;;;;;;;;;;
;;;;;;;;;;;;;;;;;;;;;;;;;;;;
;\Ln@@{z};;;;;;;;;;;;;;;;;;;;;;;;;;;
Exp[$0];\exp@@{z};1;;;;;;https://reference.wolfram.com/language/ref/Exp.html;;;;;;;;;;;;;;;;;;;;
;;;;;;;;;;;;;;;;;;;;;;;;;;;;
;\LambertW@{x};;;;;;;;;;;;;;;;;;;;;;;;;;;
ProductLog[$0];\LambertWp@{x};1;;;;;;http://reference.wolfram.com/language/ref/ProductLog.html;;;;;;;;;;;;;;;;;;;;
ProductLog[-1, $0];\LambertWm@{x};2;;;;;;http://reference.wolfram.com/language/ref/ProductLog.html;;;;;;;;;;;;;;;;;;;;
;;;;;;;;;;;;;;;;;;;;;;;;;;;;
SinIntegral[$0];\SinInt@{z};1;;;;;;https://reference.wolfram.com/language/ref/SinIntegral.html;;;;;;;;;;;;;;;;;;;;
SinIntegral[$0] - Pi/2;\sinInt@{z};1;;;;;;https://reference.wolfram.com/language/ref/SinIntegral.html;;;;;;;;;;;;;;;;;;;;
;\SinIntg@{a}{z};;;;;;;not defined;;;;;;;;;;;;;;;;;;;;
;\sinintg@{a}{z};;;;;;;not defined;;;;;;;;;;;;;;;;;;;;
CosIntegral[$0];\CosInt@{z};1;;;;;;https://reference.wolfram.com/language/ref/CosIntegral.html;;;;;;;;;;;;;;;;;;;;
;\CosIntCin@{z};;;;;;;not defined;;;;;;;;;;;;;;;;;;;;
;\CosIntg@{a}{z};;;;;;;not defined;;;;;;;;;;;;;;;;;;;;
;\cosintg@{a}{z};;;;;;;not defined;;;;;;;;;;;;;;;;;;;;
;\SinCosIntf@{z};;;;;;;not defined;;;;;;;;;;;;;;;;;;;;
;\SinCosIntg@{z};;;;;;;not defined;;;;;;;;;;;;;;;;;;;;
;;;;;;;;;;;;;;;;;;;;;;;;;;;;
SinhIntegral[$0];\SinhInt@{z};1;;;;;;https://reference.wolfram.com/language/ref/SinhIntegral.html;;;;;;;;;;;;;;;;;;;;
CoshIntegral[$0];\CoshInt@{z};1;;;;;;https://reference.wolfram.com/language/ref/CoshIntegral.html;;;;;;;;;;;;;;;;;;;;
;;;;;;;;;;;;;;;;;;;;;;;;;;;;
Gudermannian[$0];\Gudermannian@@{x};1;;;;;;https://reference.wolfram.com/language/ref/Gudermannian.html;;;;;;;;;;;;;;;;;;;;
InverseGudermannian[$0];\arcGudermannian@@{x};1;;;;;;https://reference.wolfram.com/language/ref/InverseGudermannian.html;;;;;;;;;;;;;;;;;;;;
;;;;;;;;;;;;;;;;;;;;;;;;;;;;
;\ExpInti@{x};;;;;-ExpIntegralEi[-($0)];;https://reference.wolfram.com/language/ref/ExpIntegralEi.html;;;;;;;;;;;;;;;;;;;;
;\ExpInt@{x};;;;;-ExpIntegralEi[-($0)];;https://reference.wolfram.com/language/ref/ExpIntegralEi.html;;;;;;;;;;;;;;;;;;;;
;\ExpIntEin@{z};;;;;-ExpIntegralEi[-($0)] + Ln[$0] + EulerGamma;;https://reference.wolfram.com/language/ref/ExpIntegralEi.html;;;;;;;;;;;;;;;;;;;;
;\ExpIntn{p}@{z};;;;;;;;;;;;;;;;;;;;;;;;;;;
LogIntegral[$0];\LogInt@{x};1;;;(-\inf, 1);;;https://reference.wolfram.com/language/ref/LogIntegral.html;;;;;;;;;;;;;;;;;;;;
;\Dilogarithm@{z};;;;;;;;;;;;;;;;;;;;;;;;;;;
;\Polylogarithm{s}@{z};;;;;;;;;;;;;;;;;;;;;;;;;;;
;\JonquierePhi@{z}{s};;;;;;;;;;;;;;;;;;;;;;;;;;;
;;;;;;;;;;;;;;;;;;;;;;;;;;;;
;\Matrix{A};;;;;;;;;;;;;;;;;;;;;;;;;;;
;\Vector{a};;;;;;;;;;;;;;;;;;;;;;;;;;;
;\trace \Matrix{X};;;;;;;;;;;;;;;;;;;;;;;;;;;
;\transpose \Matrix{X};;;;;;;;;;;;;;;;;;;;;;;;;;;
;\exptrace@{\Matrix{X}};;;;;;;;;;;;;;;;;;;;;;;;;;;
;\det A;;;;;;;;;;;;;;;;;;;;;;;;;;;
;\diag A;;;;;;;;;;;;;;;;;;;;;;;;;;;
Arg[$0];\ph@@{z};1;;;;;;https://reference.wolfram.com/language/ref/Arg.html;;;;;;;;;;;;;;;;;;;;
Arg[$0];\ph@@{z};1;;;;;;https://reference.wolfram.com/language/ref/Arg.html;;;;;;;;;;;;;;;;;;;;
;;;;;;;;;;;;;;;;;;;;;;;;;;;;
Conjugate[$0];\conj{z};1;;;;;;https://reference.wolfram.com/language/ref/Conjugate.html;;;;;;;;;;;;;;;;;;;;
Re[$0];\realpart{z};1;;;;;;https://reference.wolfram.com/language/ref/Re.html;;;;;;;;;;;;;;;;;;;;
Im[$0];\imagpart{z};1;;;;;;https://reference.wolfram.com/language/ref/Im.html;;;;;;;;;;;;;;;;;;;;
Sqrt[$0];\sqrt{z};1;;;;;;https://reference.wolfram.com/language/ref/Sqrt.html;;;;;;;;;;;;;;;;;;;;
Surd[$1, $0];\sqrt[p]{z};2;;;;;;https://reference.wolfram.com/language/ref/Surd.html;;;;;;;;;;;;;;;;;;;;
Sign[$0];;1;;;;;;https://reference.wolfram.com/language/ref/Sign.html;;;;;;;;;;;;;;;;;;;;
Binomial[$0, $1];\binom{n}{k};2;;;;;;https://reference.wolfram.com/language/ref/Binomial.html;;;;;;;;;;;;;;;;;;;;
Binomial[$0, $1];\binomial{n}{k};2;;;;;;https://reference.wolfram.com/language/ref/Binomial.html;;;;;;;;;;;;;;;;;;;;
Multinomial[n_1,...,n_k];\multinomial{m}{n_1,...,n_k};;;;;;;https://reference.wolfram.com/language/ref/Multinomial.html;;;;;;;;;;;;;;;;;;;;
Abs[$0];|z|;1;;;;;;https://reference.wolfram.com/language/ref/Abs.html;;;;;;;;;;;;;;;;;;;;
Abs[$0];\left|z\right|;1;;;;;;https://reference.wolfram.com/language/ref/Abs.html;;;;;;;;;;;;;;;;;;;;
FractionalPart[$0];;1;;;;;;https://reference.wolfram.com/language/ref/FractionalPart.html;;;;;;;;;;;;;;;;;;;;
Round[$0];;1;;;;;;https://reference.wolfram.com/language/ref/Round.html;;;;;;;;;;;;;;;;;;;;
Floor[$0];;1;;;;;;https://reference.wolfram.com/language/ref/Floor.html;;;;;;;;;;;;;;;;;;;;
Min[x1, x2, ...];;;;;;;;https://reference.wolfram.com/language/ref/Min.html;;;;;;;;;;;;;;;;;;;;
Max[x1, x2, ...];;;;;;;;https://reference.wolfram.com/language/ref/Max.html;;;;;;;;;;;;;;;;;;;;
GCD[$0, $1];\pgcd{m,n};2;;;;;;https://reference.wolfram.com/language/ref/GCD.html;;;;;;;;;;;;;;;;;;;;
LCM[m,n,...];;;;;;;;https://reference.wolfram.com/language/ref/LCM.html;;;;;;;;;;;;;;;;;;;;
;\f{f}@{x};;;;;;;;;;;;;;;;;;;;;;;;;;;
;\in;;;;;;;;;;;;;;;;;;;;;;;;;;;
;\notin;;;;;;;;;;;;;;;;;;;;;;;;;;;
;\forall;;;;;;;;;;;;;;;;;;;;;;;;;;;
;\Longrightarrow;;;;;;;;;;;;;;;;;;;;;;;;;;;
;\Longleftrightarrow;;;;;;;;;;;;;;;;;;;;;;;;;;;
;=;;;;;;;;;;;;;;;;;;;;;;;;;;;
;\neq;;;;;;;;;;;;;;;;;;;;;;;;;;;
Divide[$0, $1];\ifrac{a}{b};2;;;;;;https://reference.wolfram.com/language/ref/Divide.html;;;;;;;;;;;;;;;;;;;;
Power[$0, $1];\power{x}{y};2;;;;;;https://reference.wolfram.com/language/ref/Power.html;;;;;;;;;;;;;;;;;;;;
$0!;n!;;;;;;;https://reference.wolfram.com/language/ref/Factorial.html;;;;;;;;;;;;;;;;;;;;
$0!!;n!!;;;;;;;https://reference.wolfram.com/language/ref/Factorial2.html;;;;;;;;;;;;;;;;;;;;
;\psfactorial{a}{\kappa};;;;;;;;;;;;;;;;;;;;;;;;;;;
;\floor{x} ;;;;;;;;;;;;;;;;;;;;;;;;;;;
;\ceiling{x};;;;;;;;;;;;;;;;;;;;;;;;;;;
;\sign@@{x};;;;;;;;;;;;;;;;;;;;;;;;;;;
;\inf;;;;;;;;;;;;;;;;;;;;;;;;;;;
;\sup;;;;;;;;;;;;;;;;;;;;;;;;;;;
;\Sum{n}{k1}{k2}@{f(n)};;;;;;;;;;;;;;;;;;;;;;;;;;;
;\Prod{n}{k1}{k2}@{f(n)};;;;;;;;;;;;;;;;;;;;;;;;;;;
;\Wronskian@{w1(z),w2(z)};;;;;;;;;;;;;;;;;;;;;;;;;;;
;\Residue;;;;;;;;;;;;;;;;;;;;;;;;;;;
;\card{A};;;;;;;;;;;;;;;;;;;;;;;;;;;
;\cartprod;;;;;;;;;;;;;;;;;;;;;;;;;;;
;\divides;;;;;;;;;;;;;;;;;;;;;;;;;;;
;\liminf;;;;;;;;;;;;;;;;;;;;;;;;;;;
;\mod;;;;;;;;;;;;;;;;;;;;;;;;;;;
;\opminus;;;;;;;;;;;;;;;;;;;;;;;;;;;
;\poly{p}{n}@{x};;;;;;;;;;;;;;;;;;;;;;;;;;;
;\CompositionsC[m]@{n};;;;;;;;;;;;;;;;;;;;;;;;;;;
;\Distribution{f}{g};;;;;;;;;;;;;;;;;;;;;;;;;;;
;\Lattice{L};;;;;;;;;;;;;;;;;;;;;;;;;;;
;\fDiff[x];;;;;;;;;;;;;;;;;;;;;;;;;;;
;\bDiff[x];;;;;;;;;;;;;;;;;;;;;;;;;;;
;\cDiff[x];;;;;;;;;;;;;;;;;;;;;;;;;;;
;\deriv{f}{x};;;;;;;;;;;;;;;;;;;;;;;;;;;
;\pderiv{f}{x};;;;;;;;;;;;;;;;;;;;;;;;;;;
;\diff{x};;;;;;;;;;;;;;;;;;;;;;;;;;;
;\pdiff{x};;;;;;;;;;;;;;;;;;;;;;;;;;;
;\AntiDer@{x}{f(x)};;;;;;;;;;;;;;;;;;;;;;;;;;;
;\Int{a}{b}@{x}{f(x)};;;;;;;;;;;;;;;;;;;;;;;;;;;
;\int;;;;;;;;;;;;;;;;;;;;;;;;;;;
;\pvint_{a}^{b} \f{f}@{x} \diff{x};;;;;;;;;;;;;;;;;;;;;;;;;;;
;\Schwarzian{z}{\zeta};;;;;;;;;;;;;;;;;;;;;;;;;;;
;\Complex;;;;;;;;;;;;;;;;;;;;;;;;;;;
;\Real;;;;;;;;;;;;;;;;;;;;;;;;;;;
;\Rational;;;;;;;;;;;;;;;;;;;;;;;;;;;
;\Integer;;;;;;;;;;;;;;;;;;;;;;;;;;;
;\NatNumber;;;;;;;;;;;;;;;;;;;;;;;;;;;
;\Continuous@{A};;;;;;;;;;;;;;;;;;;;;;;;;;;
;\SpaceTestFunTempered@{A};;;;;;;;;;;;;;;;;;;;;;;;;;;
;;;;;;;;;;;;;;;;;;;;;;;;;;;;
;;;;;;;;;;;;;;;;;;;;;;;;;;;;
;\setminus;;;;;;;;;;;;;;;;;;;;;;;;;;;
;\subseteq;;;;;;;;;;;;;;;;;;;;;;;;;;;
;\subset;;;;;;;;;;;;;;;;;;;;;;;;;;;
;\setmod;;;;;;;;;;;;;;;;;;;;;;;;;;;
;\PartitionsP{n};;;;;;;;;;;;;;;;;;;;;;;;;;;
;\PartitionsP[k]@{n};;;;;;;;;;;;;;;;;;;;;;;;;;;
;\Permutations{n};;;;;;;;;;;;;;;;;;;;;;;;;;;
;\PlanePartitionsPP@{n};;;;;;;;;;;;;;;;;;;;;;;;;;;
;\RestrictedPartitionsP[k]@{\mathrm{condition}}{n};;;;;;;;;;;;;;;;;;;;;;;;;;;
;\RestrictedCompositionsC@{\mathrm{condition}}{n};;;;;;;;;;;;;;;;;;;;;;;;;;;
;\BigO@{x};;;;;;;;;;;;;;;;;;;;;;;;;;;
;\littleo@{x};;;;;;;;;;;;;;;;;;;;;;;;;;;
;\sim;;;;;;;;;;;;;;;;;;;;;;;;;;;
;;;;;;;;;;;;;;;;;;;;;;;;;;;;
;;;;;;;;;;;;;;;;;;;;;;;;;;;;
;;;;;;;;;;;;;;;;;;;;;;;;;;;;
;DRMF Macro;;;;;;;;;;;;;;;;;;;;;;;;;;;
AiryAi[$0];\AiryAi@{z};1;;;;;;;;;;;;;;;;;;;;;;;;;;
AiryBi[$0];\AiryBi@{z};1;;;;;;;;;;;;;;;;;;;;;;;;;;
;\AiryModulusM@{z};;;;;;;;;;;;;;;;;;;;;;;;;;;
;\AiryModulusN@{z};;;;;;;;;;;;;;;;;;;;;;;;;;;
;\AiryPhasePhi@{z};;;;;;;;;;;;;;;;;;;;;;;;;;;
;\AiryPhaseTheta@{z};;;;;;;;;;;;;;;;;;;;;;;;;;;
;\ODEgenAiryA{n}@{z};;;;;;;;;;;;;;;;;;;;;;;;;;;
;\ODEgenAiryB{n}@{z};;;;;;;;;;;;;;;;;;;;;;;;;;;
;\IntgenAiryA{k}@{z}{p};;;;;;;;;;;;;;;;;;;;;;;;;;;
;\IntgenAiryB{k}@{z}{p};;;;;;;;;;;;;;;;;;;;;;;;;;;
;\ZeroAiryAi{k};;;;;;;;;;;;;;;;;;;;;;;;;;;
;\ZeroAiryAiPrime{k};;;;;;;;;;;;;;;;;;;;;;;;;;;
;\ZeroAiryBi{k};;;;;;;;;;;;;;;;;;;;;;;;;;;
;\ZeroAiryBiPrime{k};;;;;;;;;;;;;;;;;;;;;;;;;;;
;\ComplexZeroAiryBi{k};;;;;;;;;;;;;;;;;;;;;;;;;;;
;\ComplexZeroAiryBiPrime{k};;;;;;;;;;;;;;;;;;;;;;;;;;;
;;;;;;;;;;;;;;;;;;;;;;;;;;;;
;\AngerJ{v}@{x};;;;;;;;;;;;;;;;;;;;;;;;;;;
;\WeberE{v}@{x};;;;;;;;;;;;;;;;;;;;;;;;;;;
;\AngerA{v}@{x};;;;;;;;;;;;;;;;;;;;;;;;;;;
;;;;;;;;;;;;;;;;;;;;;;;;;;;;
;\AppellFi@{\alpha}{\beta}{\beta'}{\gamma}{x}{y};;;;;;;;;;;;;;;;;;;;;;;;;;;
;\AppellFii@{\alpha}{\beta}{\beta'}{\gamma}{\gamma'}{x}{y};;;;;;;;;;;;;;;;;;;;;;;;;;;
;\AppellFiii@{\alpha}{\alpha'}{\beta}{\beta'}{\gamma}{x}{y};;;;;;;;;;;;;;;;;;;;;;;;;;;
;\AppellFiv@{\alpha}{\beta}{\gamma}{\gamma'}{x}{y};;;;;;;;;;;;;;;;;;;;;;;;;;;
;;;;;;;;;;;;;;;;;;;;;;;;;;;;
BesselJ[$0, $1];\BesselJ{v}@{x};2;;;;;;https://reference.wolfram.com/language/ref/BesselJ.html;;;;;;;;;;;;;;;;;;;;
BesselY[$0, $1];\BesselY{v}@{x};2;;;;;;;;;;;;;;;;;;;;;;;;;;
;\HankelHi{v}@{x};;;;;;;;;;;;;;;;;;;;;;;;;;;
;\HankelHii{v}@{x};;;;;;;;;;;;;;;;;;;;;;;;;;;
;\BesselModulusM{\nu}@{x};;;;;;;;;;;;;;;;;;;;;;;;;;;
;\BesselModulusN{\nu}@{x};;;;;;;;;;;;;;;;;;;;;;;;;;;
;\BesselPhaseTheta{\nu}@{x};;;;;;;;;;;;;;;;;;;;;;;;;;;
;\BesselPhasePhi{\nu}@{x};;;;;;;;;;;;;;;;;;;;;;;;;;;
;\ZeroBesselJ{\nu}{m};;;;;;;;;;;;;;;;;;;;;;;;;;;
;\ZeroBesselJPrime{\nu}{m};;;;;;;;;;;;;;;;;;;;;;;;;;;
;\ZeroBesselY{\nu}{m};;;;;;;;;;;;;;;;;;;;;;;;;;;
;\ZeroBesselYPrime{\nu}{m};;;;;;;;;;;;;;;;;;;;;;;;;;;
;\BesselJtilde{\nu}@{x};;;;;;;;;;;;;;;;;;;;;;;;;;;
;\BesselYtilde{\nu}@{x};;;;;;;;;;;;;;;;;;;;;;;;;;;
;\BesselI{v}@{x};;;;;;;;;;;;;;;;;;;;;;;;;;;
;\BesselK{v}@{x};;;;;;;;;;;;;;;;;;;;;;;;;;;
;\ModCylinder{\nu}@{z};;;;;;;;;;;;;;;;;;;;;;;;;;;
;\BesselItilde{\nu}@{x};;;;;;;;;;;;;;;;;;;;;;;;;;;
;\BesselKtilde{\nu}@{x};;;;;;;;;;;;;;;;;;;;;;;;;;;
;\GenBesselFun@{\rho}{\beta}{z};;;;;;;;;;;;;;;;;;;;;;;;;;;
;\MittagLeffler{a}{b}@{z};;;;;;;;;;;;;;;;;;;;;;;;;;;
;\SphBesselJ{n}@{z};;;;;;;;;;;;;;;;;;;;;;;;;;;
;\SphBesselY{n}@{z};;;;;;;;;;;;;;;;;;;;;;;;;;;
;\SphHankelHi{n}@{z};;;;;;;;;;;;;;;;;;;;;;;;;;;
;\SphHankelHii{n}@{z};;;;;;;;;;;;;;;;;;;;;;;;;;;
;\SphBesselIi{n}@{z};;;;;;;;;;;;;;;;;;;;;;;;;;;
;\SphBesselIii{n}@{z};;;;;;;;;;;;;;;;;;;;;;;;;;;
;\SphBesselK{n}@{z};;;;;;;;;;;;;;;;;;;;;;;;;;;
;\BesselA{\nu}@{\Matrix{T}};;;;;;;;;;;;;;;;;;;;;;;;;;;
;\BesselB{\nu}@{\Matrix{T}};;;;;;;;;;;;;;;;;;;;;;;;;;;
;\JacksonqBesselI{\nu}@{z}{q};;;;;;;;;;;;;;;;;;;;;;;;;;;
;\JacksonqBesselII{\nu}@{z}{q};;;;;;;;;;;;;;;;;;;;;;;;;;;
;\JacksonqBesselIII{\nu}@{z}{q};;;;;;;;;;;;;;;;;;;;;;;;;;;
;;;;;;;;;;;;;;;;;;;;;;;;;;;;
;\BickleyKi{\alpha}@{x};;;;;;;;;;;;;;;;;;;;;;;;;;;
;;;;;;;;;;;;;;;;;;;;;;;;;;;;
Beta[$0, $1];\EulerBeta@{a}{b};2;;;;;;https://reference.wolfram.com/language/ref/Beta.html;;;;;;;;;;;;;;;;;;;;
Beta[$0, $1, $2];\IncBeta{x}@{a}{b};3;;;(-\inf, 0);;;https://reference.wolfram.com/language/ref/Beta.html;;;;;;;;;;;;;;;;;;;;
BetaRegularized[$0, $1, $2];\IncI{x}@{a}{b};3;;;;;;https://reference.wolfram.com/language/ref/BetaRegularized.html;;;;;;;;;;;;;;;;;;;;
;\mEulerBeta{m}@{a}{b};;;;;;;;;;;;;;;;;;;;;;;;;;;
;;;;;;;;;;;;;;;;;;;;;;;;;;;;
;\CanonicInt{K}@{\Vector{x}};;;;;;;;;;;;;;;;;;;;;;;;;;;
;\CanonicIntU@{\Vector{x}};;;;;;;;;;;;;;;;;;;;;;;;;;;
;\CanonicIntE@{\Vector{x}};;;;;;;;;;;;;;;;;;;;;;;;;;;
;\CanonicIntH@{\Vector{x}};;;;;;;;;;;;;;;;;;;;;;;;;;;
;;;;;;;;;;;;;;;;;;;;;;;;;;;;
;\CatalanNumber@{n};;;;;;;;;;;;;;;;;;;;;;;;;;;
;;;;;;;;;;;;;;;;;;;;;;;;;;;;
;\CuspCat{K}@{t}{\Vector{x}};;;;;;;;;;;;;;;;;;;;;;;;;;;
;\UmbilicCatE@{s}{t}{\Vector{x}};;;;;;;;;;;;;;;;;;;;;;;;;;;
;\UmbilicCatH@{s}{t}{\Vector{x}};;;;;;;;;;;;;;;;;;;;;;;;;;;
;\DiffCat{K}@{\Vector{x}}{k};;;;;;;;;;;;;;;;;;;;;;;;;;;
;\DiffCatU@{\Vector{x}}{k};;;;;;;;;;;;;;;;;;;;;;;;;;;
;\DiffCatE@{\Vector{x}}{k};;;;;;;;;;;;;;;;;;;;;;;;;;;
;\DiffCatH@{\Vector{x}}{k};;;;;;;;;;;;;;;;;;;;;;;;;;;
;;;;;;;;;;;;;;;;;;;;;;;;;;;;
;\ChebyshevPsi@{x};;;;;;;;;;;;;;;;;;;;;;;;;;;
;;;;;;;;;;;;;;;;;;;;;;;;;;;;
;\CoulombF{L}@{\eta}{\rho};;;;;;;;;;;;;;;;;;;;;;;;;;;
;\Coulombf@{\epsilon}{\ell}{r};;;;;;;;;;;;;;;;;;;;;;;;;;;
;\Coulombc@{\epsilon}{\ell}{r};;;;;;;;;;;;;;;;;;;;;;;;;;;
;\Coulombs@{\epsilon}{\ell}{r};;;;;;;;;;;;;;;;;;;;;;;;;;;
;\Coulombh@{\epsilon}{\ell}{r};;;;;;;;;;;;;;;;;;;;;;;;;;;
;\CoulombG{\ell}@{\eta}{\rho};;;;;;;;;;;;;;;;;;;;;;;;;;;
;\CoulombH{\pm}{\ell}@{\eta}{\rho};;;;;;;;;;;;;;;;;;;;;;;;;;;
;\CoulombC{\ell}@{\eta};;;;;;;;;;;;;;;;;;;;;;;;;;;
;\CoulombTheta{\ell}@{\eta}{\rho};;;;;;;;;;;;;;;;;;;;;;;;;;;
;\CoulombSigma{\ell}@{\eta};;;;;;;;;;;;;;;;;;;;;;;;;;;
;\CoulombM{\ell}@{\eta}{\rho};;;;;;;;;;;;;;;;;;;;;;;;;;;
;\Coulombrhotp@{\eta}{\ell};;;;;;;;;;;;;;;;;;;;;;;;;;;
;\Coulombrtp@{\epsilon}{\ell};;;;;;;;;;;;;;;;;;;;;;;;;;;
;;;;;;;;;;;;;;;;;;;;;;;;;;;;
;\Cylinder{\nu}@{z};;;;;;;;;;;;;;;;;;;;;;;;;;;
;\ParabolicU@{a}{z};;;;;;;;;;;;;;;;;;;;;;;;;;;
;\ParabolicUbar@{a}{x};;;;;;;;;;;;;;;;;;;;;;;;;;;
;\ParabolicV@{a}{z};;;;;;;;;;;;;;;;;;;;;;;;;;;
;\ParabolicW@{a}{x};;;;;;;;;;;;;;;;;;;;;;;;;;;
;\WhitD{\nu}@{z};;;;;;;;;;;;;;;;;;;;;;;;;;;
;;;;;;;;;;;;;;;;;;;;;;;;;;;;
DawsonF[$0];\DawsonsInt@{z};1;;;;;;https://reference.wolfram.com/language/ref/DawsonF.html;;;;;;;;;;;;;;;;;;;;
;;;;;;;;;;;;;;;;;;;;;;;;;;;;
;\DedekindModularEta@{\tau};;;;;;;;;;;;;;;;;;;;;;;;;;;
;;;;;;;;;;;;;;;;;;;;;;;;;;;;
;\Diracdelta@{x-a};;;;;;;;;;;;;;;;;;;;;;;;;;;
;\deltaDistribution;;;;;;;;;;;;;;;;;;;;;;;;;;;
;;;;;;;;;;;;;;;;;;;;;;;;;;;;
;\DirichletL@{s}{\chi};;;;;;;;;;;;;;;;;;;;;;;;;;;
;\DirichletCharacter@@{n}{k};;;;;;;;;;;;;;;;;;;;;;;;;;;
;;;;;;;;;;;;;;;;;;;;;;;;;;;;
;\DiscriminantDelta@{\tau};;;;;;;;;;;;;;;;;;;;;;;;;;;
;;;;;;;;;;;;;;;;;;;;;;;;;;;;
;\NumPrimeDivNu@{n};;;;;;;;;;;;;;;;;;;;;;;;;;;
;\NumPrimesLessPi@{x};;;;;;;;;;;;;;;;;;;;;;;;;;;
;\DivisorFunctionD[k]@{n};;;;;;;;;;;;;;;;;;;;;;;;;;;
;\DivisorFunctionD@{n};;;;;;;;;;;;;;;;;;;;;;;;;;;
;\DivisorSigma{\alpha}@{n};;;;;;;;;;;;;;;;;;;;;;;;;;;
;\DivisorSigma{1}@{n};;;;;;;;;;;;;;;;;;;;;;;;;;;
;\JordanJ{k}@{n};;;;;;;;;;;;;;;;;;;;;;;;;;;
;\MoebiusMu@{n};;;;;;;;;;;;;;;;;;;;;;;;;;;
;\LiouvilleLambda@{n};;;;;;;;;;;;;;;;;;;;;;;;;;;
;\MangoldtLambda@{n};;;;;;;;;;;;;;;;;;;;;;;;;;;
;;;;;;;;;;;;;;;;;;;;;;;;;;;;
;\EllIntcel@{k_c}{p}{a}{b};;;;;;;;;;;;;;;;;;;;;;;;;;;
;\EllIntelone@{x}{k_c};;;;;;;;;;;;;;;;;;;;;;;;;;;
;\EllInteltwo@{x}{k_c}{a}{b};;;;;;;;;;;;;;;;;;;;;;;;;;;
;\EllIntelthree@{x}{k_c}{p};;;;;;;;;;;;;;;;;;;;;;;;;;;
;\EllIntR{-a}@{\Vector{b}}{\Vector{z}};;;;;;;;;;;;;;;;;;;;;;;;;;;
;\EllIntRF@@{x}{y}{z};;;;;;;;;;;;;;;;;;;;;;;;;;;
;\EllIntRJ@@{x}{y}{z}{p};;;;;;;;;;;;;;;;;;;;;;;;;;;
;\EllIntRG@@{x}{y}{z};;;;;;;;;;;;;;;;;;;;;;;;;;;
;\EllIntRD@@{x}{y}{z};;;;;;;;;;;;;;;;;;;;;;;;;;;
;\EllIntRC@@{x}{y};;;;;;;;;;;;;;;;;;;;;;;;;;;
;;;;;;;;;;;;;;;;;;;;;;;;;;;;
;\EulerSumH@{s};;;;;;;;;;;;;;;;;;;;;;;;;;;
;\GenEulerSumH@{s}{z};;;;;;;;;;;;;;;;;;;;;;;;;;;
;\EulerPhi@{x};;;;;;;;;;;;;;;;;;;;;;;;;;;
Gamma[$0];\EulerGamma@{z};1;;;;;;https://reference.wolfram.com/language/ref/Gamma.html;;;;;;;;;;;;;;;;;;;;
;\EulerTotientPhi[k]@{n};;;;;;;;;;;;;;;;;;;;;;;;;;;
;\EulerTotientPhi[0]@{n};;;;;;;;;;;;;;;;;;;;;;;;;;;
;\EulerianNumber{n}{k};;;;;;;;;;;;;;;;;;;;;;;;;;;
;;;;;;;;;;;;;;;;;;;;;;;;;;;;
Erf[$0];\erf@@{z};1;;;;;;https://reference.wolfram.com/language/ref/Erf.html;;;;;;;;;;;;;;;;;;;;
Erfc[$0];\erfc@@{z};1;;;;;;https://reference.wolfram.com/language/ref/Erfc.html;;;;;;;;;;;;;;;;;;;;
Exp[-$0^2]*Erfc[-I*$0];\erfw@{z};;;;;;;https://reference.wolfram.com/language/ref/Erfc.html;;;;;;;;;;;;;;;;;;;;
InverseErf[$0];\inverf@@{x};1;;;;;;https://reference.wolfram.com/language/ref/InverseErf.html;;;;;;;;;;;;;;;;;;;;
InverseErfc[$0];\inverfc@@{x};1;;;;;;https://reference.wolfram.com/language/ref/InverseErfc.html;;;;;;;;;;;;;;;;;;;;
;\RepInterfc{n}@{z};;;;;;;;;;;;;;;;;;;;;;;;;;;
;-\iunit \erf@@{\iunit z};;;;;;;;;;;;;;;;;;;;;;;;;;;
;\FishersHh{n}@{z};;;;;;;;;;;;;;;;;;;;;;;;;;;
;;;;;;;;;;;;;;;;;;;;;;;;;;;;
;\FibonacciNumber{n};;;;;;;;;;;;;;;;;;;;;;;;;;;
;;;;;;;;;;;;;;;;;;;;;;;;;;;;
;\FresnelF@{z};;;;;;;;;;;;;;;;;;;;;;;;;;;
FresnelC[$0];\FresnelCos@{z};1;;;;;;https://reference.wolfram.com/language/ref/FresnelC.html;;;;;;;;;;;;;;;;;;;;
FresnelS[$0];\FresnelSin@{z};1;;;;;;https://reference.wolfram.com/language/ref/FresnelS.html;;;;;;;;;;;;;;;;;;;;
FresnelF[$0];\Fresnelf@{z} ;1;;;;;;https://reference.wolfram.com/language/ref/FresnelF.html;;;;;;;;;;;;;;;;;;;;
FresnelG[$0];\Fresnelg@{z};1;;;;;;https://reference.wolfram.com/language/ref/FresnelG.html;;;;;;;;;;;;;;;;;;;;
;;;;;;;;;;;;;;;;;;;;;;;;;;;;
Gamma[$0];\EulerGamma@{z};1;;;;;;https://reference.wolfram.com/language/ref/Gamma.html;;;;;;;;;;;;;;;;;;;;
Gamma[$0, 0, $1];\incgamma@{a}{z};3;;;;;;https://reference.wolfram.com/language/ref/Gamma.html;;;;;;;;;;;;;;;;;;;;
Gamma[$0, $1];\IncGamma@{a}{z};2;;;(-\inf, 0);;;https://reference.wolfram.com/language/ref/Gamma.html;;;;;;;;;;;;;;;;;;;;
LogGamma[$0];\ln@@{\EulerGamma@{z}};1;;;(-\inf, 0);;;https://reference.wolfram.com/language/ref/LogGamma.html;;;;;;;;;;;;;;;;;;;;
PolyGamma[$0];\digamma@{z};1;;;;;;https://reference.wolfram.com/language/ref/PolyGamma.html;;;;;;;;;;;;;;;;;;;;
PolyGamma[$0, $1];\polygamma{n}@{z};2;;;;;;https://reference.wolfram.com/language/ref/PolyGamma.html;;;;;;;;;;;;;;;;;;;;
BarnesG[$0];\BarnesGamma@{z};1;;;;;;http://reference.wolfram.com/language/ref/BarnesG.html;;;;;;;;;;;;;;;;;;;;
GammaRegularized[$0, 0, $1];\GammaP@{a}{z};3;;;;;;https://reference.wolfram.com/language/ref/GammaRegularized.html;;;;;;;;;;;;;;;;;;;;
GammaRegularized[$0, $1];\GammaQ@{a}{z};2;;;;;;https://reference.wolfram.com/language/ref/GammaRegularized.html;;;;;;;;;;;;;;;;;;;;
;\incgammastar@{a}{z};;;;;;;;;;;;;;;;;;;;;;;;;;;
;\mEulerGamma{m}@{a};;;;;;;;;;;;;;;;;;;;;;;;;;;
;;;;;;;;;;;;;;;;;;;;;;;;;;;;
;\AGM@{a}{g};;;;;;;;;;;;;;;;;;;;;;;;;;;
;\GaussSum@{n}{\DirichletCharacter};;;;;;;;;;;;;;;;;;;;;;;;;;;
;;;;;;;;;;;;;;;;;;;;;;;;;;;;
;\GoodStat@{z};;;;;;;;;;;;;;;;;;;;;;;;;;;
;;;;;;;;;;;;;;;;;;;;;;;;;;;;
;\HarmonicNumber{n};;;;;;;;;;;;;;;;;;;;;;;;;;;
;\digamma@{z+1}+\EulerConstant;;;;;;;;;;;;;;;;;;;;;;;;;;;
;\sum_{k=1}^{n}\frac{1}{k^z};;;;;;;;;;;;;;;;;;;;;;;;;;;
;\SphericalHarmonicY{l}{m}@{\theta}{\phi};;;;;;;;;;;;;;;;;;;;;;;;;;;
;\SurfaceHarmonicY{l}{m}@{\theta}{\phi};;;;;;;;;;;;;;;;;;;;;;;;;;;
;;;;;;;;;;;;;;;;;;;;;;;;;;;;
;\HeavisideH@{x};;;;;;;;;;;;;;;;;;;;;;;;;;;
;;;;;;;;;;;;;;;;;;;;;;;;;;;;
;\HeunLocal@@{a}{q}{\alpha}{\beta}{\gamma}{\delta}{z};;;;;;;;;;;;;;;;;;;;;;;;;;;
;;;;;;;;;;;;;;;;;;;;;;;;;;;;
;;;;;;;;;;;;;;;;;;;;;;;;;;;;
;;;;;;;;;;;;;;;;;;;;;;;;;;;;
;;;;;;;;;;;;;;;;;;;;;;;;;;;;
;\HeunFunction{m}{a}{b}@@{a}{q}{\alpha}{\beta}{\gamma}{\delta}{z};;;;;;;;;;;;;;;;;;;;;;;;;;;
;;;;;;;;;;;;;;;;;;;;;;;;;;;;
;\HypergeoF@@@{a}{b}{c}{z};;;;;;;;;;;;;;;;;;;;;;;;;;;
;\HyperboldpFq{2}{1}@{a,b}{c}{z};;;;;;;;;;;;;;;;;;;;;;;;;;;
;\HyperpFq{p}{q}@@@{a_1,...,a_p}{b_1,...,b_q}{z};;;;;;;;;;;;;;;;;;;;;;;;;;;
;\HyperpHq{p}{q}@@@{a_1,...,a_p}{b_1,...,b_q}{z};;;;;;;;;;;;;;;;;;;;;;;;;;;
;\HypergeoboldF@@@{a}{b}{c}{z};;;;;;;;;;;;;;;;;;;;;;;;;;;
;"\HyperboldpFq{p}{q}@@
{\Vector{a}}{\Vector{b}}{z}";;;;;;;;;;;;;;;;;;;;;;;;;;;
;\KummerM@{a}{b}{z};;;;;;;;;;;;;;;;;;;;;;;;;;;
;\KummerU@{a}{b}{z};;;;;;;;;;;;;;;;;;;;;;;;;;;
;\KummerboldM@{a}{b}{z};;;;;;;;;;;;;;;;;;;;;;;;;;;
;\HyperPsi@{a}{b}{\Matrix{T}};;;;;;;;;;;;;;;;;;;;;;;;;;;
;\LauricellaFD@{a}{b_1,...,b_n}{c}{z_1,...,z_n};;;;;;;;;;;;;;;;;;;;;;;;;;;
;\RiemannP@{\begin{Bmatrix} \alpha & \beta &\gamma & \\ a_1 & b_1 & c_1 & z \\ a_2 & b_2 & c_2 & \end{Bmatrix}};;;;;;;;;;;;;;;;;;;;;;;;;;;
;;;;;;;;;;;;;;;;;;;;;;;;;;;;
;\idem@{\chi_1}{\chi_1,...,\chi_n};;;;;;;;;;;;;;;;;;;;;;;;;;;
;;;;;;;;;;;;;;;;;;;;;;;;;;;;
;\Jacobiphi{\alpha}{\beta}{\lambda}@{t};;;;;;;;;;;;;;;;;;;;;;;;;;;
;\AbstractJacobi{p}{q};;;;;;;;;;;;;;;;;;;;;;;;;;;
;\Jacobiam@{z}{k};;;;;;;;;;;;;;;;;;;;;;;;;;;
;;;;;;;;;;;;;;;;;;;;;;;;;;;;
JacobiSN[$0, ($1)^2];\Jacobisn@@{z}{k};2;;;;;;https://reference.wolfram.com/language/ref/JacobiSN.html;;;;;;;;;;;;;;;;;;;;
JacobiCN[$0, ($1)^2];\Jacobicn@@{z}{k};2;;;;;;https://reference.wolfram.com/language/ref/JacobiCN.html;;;;;;;;;;;;;;;;;;;;
JacobiDN[$0, ($1)^2];\Jacobidn@@{z}{k};2;;;;;;https://reference.wolfram.com/language/ref/JacobiDN.html;;;;;;;;;;;;;;;;;;;;
JacobiSD[$0, ($1)^2];\Jacobisd@@{z}{k};2;;;;;;https://reference.wolfram.com/language/ref/JacobiSD.html;;;;;;;;;;;;;;;;;;;;
JacobiCD[$0, ($1)^2];\Jacobicd@@{z}{k};2;;;;;;https://reference.wolfram.com/language/ref/JacobiCD.html;;;;;;;;;;;;;;;;;;;;
JacobiSC[$0, ($1)^2];\Jacobisc@@{z}{k};2;;;;;;https://reference.wolfram.com/language/ref/JacobiSC.html;;;;;;;;;;;;;;;;;;;;
JacobiNS[$0, ($1)^2];\Jacobins@@{z}{k};2;;;;;;https://reference.wolfram.com/language/ref/JacobiNS.html;;;;;;;;;;;;;;;;;;;;
JacobiNC[$0, ($1)^2];\Jacobinc@@{z}{k};2;;;;;;https://reference.wolfram.com/language/ref/JacobiNC.html;;;;;;;;;;;;;;;;;;;;
JacobiND[$0, ($1)^2];\Jacobind@@{z}{k};2;;;;;;https://reference.wolfram.com/language/ref/JacobiND.html;;;;;;;;;;;;;;;;;;;;
JacobiDS[$0, ($1)^2];\Jacobids@@{z}{k};2;;;;;;https://reference.wolfram.com/language/ref/JacobiDS.html;;;;;;;;;;;;;;;;;;;;
JacobiDC[$0, ($1)^2];\Jacobidc@@{z}{k};2;;;;;;https://reference.wolfram.com/language/ref/JacobiDC.html;;;;;;;;;;;;;;;;;;;;
JacobiCS[$0, ($1)^2];\Jacobics@@{z}{k};2;;;;;;https://reference.wolfram.com/language/ref/JacobiCS.html;;;;;;;;;;;;;;;;;;;;
;\arcJacobisn@@{z}{k};;;;;;;;;;;;;;;;;;;;;;;;;;;
;\arcJacobicn@@{z}{k};;;;;;;;;;;;;;;;;;;;;;;;;;;
;\arcJacobidn@@{z}{k};;;;;;;;;;;;;;;;;;;;;;;;;;;
;\arcJacobisd@@{z}{k};;;;;;;;;;;;;;;;;;;;;;;;;;;
;\arcJacobicd@@{z}{k};;;;;;;;;;;;;;;;;;;;;;;;;;;
;\arcJacobisc@@{z}{k};;;;;;;;;;;;;;;;;;;;;;;;;;;
;\arcJacobins@@{z}{k};;;;;;;;;;;;;;;;;;;;;;;;;;;
;\arcJacobinc@@{z}{k};;;;;;;;;;;;;;;;;;;;;;;;;;;
;\arcJacobind@@{z}{k};;;;;;;;;;;;;;;;;;;;;;;;;;;
;\arcJacobids@@{z}{k};;;;;;;;;;;;;;;;;;;;;;;;;;;
;\arcJacobidc@@{z}{k};;;;;;;;;;;;;;;;;;;;;;;;;;;
;\arcJacobics@@{z}{k};;;;;;;;;;;;;;;;;;;;;;;;;;;
;\JacobiEpsilon@{x}{k};;;;;;;;;;;;;;;;;;;;;;;;;;;
;\JacobiTheta{1}@{z}{q};;;;;;;;;;;;;;;;;;;;;;;;;;;
;\JacobiTheta{2}@{z}{q};;;;;;;;;;;;;;;;;;;;;;;;;;;
;\JacobiTheta{3}@{z}{q};;;;;;;;;;;;;;;;;;;;;;;;;;;
;\JacobiTheta{4}@{z}{q};;;;;;;;;;;;;;;;;;;;;;;;;;;
;\JacobiTheta{j}@{z}{q};;;;;;;;;;;;;;;;;;;;;;;;;;;
;\JacobiThetaTau{j}@{z}{\tau};;;;;;;;;;;;;;;;;;;;;;;;;;;
;\JacobiThetaCombined{n}{m}@{z}{q};;;;;;;;;;;;;;;;;;;;;;;;;;;
;\AThetaFunction@{x};;;;;;;;;;;;;;;;;;;;;;;;;;;
;\JacobiZeta@{x}{k};;;;;;;;;;;;;;;;;;;;;;;;;;;
;\JacobiSymbol{n}{P};;;;;;;;;;;;;;;;;;;;;;;;;;;
;;;;;;;;;;;;;;;;;;;;;;;;;;;;
;\Kelvinber{\nu}@@{x};;;;;;;;;;;;;;;;;;;;;;;;;;;
;\Kelvinbei{\nu}@@{x};;;;;;;;;;;;;;;;;;;;;;;;;;;
;\Kelvinker{\nu}@@{x};;;;;;;;;;;;;;;;;;;;;;;;;;;
;\Kelvinkei{\nu}@@{x};;;;;;;;;;;;;;;;;;;;;;;;;;;
;\frac{1}{2}\HankelHi{\nu}@{x\left(-\frac{1}{2}\sqrt{2}+\frac{1}{2}\iunit\sqrt{2}\right)} + \frac{1}{2}\HankelHii{\nu}@{x\left(-\frac{1}{2}\sqrt{2}-\frac{1}{2}\iunit\sqrt{2}\right)};;;;;;;;;;;;;;;;;;;;;;;;;;;
;\frac{1}{2}\iunit\left(\HankelHii{\nu}@{x\left(-\frac{1}{2}\sqrt{2}-\frac{1}{2}\iunit\sqrt{2}\right)} - \HankelHi{\nu}@{x\left(-\frac{1}{2}\sqrt{2}+\frac{1}{2}\iunit\sqrt{2}\right)}\right);;;;;;;;;;;;;;;;;;;;;;;;;;;
;;;;;;;;;;;;;;;;;;;;;;;;;;;;
;\LameEc{m}{\nu}@{z}{k^2};;;;;;;;;;;;;;;;;;;;;;;;;;;
;\LameEs{m}{\nu}@{z}{k^2};;;;;;;;;;;;;;;;;;;;;;;;;;;
;\Lamea{n}{\nu}@{k^2};;;;;;;;;;;;;;;;;;;;;;;;;;;
;\Lameb{n}{\nu}@{k^2};;;;;;;;;;;;;;;;;;;;;;;;;;;
;;;;;;;;;;;;;;;;;;;;;;;;;;;;
LegendreP[$1, $0, 1, $3];\FerrersP[\mu]{\nu}@{z};4;;;;;;https://reference.wolfram.com/language/ref/LegendreP.html;;;;;;;;;;;;;;;;;;;;
LegendreQ[$1, $0, 1, $3];\FerrersQ[\mu]{\nu}@{z};4;;;;;;https://reference.wolfram.com/language/ref/LegendreQ.html;;;;;;;;;;;;;;;;;;;;
LegendreP[$1, $0, 3, $3];\LegendreP[\mu]{\nu}@{z};4;;;;;;https://reference.wolfram.com/language/ref/LegendreP.html;;;;;;;;;;;;;;;;;;;;
;\LegendreQ[\mu]{\nu}@{z};;;;;;;;;;;;;;;;;;;;;;;;;;;
;\LegendreBlackQ[\mu]{\nu}@{z};;;;;;;;;;;;;;;;;;;;;;;;;;;
;\FerrersHatQ[-\mu]{-\frac{1}{2}+i\tau}@{x};;;;;;;;;;;;;;;;;;;;;;;;;;;
;;;;;;;;;;;;;;;;;;;;;;;;;;;;
;\EllIntF@{\phi}{k};;;;;;;;;;;;;;;;;;;;;;;;;;;
;\EllIntE@{\phi}{k};;;;;;;;;;;;;;;;;;;;;;;;;;;
;\EllIntPi@{\phi}{\alpha^2}{k};;;;;;;;;;;;;;;;;;;;;;;;;;;
;\EllIntD@{\phi}{k};;;;;;;;;;;;;;;;;;;;;;;;;;;
EllipticK[($0)^2];\CompEllIntK@{k};1;;;;;;;;;;;;;;;;;;;;;;;;;;
;\CompEllIntE@{k};;;;;;;;;;;;;;;;;;;;;;;;;;;
;\CompEllIntPi@{\alpha^2}{k};;;;;;;;;;;;;;;;;;;;;;;;;;;
;\CompEllIntD@{k};;;;;;;;;;;;;;;;;;;;;;;;;;;
;\CompEllIntCK@{k};;;;;;;;;;;;;;;;;;;;;;;;;;;
;\CompEllIntCE@{k};;;;;;;;;;;;;;;;;;;;;;;;;;;
;\EllIntPi@{\pi/2}{\nu}{\sqrt{1-k^2}};;;;;;;;;;;;;;;;;;;;;;;;;;;
;;;;;;;;;;;;;;;;;;;;;;;;;;;;
;\LerchPhi@{z}{s}{a};;;;;;;;;;;;;;;;;;;;;;;;;;;
;;;;;;;;;;;;;;;;;;;;;;;;;;;;
;\Lommels{\mu}{\nu}@{z};;;;;;;;;;;;;;;;;;;;;;;;;;;
;\LommelS{\mu}{\nu}@{z};;;;;;;;;;;;;;;;;;;;;;;;;;;
;;;;;;;;;;;;;;;;;;;;;;;;;;;;
;;;;;;;;;;;;;;;;;;;;;;;;;;;;
;;;;;;;;;;;;;;;;;;;;;;;;;;;;
;;;;;;;;;;;;;;;;;;;;;;;;;;;;
;;;;;;;;;;;;;;;;;;;;;;;;;;;;
;\MathieuEigenvaluea{n}@@{q};;;;;;;;;;;;;;;;;;;;;;;;;;;
;\MathieuEigenvalueb{n}@@{q};;;;;;;;;;;;;;;;;;;;;;;;;;;
;\MathieuEigenvaluelambda{m}@@{q};;;;;;;;;;;;;;;;;;;;;;;;;;;
;;;;;;;;;;;;;;;;;;;;;;;;;;;;
;\Mathieuce{n}@@{z}{q};;;;;;;;;;;;;;;;;;;;;;;;;;;
;;;;;;;;;;;;;;;;;;;;;;;;;;;;
;\Mathieuse{n}@@{z}{q};;;;;;;;;;;;;;;;;;;;;;;;;;;
;\Mathieume{n}@@{z}{q};;;;;;;;;;;;;;;;;;;;;;;;;;;
;;;;;;;;;;;;;;;;;;;;;;;;;;;;
;;;;;;;;;;;;;;;;;;;;;;;;;;;;
;\MathieuCe{\nu}@@{z}{q};;;;;;;;;;;;;;;;;;;;;;;;;;;
;\MathieuSe{\nu}@@{z}{q};;;;;;;;;;;;;;;;;;;;;;;;;;;
;\MathieuMe{\nu}@@{z}{q};;;;;;;;;;;;;;;;;;;;;;;;;;;
;\MathieuFe{n}@@{z}{q};;;;;;;;;;;;;;;;;;;;;;;;;;;
;\MathieuGe{n}@@{z}{q};;;;;;;;;;;;;;;;;;;;;;;;;;;
;\MathieuM{j}{\nu}@@{z}{h};;;;;;;;;;;;;;;;;;;;;;;;;;;
;\MathieuIe{n}@@{z}{h};;;;;;;;;;;;;;;;;;;;;;;;;;;
;\MathieuIo{n}@@{z}{h};;;;;;;;;;;;;;;;;;;;;;;;;;;
;\MathieuKe{n}@@{z}{h};;;;;;;;;;;;;;;;;;;;;;;;;;;
;\MathieuKo{n}@@{z}{h};;;;;;;;;;;;;;;;;;;;;;;;;;;
;\MathieuMc{j}{n}@@{z}{h};;;;;;;;;;;;;;;;;;;;;;;;;;;
;\MathieuMs{j}{n}@@{z}{h};;;;;;;;;;;;;;;;;;;;;;;;;;;
;\Mathieufe{n}@@{z}{q};;;;;;;;;;;;;;;;;;;;;;;;;;;
;\Mathieuge{n}@@{z}{q};;;;;;;;;;;;;;;;;;;;;;;;;;;
;\MathieuD{j}@{\nu}{\mu}{z};;;;;;;;;;;;;;;;;;;;;;;;;;;
;\MathieuDs{j}@{n}{m}{z};;;;;;;;;;;;;;;;;;;;;;;;;;;
;\MathieuDc{j}@{n}{m}{z};;;;;;;;;;;;;;;;;;;;;;;;;;;
;\MathieuDsc{j}@{n}{m}{z};;;;;;;;;;;;;;;;;;;;;;;;;;;
;\MathieuFc{m}@{z}{h};;;;;;;;;;;;;;;;;;;;;;;;;;;
;\MathieuFs{m}@{z}{h};;;;;;;;;;;;;;;;;;;;;;;;;;;
;\MathieuGc{m}@{z}{h};;;;;;;;;;;;;;;;;;;;;;;;;;;
;\MathieuGs{m}@{z}{h};;;;;;;;;;;;;;;;;;;;;;;;;;;
;;;;;;;;;;;;;;;;;;;;;;;;;;;;
;;;;;;;;;;;;;;;;;;;;;;;;;;;;
;;;;;;;;;;;;;;;;;;;;;;;;;;;;
;\MeijerG{m}{n}{p}{q}@@@{z}{\Vector{a}}{\Vector{b}};;;;;;;;;;;;;;;;;;;;;;;;;;;
;;;;;;;;;;;;;;;;;;;;;;;;;;;;
;\Mills@{x};;;;;;;;;;;;;;;;;;;;;;;;;;;
;;;;;;;;;;;;;;;;;;;;;;;;;;;;
;\ModularLambda@{\tau};;;;;;;;;;;;;;;;;;;;;;;;;;;
;\ModularJ@{\tau};;;;;;;;;;;;;;;;;;;;;;;;;;;
;\DedekindModularEta@{\tau};;;;;;;;;;;;;;;;;;;;;;;;;;;
;;;;;;;;;;;;;;;;;;;;;;;;;;;;
;\Pade{p}{q}{f};;;;;;;;;;;;;;;;;;;;;;;;;;;
;;;;;;;;;;;;;;;;;;;;;;;;;;;;
;\RamanujanSum{k}@{n};;;;;;;;;;;;;;;;;;;;;;;;;;;
;\RamanujanTau@{n};;;;;;;;;;;;;;;;;;;;;;;;;;;
;;;;;;;;;;;;;;;;;;;;;;;;;;;;
;\RayleighFun{n}@{\nu};;;;;;;;;;;;;;;;;;;;;;;;;;;
;;;;;;;;;;;;;;;;;;;;;;;;;;;;
;\RiemannTheta@{\Vector{z}}{\Matrix{\Omega}};;;;;;;;;;;;;;;;;;;;;;;;;;;
;\RiemannThetaChar{\Vector{\alpha}}{\Vector{\beta}}@{\Vector{z}}{\Matrix{\Omega}};;;;;;;;;;;;;;;;;;;;;;;;;;;
;\RiemannThetaHat@{\Vector{z}}{\Matrix{\Omega}};;;;;;;;;;;;;;;;;;;;;;;;;;;
;\RiemannXi@{s};;;;;;;;;;;;;;;;;;;;;;;;;;;
;\RiemannZeta@{s};;;;;;;;;;;;;;;;;;;;;;;;;;;
;;;;;;;;;;;;;;;;;;;;;;;;;;;;
;\ScorerGi@{z};;;;;;;;;;;;;;;;;;;;;;;;;;;
;\ScorerHi@{z};;;;;;;;;;;;;;;;;;;;;;;;;;;
;;;;;;;;;;;;;;;;;;;;;;;;;;;;
;\SpheroidalEigenvalueLambda{m}{n}@{\gamma^2};;;;;;;;;;;;;;;;;;;;;;;;;;;
;\SpheroidalOnCutPs{m}{n}@{x}{\gamma^2};;;;;;;;;;;;;;;;;;;;;;;;;;;
;\SpheroidalOnCutQs{m}{n}@{x}{\gamma^2};;;;;;;;;;;;;;;;;;;;;;;;;;;
;\SpheroidalPs{m}{n}@{z}{\gamma^2};;;;;;;;;;;;;;;;;;;;;;;;;;;
;\SpheroidalQs{m}{n}@{z}{\gamma^2};;;;;;;;;;;;;;;;;;;;;;;;;;;
;\SpheroidalRadialS{m}{j}{n}@{z}{\gamma};;;;;;;;;;;;;;;;;;;;;;;;;;;
;;;;;;;;;;;;;;;;;;;;;;;;;;;;
;\StirlingS@{n}{k};;;;;;;;;;;;;;;;;;;;;;;;;;;
;\StirlingSS@{n}{k};;;;;;;;;;;;;;;;;;;;;;;;;;;
;;;;;;;;;;;;;;;;;;;;;;;;;;;;
;\StruveH{\nu}@{z};;;;;;;;;;;;;;;;;;;;;;;;;;;
;\StruveK{\nu}@{z};;;;;;;;;;;;;;;;;;;;;;;;;;;
;\StruveL{\nu}@{z};;;;;;;;;;;;;;;;;;;;;;;;;;;
;\StruveM{\nu}@{z};;;;;;;;;;;;;;;;;;;;;;;;;;;
;;;;;;;;;;;;;;;;;;;;;;;;;;;;
;\LegendreSymbol{n}{p};;;;;;;;;;;;;;;;;;;;;;;;;;;
;\Kronecker{j}{k};;;;;;;;;;;;;;;;;;;;;;;;;;;
;\NeumannFactor{n};;;;;;;;;;;;;;;;;;;;;;;;;;;
;\LeviCivita{j}{k}{l};;;;;;;;;;;;;;;;;;;;;;;;;;;
;\RiemannP@{\begin{Bmatrix} \alpha & \beta &\gamma & \\ a_1 & b_1 & c_1 & z \\ a_2 & b_2 & c_2 & \end{Bmatrix}};;;;;;;;;;;;;;;;;;;;;;;;;;;
Pochhammer[$0, $1];\pochhammer{a}{n};;;;;;;https://reference.wolfram.com/language/ref/Pochhammer.html;;;;;;;;;;;;;;;;;;;;
;\threej@@{j_1}{j_2}{j_3}{m_1}{m_2}{m_3};;;;;;;;;;;;;;;;;;;;;;;;;;;
;\sixj@@{j_{1}}{j_{2}}{j_{3}}{l_{1}}{l_{2}}{l_{3}};;;;;;;;;;;;;;;;;;;;;;;;;;;
;\ninej@@{j_{11}}{j_{12}}{j_{13}}{j_{21}}{j_{22}}{j_{23}}{j_{31}}{j_{32}}{j_{33}};;;;;;;;;;;;;;;;;;;;;;;;;;;
;\wigner{j_1}{m_1}{j_2}{m_2}{j_3}{-m_3};;;;;;;;;;;;;;;;;;;;;;;;;;;
;;;;;;;;;;;;;;;;;;;;;;;;;;;;
;\terminant{p}@{z};;;;;;;;;;;;;;;;;;;;;;;;;;;
;\rescaledTerminant{p}@{z};;;;;;;;;;;;;;;;;;;;;;;;;;;
;;;;;;;;;;;;;;;;;;;;;;;;;;;;
;\FourierTrans@@{f}{s};;;;;;;;;;;;;;;;;;;;;;;;;;;
;\LaplaceTrans@{f}{s};;;;;;;;;;;;;;;;;;;;;;;;;;;
;\MellinTrans@{f}{s};;;;;;;;;;;;;;;;;;;;;;;;;;;
;\HilbertTrans@{f}{s};;;;;;;;;;;;;;;;;;;;;;;;;;;
;\StieltjesTrans@{f}{s};;;;;;;;;;;;;;;;;;;;;;;;;;;
;;;;;;;;;;;;;;;;;;;;;;;;;;;;
;\VariationalOp[a,b]@{f};;;;;;;;;;;;;;;;;;;;;;;;;;;
;;;;;;;;;;;;;;;;;;;;;;;;;;;;
;\gradient f;;;;;;;;;;;;;;;;;;;;;;;;;;;
;\divergence F;;;;;;;;;;;;;;;;;;;;;;;;;;;
;\curl F;;;;;;;;;;;;;;;;;;;;;;;;;;;
;;;;;;;;;;;;;;;;;;;;;;;;;;;;
;\VoigtU@{x}{t};;;;;;;;;;;;;;;;;;;;;;;;;;;
;\VoigtV@{x}{t};;;;;;;;;;;;;;;;;;;;;;;;;;;
;\LinBrF@{a}{u};;;;;;;;;;;;;;;;;;;;;;;;;;;
;;;;;;;;;;;;;;;;;;;;;;;;;;;;
;\Waringg@{k};;;;;;;;;;;;;;;;;;;;;;;;;;;
;\WaringG@{k};;;;;;;;;;;;;;;;;;;;;;;;;;;
;\NumSquaresR{k}@{n};;;;;;;;;;;;;;;;;;;;;;;;;;;
;;;;;;;;;;;;;;;;;;;;;;;;;;;;
;;;;;;;;;;;;;;;;;;;;;;;;;;;;
;;;;;;;;;;;;;;;;;;;;;;;;;;;;
;;;;;;;;;;;;;;;;;;;;;;;;;;;;
;\WeierPInv@@{z}{g_2}{g_3};;;;;;;;;;;;;;;;;;;;;;;;;;;
;\WeierPLat@@{z}{\Lattice{L}};;;;;;;;;;;;;;;;;;;;;;;;;;;
;;;;;;;;;;;;;;;;;;;;;;;;;;;;
;\WeierzetaInv@@{z}{g_2}{g_3};;;;;;;;;;;;;;;;;;;;;;;;;;;
;\WeierzetaLat@@{z}{\Lattice{L}};;;;;;;;;;;;;;;;;;;;;;;;;;;
;\WeiersigmaInv@@{z}{g_2}{g_3};;;;;;;;;;;;;;;;;;;;;;;;;;;
;\WeiersigmaLat@@{z}{\Lattice{L}};;;;;;;;;;;;;;;;;;;;;;;;;;;
;;;;;;;;;;;;;;;;;;;;;;;;;;;;
;\WhitM{\kappa}{\mu}@{z};;;;;;;;;;;;;;;;;;;;;;;;;;;
;\WhitW{\kappa}{\mu}@{z};;;;;;;;;;;;;;;;;;;;;;;;;;;
;;;;;;;;;;;;;;;;;;;;;;;;;;;;
;\RiemannZeta@{s};;;;;;;;;;;;;;;;;;;;;;;;;;;
;;;;;;;;;;;;;;;;;;;;;;;;;;;;
;\HurwitzZeta@{s}{a};;;;;;;;;;;;;;;;;;;;;;;;;;;
;;;;;;;;;;;;;;;;;;;;;;;;;;;;
;\WeierzetaInv@@{z}{g_2}{g_3};;;;;;;;;;;;;;;;;;;;;;;;;;;
;\WeierzetaLat@@{z}{\Lattice{L}};;;;;;;;;;;;;;;;;;;;;;;;;;;
;\JacobiZeta@{x}{k};;;;;;;;;;;;;;;;;;;;;;;;;;;
;\PeriodicZeta@{x}{s};;;;;;;;;;;;;;;;;;;;;;;;;;;
;;;;;;;;;;;;;;;;;;;;;;;;;;;;
;;;;;;;;;;;;;;;;;;;;;;;;;;;;
;;;;;;;;;;;;;;;;;;;;;;;;;;;;
;DRMF Macro;;;;;;;;;;;;;;;;;;;;;;;;;;;
;\AlSalamChiharaQ{n}@{x}{a}{b}{q};;;;;;;;;;;;;;;;;;;;;;;;;;;
;\AlSalamChihara{n}@@{x}{a}{b}{q};;;;;;;;;;;;;;;;;;;;;;;;;;;
;\qinvAlSalamChihara{n}@{x}{a}{b}{q^{-1}};;;;;;;;;;;;;;;;;;;;;;;;;;;
;\AlSalamCarlitzI{a}{n}@{x}{q};;;;;;;;;;;;;;;;;;;;;;;;;;;
;\AlSalamCarlitzII{a}{n}@{x}{q};;;;;;;;;;;;;;;;;;;;;;;;;;;
;\AlSalamIsmail{n}@{x}{s}{q};;;;;;;;;;;;;;;;;;;;;;;;;;;
;;;;;;;;;;;;;;;;;;;;;;;;;;;;
;\AskeyWilson{n}@{x}{a}{b}{c}{d}{q};;;;;;;;;;;;;;;;;;;;;;;;;;;
;\AskeyWilsonp{n}@{x}{a}{b}{c}{d}{q};;;;;;;;;;;;;;;;;;;;;;;;;;;
;;;;;;;;;;;;;;;;;;;;;;;;;;;;
;\BernoulliB{n}@{0};;;;;;;;;;;;;;;;;;;;;;;;;;;
;\BernoulliB{n}@{x};;;;;;;;;;;;;;;;;;;;;;;;;;;
;\GenBernoulliB{\ell}{n}@{x};;;;;;;;;;;;;;;;;;;;;;;;;;;
;\PeriodicBernoulliB{n}@{x};;;;;;;;;;;;;;;;;;;;;;;;;;;
;\qBernoulli{n}@{x}{q};;;;;;;;;;;;;;;;;;;;;;;;;;;
;;;;;;;;;;;;;;;;;;;;;;;;;;;;
;\BellNumber@{n};;;;;;;;;;;;;;;;;;;;;;;;;;;
;;;;;;;;;;;;;;;;;;;;;;;;;;;;
;;;;;;;;;;;;;;;;;;;;;;;;;;;;
;;;;;;;;;;;;;;;;;;;;;;;;;;;;
;;;;;;;;;;;;;;;;;;;;;;;;;;;;
;\BesselPoly{n}@{x}{a};;;;;;;;;;;;;;;;;;;;;;;;;;;
;\BesselPolyy{n}@{x}{a};;;;;;;;;;;;;;;;;;;;;;;;;;;
;\BesselPolyIIparam{n}@{x}{a}{b};;;;;;;;;;;;;;;;;;;;;;;;;;;
;\BesselPolyTheta{n}@{x}{a}{b};;;;;;;;;;;;;;;;;;;;;;;;;;;
;;;;;;;;;;;;;;;;;;;;;;;;;;;;
;\Charlier{n}@{x}{a};;;;;;;;;;;;;;;;;;;;;;;;;;;
;\CharlierC{n}@{x}{a};;;;;;;;;;;;;;;;;;;;;;;;;;;
;;;;;;;;;;;;;;;;;;;;;;;;;;;;
;\ChebyT{n}@{x};;;;;;;;;;;;;;;;;;;;;;;;;;;
;\ChebyU{n}@{x};;;;;;;;;;;;;;;;;;;;;;;;;;;
;\ChebyV{n}@{x};;;;;;;;;;;;;;;;;;;;;;;;;;;
;\ChebyW{n}@{x};;;;;;;;;;;;;;;;;;;;;;;;;;;
;\ChebyTs{n}@{x};;;;;;;;;;;;;;;;;;;;;;;;;;;
;\ChebyUs{n}@{x};;;;;;;;;;;;;;;;;;;;;;;;;;;
;\ChebyC{n}@{x};;;;;;;;;;;;;;;;;;;;;;;;;;;
;\ChebyS{n}@{x};;;;;;;;;;;;;;;;;;;;;;;;;;;
;\CiglerqChebyT{n}@{x}{s}{q};;;;;;;;;;;;;;;;;;;;;;;;;;;
;\CiglerqChebyU{n}@{x}{s}{q};;;;;;;;;;;;;;;;;;;;;;;;;;;
;\monicChebyT{n}@@{x};;;;;;;;;;;;;;;;;;;;;;;;;;;
;\monicChebyU{n}@@{x};;;;;;;;;;;;;;;;;;;;;;;;;;;
;;;;;;;;;;;;;;;;;;;;;;;;;;;;
;\DiskOP{\alpha}{m}{n}@{z};;;;;;;;;;;;;;;;;;;;;;;;;;;
;;;;;;;;;;;;;;;;;;;;;;;;;;;;
;\EulerE{n}@{x};;;;;;;;;;;;;;;;;;;;;;;;;;;
;\GenEulerE{\ell}{n}@{x};;;;;;;;;;;;;;;;;;;;;;;;;;;
;\PeriodicEulerE{n}@{x};;;;;;;;;;;;;;;;;;;;;;;;;;;
;;;;;;;;;;;;;;;;;;;;;;;;;;;;
;\Ultra{\lambda}{n}@{x};;;;;;;;;;;;;;;;;;;;;;;;;;;
;\Ultraspherical{\lambda}{n}@{x};;;;;;;;;;;;;;;;;;;;;;;;;;;
;\GenGegenbauerS{\alpha}{\beta}{n}@{x};;;;;;;;;;;;;;;;;;;;;;;;;;;
;;;;;;;;;;;;;;;;;;;;;;;;;;;;
;\Hahn{n}@{x}{\alpha}{\beta}{N};;;;;;;;;;;;;;;;;;;;;;;;;;;
;\HahnQ{n}@{x}{\alpha}{\beta}{N};;;;;;;;;;;;;;;;;;;;;;;;;;;
;\HahnR{n}@{x}{\gamma}{\delta}{N};;;;;;;;;;;;;;;;;;;;;;;;;;;
;\dualHahn{n}@@{\lambda(x)}{\gamma}{\delta}{N};;;;;;;;;;;;;;;;;;;;;;;;;;;
;\HahnS{n}@{x}{a}{b}{c};;;;;;;;;;;;;;;;;;;;;;;;;;;
;\Hahnp{n}@{x}{a}{b}{\conj{a}}{\conj{b}};;;;;;;;;;;;;;;;;;;;;;;;;;;
;;;;;;;;;;;;;;;;;;;;;;;;;;;;
;\Hermite{n}@{x};;;;;;;;;;;;;;;;;;;;;;;;;;;
;\HermiteH{n}@{x};;;;;;;;;;;;;;;;;;;;;;;;;;;
;\HermiteHe{n}@{x};;;;;;;;;;;;;;;;;;;;;;;;;;;
;\GenHermite[\alpha]{n}@{x};;;;;;;;;;;;;;;;;;;;;;;;;;;
;;;;;;;;;;;;;;;;;;;;;;;;;;;;
;\HeunPolynom{n}{m}@@{a}{q}{-n}{\beta}{\gamma}{\delta}{z};;;;;;;;;;;;;;;;;;;;;;;;;;;
;;;;;;;;;;;;;;;;;;;;;;;;;;;;
JacobiP[$2, $0, $1, $3];\Jacobi{\alpha}{\beta}{n}@{x};4;;;;;;https://reference.wolfram.com/language/ref/JacobiP.html?q=JacobiP;;;;;;;;;;;;;;;;;;;;
JacobiP[$2, $0, $1, $3];\JacobiP{\alpha}{\beta}{n}@{x};4;;;;;;https://reference.wolfram.com/language/ref/JacobiP.html?q=JacobiP;;;;;;;;;;;;;;;;;;;;
;\JacobiG{n}@{p}{q}{x};;;;;;;;;;;;;;;;;;;;;;;;;;;
;\AssJacobiP{\alpha}{\beta}{n}@{x}{c};;;;;;;;;;;;;;;;;;;;;;;;;;;
;\pseudoJacobi{n}@{x}{\nu}{N};;;;;;;;;;;;;;;;;;;;;;;;;;;
;\TriangleOP{\alpha}{\beta}{\gamma}{m}{n}@{x}{y};;;;;;;;;;;;;;;;;;;;;;;;;;;
;;;;;;;;;;;;;;;;;;;;;;;;;;;;
;\Krawtchouk{n}@{x}{p}{N};;;;;;;;;;;;;;;;;;;;;;;;;;;
;\KrawtchoukK{n}@{x}{p}{N};;;;;;;;;;;;;;;;;;;;;;;;;;;
;;;;;;;;;;;;;;;;;;;;;;;;;;;;
;\Laguerre[\alpha]{n}@{x};;;;;;;;;;;;;;;;;;;;;;;;;;;
;\LaguerreL[\alpha]{n}@{x};;;;;;;;;;;;;;;;;;;;;;;;;;;
;\GottliebLaguerre{n}@{x};;;;;;;;;;;;;;;;;;;;;;;;;;;
;;;;;;;;;;;;;;;;;;;;;;;;;;;;
;\LameuE{m}{2n}@{z}{k^2};;;;;;;;;;;;;;;;;;;;;;;;;;;
;\LamesE{m}{2n+1}@{z}{k^2};;;;;;;;;;;;;;;;;;;;;;;;;;;
;\LamecE{m}{2n+1}@{z}{k^2};;;;;;;;;;;;;;;;;;;;;;;;;;;
;\LamedE{m}{2n+1}@{z}{k^2};;;;;;;;;;;;;;;;;;;;;;;;;;;
;\LamescE{m}{2n+2}@{z}{k^2};;;;;;;;;;;;;;;;;;;;;;;;;;;
;\LamesdE{m}{2n+2}@{z}{k^2};;;;;;;;;;;;;;;;;;;;;;;;;;;
;\LamecdE{m}{2n+2}@{z}{k^2};;;;;;;;;;;;;;;;;;;;;;;;;;;
;\LamescdE{m}{2n+3}@{z}{k^2};;;;;;;;;;;;;;;;;;;;;;;;;;;
;;;;;;;;;;;;;;;;;;;;;;;;;;;;
LegendreP[$0, $1];\LegendrePoly{n}@{x};;;;;;;https://reference.wolfram.com/language/ref/LegendreP.html;;;;;;;;;;;;;;;;;;;;
;\LegendrePolys{n}@{x};;;;;;;;;;;;;;;;;;;;;;;;;;;
;\AssLegendrePoly{n}@{x}{c};;;;;;;;;;;;;;;;;;;;;;;;;;;
;;;;;;;;;;;;;;;;;;;;;;;;;;;;
;\Meixner{n}@{x}{\beta}{c};;;;;;;;;;;;;;;;;;;;;;;;;;;
;\MeixnerM{n}@{x}{\beta}{c};;;;;;;;;;;;;;;;;;;;;;;;;;;
;\MeixnerPollaczek{\lambda}{n}@{x}{\phi};;;;;;;;;;;;;;;;;;;;;;;;;;;
;\MeixnerPollaczekP{\lambda}{n}@{x}{\phi};;;;;;;;;;;;;;;;;;;;;;;;;;;
;;;;;;;;;;;;;;;;;;;;;;;;;;;;
;\NeumannPoly{n}@{x};;;;;;;;;;;;;;;;;;;;;;;;;;;
;;;;;;;;;;;;;;;;;;;;;;;;;;;;
;\PollaczekP{\lambda}{n}@{x}{a}{b};;;;;;;;;;;;;;;;;;;;;;;;;;;
;;;;;;;;;;;;;;;;;;;;;;;;;;;;
;\Racah{n}@{x}{\alpha}{\beta}{\gamma}{\delta};;;;;;;;;;;;;;;;;;;;;;;;;;;
;\RacahR{n}@{x}{\alpha}{\beta}{\gamma}{\delta};;;;;;;;;;;;;;;;;;;;;;;;;;;
;;;;;;;;;;;;;;;;;;;;;;;;;;;;
;\StieltjesWigert{n}@@{x}{q};;;;;;;;;;;;;;;;;;;;;;;;;;;
;\StieltjesWigertS{n}@{x}{q};;;;;;;;;;;;;;;;;;;;;;;;;;;
;;;;;;;;;;;;;;;;;;;;;;;;;;;;
;\Wilson{n}@{x}{a}{b}{c}{d};;;;;;;;;;;;;;;;;;;;;;;;;;;
;\WilsonW{n}@{x}{a}{b}{c}{d};;;;;;;;;;;;;;;;;;;;;;;;;;;
;;;;;;;;;;;;;;;;;;;;;;;;;;;;
;\ZonalPoly{\kappa}@{\Matrix{T}};;;;;;;;;;;;;;;;;;;;;;;;;;;
;;;;;;;;;;;;;;;;;;;;;;;;;;;;
;;;;;;;;;;;;;;;;;;;;;;;;;;;;
;;;;;;;;;;;;;;;;;;;;;;;;;;;;
;DRMF Macro;;;;;;;;;;;;;;;;;;;;;;;;;;;
;\qSin{q}@@{x};;;;;;;;;;;;;;;;;;;;;;;;;;;
;\qsin{q}@@{x};;;;;;;;;;;;;;;;;;;;;;;;;;;
;\qSinKLS{q}@@{z};;;;;;;;;;;;;;;;;;;;;;;;;;;
;\qsinKLS{q}@@{z};;;;;;;;;;;;;;;;;;;;;;;;;;;
;\qCos{q}@@{x};;;;;;;;;;;;;;;;;;;;;;;;;;;
;\qcos{q}@@{x};;;;;;;;;;;;;;;;;;;;;;;;;;;
;\qCosKLS{q}@@{z};;;;;;;;;;;;;;;;;;;;;;;;;;;
;\qcosKLS{q}@@{z};;;;;;;;;;;;;;;;;;;;;;;;;;;
;\qExp{q}@@{x};;;;;;;;;;;;;;;;;;;;;;;;;;;
;\qexp{q}@@{x};;;;;;;;;;;;;;;;;;;;;;;;;;;
;\qExpKLS{q}@@{z};;;;;;;;;;;;;;;;;;;;;;;;;;;
;\qexpKLS{q}@@{z};;;;;;;;;;;;;;;;;;;;;;;;;;;
;\qAppelli@{a}{b}{b'}{c}{q}{x}{y};;;;;;;;;;;;;;;;;;;;;;;;;;;
;\qAppellii@{a}{b}{b'}{c}{c'}{q}{x}{y};;;;;;;;;;;;;;;;;;;;;;;;;;;
;\qAppelliii@{a}{a'}{b}{b'}{c}{q}{x}{y};;;;;;;;;;;;;;;;;;;;;;;;;;;
;\qAppelliv@{a}{b}{c}{c'}{q}{x}{y};;;;;;;;;;;;;;;;;;;;;;;;;;;
;\qBernoulli{n}@{x}{q};;;;;;;;;;;;;;;;;;;;;;;;;;;
;\qBesselPoly{n}@{x}{b}{q};;;;;;;;;;;;;;;;;;;;;;;;;;;
;\qBeta{q}@{a}{b};;;;;;;;;;;;;;;;;;;;;;;;;;;
;\qBinomial{n}{m}{q};;;;;;;;;;;;;;;;;;;;;;;;;;;
;\qCharlier{n}@{x}{c}{q};;;;;;;;;;;;;;;;;;;;;;;;;;;
;\qderiv[n]{q}@{z};;;;;;;;;;;;;;;;;;;;;;;;;;;
;\qdiff{q}{x};;;;;;;;;;;;;;;;;;;;;;;;;;;
;\qGamma{q}@{z};;;;;;;;;;;;;;;;;;;;;;;;;;;
;\qDigamma{q}@{z};;;;;;;;;;;;;;;;;;;;;;;;;;;
;\qEuler{m}{s}@{q};;;;;;;;;;;;;;;;;;;;;;;;;;;
;\qFactorial{n}{q};;;;;;;;;;;;;;;;;;;;;;;;;;;
;\qGamma{q}@{z};;;;;;;;;;;;;;;;;;;;;;;;;;;
;\qHahn{n}@@{q^{-x}}{\alpha}{\beta}{N};;;;;;;;;;;;;;;;;;;;;;;;;;;
;\qHahnQ{n}@{x}{\alpha}{\beta}{N}{q};;;;;;;;;;;;;;;;;;;;;;;;;;;
;\dualqHahn{n}@@{\mu(x)}{\gamma}{\delta}{N}{q};;;;;;;;;;;;;;;;;;;;;;;;;;;
;\qHermiteH{n}@{x}{q};;;;;;;;;;;;;;;;;;;;;;;;;;;
;\qinvHermiteh{n}@{x}{q};;;;;;;;;;;;;;;;;;;;;;;;;;;
;\qHermitehI{n}@{x}{q};;;;;;;;;;;;;;;;;;;;;;;;;;;
;\qHermitehII{n}@{x}{q};;;;;;;;;;;;;;;;;;;;;;;;;;;
;\discrqHermiteI{n}@@{x}{q};;;;;;;;;;;;;;;;;;;;;;;;;;;
;\discrqHermiteII{n}@@{x}{q};;;;;;;;;;;;;;;;;;;;;;;;;;;
;\qJacobiP{n}@{x}{a}{b}{c}{q};;;;;;;;;;;;;;;;;;;;;;;;;;;
;\bigqJacobi{n}@@{x}{a}{b}{c}{q};;;;;;;;;;;;;;;;;;;;;;;;;;;
;\qJacobiPP{\alpha}{\beta}{n}@{x}{c}{d}{q};;;;;;;;;;;;;;;;;;;;;;;;;;;
;\bigqJacobiIVparam{n}@@{x}{a}{b}{c}{d}{q};;;;;;;;;;;;;;;;;;;;;;;;;;;
;\qJacobip{n}@{x}{a}{b}{q};;;;;;;;;;;;;;;;;;;;;;;;;;;
;\littleqJacobi{n}@@{x}{a}{b}{q};;;;;;;;;;;;;;;;;;;;;;;;;;;
;\qKrawtchouk{n}@@{q^{-x}}{p}{N}{q};;;;;;;;;;;;;;;;;;;;;;;;;;;
;\dualqKrawtchouk{n}@@{\lambda(x)}{c}{N}{q};;;;;;;;;;;;;;;;;;;;;;;;;;;
;\qtmqKrawtchouk{n}@@{q^{-x}}{p}{N}{q};;;;;;;;;;;;;;;;;;;;;;;;;;;
;\AffqKrawtchouk{n}@@{q^{-x}}{p}{N}{q};;;;;;;;;;;;;;;;;;;;;;;;;;;
;\qLaguerre[\alpha]{n}@@{x}{q};;;;;;;;;;;;;;;;;;;;;;;;;;;
;\qLaguerreL[\alpha]{n}@{x}{q};;;;;;;;;;;;;;;;;;;;;;;;;;;
;\bigqLaguerre{n}@{x}{a}{b}{q};;;;;;;;;;;;;;;;;;;;;;;;;;;
;\littleqLaguerre{n}@{x}{a}{q};;;;;;;;;;;;;;;;;;;;;;;;;;;
;\qLegendre{n}@{x}{q};;;;;;;;;;;;;;;;;;;;;;;;;;;
;\bigqLegendre{n}@{x}{c}{q};;;;;;;;;;;;;;;;;;;;;;;;;;;
;\littleqLegendre{m}@{x}{q};;;;;;;;;;;;;;;;;;;;;;;;;;;
;\qMeixner{n}@{x}{b}{c}{q};;;;;;;;;;;;;;;;;;;;;;;;;;;
;\qMeixnerPollaczek{n}@{x}{a}{q};;;;;;;;;;;;;;;;;;;;;;;;;;;
;\qPochhammer{a}{q}{n};;;;;;;;;;;;;;;;;;;;;;;;;;;
;\qMultiPochhammer{a_1,\ldots,a_n}{q}{n};;;;;;;;;;;;;;;;;;;;;;;;;;;
;\qPolygamma{n}{q}@{z};;;;;;;;;;;;;;;;;;;;;;;;;;;
;\qRacah{n}@{x}{\alpha}{\beta}{\gamma}{\delta}{q};;;;;;;;;;;;;;;;;;;;;;;;;;;
;\qRacahR{n}@{x}{\alpha}{\beta}{\gamma}{\delta}{q};;;;;;;;;;;;;;;;;;;;;;;;;;;
;\qStirling{m}{s}@{q};;;;;;;;;;;;;;;;;;;;;;;;;;;
;\qUltraspherical{n}@{x}{\beta}{q};;;;;;;;;;;;;;;;;;;;;;;;;;;
;\qHyperrWs{r}{r+1}@@@{a_1}{a_4,a_5,...,a_{r+1}}{q}{z};;;;;;;;;;;;;;;;;;;;;;;;;;;
;\qHyperrphis{r}{s}@@@{a_1,...,a_r}{b_1,...,b_s}{q}{z};;;;;;;;;;;;;;;;;;;;;;;;;;;
;\qHyperrpsis{r}{s}@@@{a_1,...,a_r}{b_1,...,b_s}{q}{z};;;;;;;;;;;;;;;;;;;;;;;;;;;
;\qMultinomial{a_1+\ldots+a_n}{a_1,\ldots,a_n}{q};;;;;;;;;;;;;;;;;;;;;;;;;;;
;;;;;;;;;;;;;;;;;;;;;;;;;;;;
;\ctsHahn{n}@@{x}{a}{b}{c}{d};;;;;;;;;;;;;;;;;;;;;;;;;;;
;\ctsbigqHermite{n}@{x}{a}{q};;;;;;;;;;;;;;;;;;;;;;;;;;;
;\ctsdualHahn{n}@@{x^2}{a}{b}{c};;;;;;;;;;;;;;;;;;;;;;;;;;;
;\ctsdualqHahn{n}@{x}{a}{b}{c}{q};;;;;;;;;;;;;;;;;;;;;;;;;;;
;\ctsqHahn{n}@{x}{a}{b}{c}{d}{q};;;;;;;;;;;;;;;;;;;;;;;;;;;
;\ctsqHermite{n}@@{x}{q};;;;;;;;;;;;;;;;;;;;;;;;;;;
;\ctsqJacobi{\alpha}{\beta}{m}@{x}{q};;;;;;;;;;;;;;;;;;;;;;;;;;;
;\ctsqJacobiRahman{n}@@{x}{q};;;;;;;;;;;;;;;;;;;;;;;;;;;
;\ctsqLaguerre{\alpha}{n}@{x}{q};;;;;;;;;;;;;;;;;;;;;;;;;;;
;\ctsqLegendre{n}@@{x}{q};;;;;;;;;;;;;;;;;;;;;;;;;;;
;\ctsqLegendreRahman{n}@@{x}{q};;;;;;;;;;;;;;;;;;;;;;;;;;;
;\ctsqUltra{n}@{x}{\beta}{q};;;;;;;;;;;;;;;;;;;;;;;;;;;
;\ctsqUltrae{n}@{e^{i\theta}}{\beta}{q};;;;;;;;;;;;;;;;;;;;;;;;;;;
;;;;;;;;;;;;;;;;;;;;;;;;;;;;
;\monicAffqKrawtchouk{n}@@{q^{-x}}{p}{N}{q};;;;;;;;;;;;;;;;;;;;;;;;;;;
;\monicAlSalamCarlitzI{a}{n}@@{x}{q};;;;;;;;;;;;;;;;;;;;;;;;;;;
;\monicAlSalamCarlitzII{a}{n}@@{x}{q};;;;;;;;;;;;;;;;;;;;;;;;;;;
;\monicAlSalamChihara{n}@@{x}{a}{b}{q};;;;;;;;;;;;;;;;;;;;;;;;;;;
;\monicAskeyWilson{n}@@{x}{a}{b}{c}{d}{q};;;;;;;;;;;;;;;;;;;;;;;;;;;
;\monicBesselPoly{n}@@{x}{a};;;;;;;;;;;;;;;;;;;;;;;;;;;
;\monicCharlier{n}@@{x}{a};;;;;;;;;;;;;;;;;;;;;;;;;;;
;\monicChebyT{n}@@{x};;;;;;;;;;;;;;;;;;;;;;;;;;;
;\monicChebyU{n}@@{x};;;;;;;;;;;;;;;;;;;;;;;;;;;
;\monicHahn{n}@@{x}{\alpha}{\beta}{N};;;;;;;;;;;;;;;;;;;;;;;;;;;
;\monicHermite{n}@@{x};;;;;;;;;;;;;;;;;;;;;;;;;;;
;\monicJacobi{n}@@{x};;;;;;;;;;;;;;;;;;;;;;;;;;;
;\monicKrawtchouk{n}@@{q^{-x}}{p}{N}{q};;;;;;;;;;;;;;;;;;;;;;;;;;;
;\monicLaguerre{n}@@{x};;;;;;;;;;;;;;;;;;;;;;;;;;;
;\monicLegendrePoly{n}@@{x};;;;;;;;;;;;;;;;;;;;;;;;;;;
;\monicMeixner{n}@@{x}{\beta}{c};;;;;;;;;;;;;;;;;;;;;;;;;;;
;\monicMeixnerPollaczek{\lambda}{n}@@{x}{\phi};;;;;;;;;;;;;;;;;;;;;;;;;;;
;\monicRacah{n}@@{\lambda(x)}{\alpha}{\beta}{\gamma}{\delta};;;;;;;;;;;;;;;;;;;;;;;;;;;
;\monicStieltjesWigert{n}@@{x}{q};;;;;;;;;;;;;;;;;;;;;;;;;;;
;\monicUltra{n}@@{x};;;;;;;;;;;;;;;;;;;;;;;;;;;
;\monicWilson{n}@@{x^2}{a}{b}{c}{d};;;;;;;;;;;;;;;;;;;;;;;;;;;
;\monicbigqJacobi{n}@@{x}{a}{b}{c}{q};;;;;;;;;;;;;;;;;;;;;;;;;;;
;\monicbigqLaguerre{n}@@{x}{a}{b}{q};;;;;;;;;;;;;;;;;;;;;;;;;;;
;\monicbigqLegendre{n}@@{x}{c}{q};;;;;;;;;;;;;;;;;;;;;;;;;;;
;\monicctsHahn{n}@@{x}{a}{b}{c}{d};;;;;;;;;;;;;;;;;;;;;;;;;;;
;\monicctsbigqHermite{n}@@{x}{a}{q};;;;;;;;;;;;;;;;;;;;;;;;;;;
;\monicctsdualHahn{n}@@{x^2}{a}{b}{c}{d};;;;;;;;;;;;;;;;;;;;;;;;;;;
;\monicctsdualqHahn{n}@@{x^2}{a}{b}{c};;;;;;;;;;;;;;;;;;;;;;;;;;;
;\monicctsqHahn{n}@@{x}{a}{b}{c}{d}{q};;;;;;;;;;;;;;;;;;;;;;;;;;;
;\monicctsqHermite{n}@@{x}{q};;;;;;;;;;;;;;;;;;;;;;;;;;;
;\monicctsqJacobi{n}@@{x}{q};;;;;;;;;;;;;;;;;;;;;;;;;;;
;\monicctsqLaguerre{n}@@{x}{q};;;;;;;;;;;;;;;;;;;;;;;;;;;
;\monicctsqLegendre{n}@@{x}{q};;;;;;;;;;;;;;;;;;;;;;;;;;;
;\monicctsqUltra{n}@@{x}{\beta}{q};;;;;;;;;;;;;;;;;;;;;;;;;;;
;\monicdiscrqHermiteI{n}@@{x}{q};;;;;;;;;;;;;;;;;;;;;;;;;;;
;\monicdiscrqHermiteII{n}@@{x}{q};;;;;;;;;;;;;;;;;;;;;;;;;;;
;\monicdualHahn{n}@@{\lambda(x)}{\gamma}{\delta}{N};;;;;;;;;;;;;;;;;;;;;;;;;;;
;\monicdualqHahn{n}@@{\mu(x)}{\gamma}{\delta}{N}{q};;;;;;;;;;;;;;;;;;;;;;;;;;;
;\monicdualqKrawtchouk{n}@@{\lambda(x)}{c}{N}{q};;;;;;;;;;;;;;;;;;;;;;;;;;;
;\moniclittleqJacobi{n}@@{x}{a}{b}{q};;;;;;;;;;;;;;;;;;;;;;;;;;;
;\moniclittleqLaguerre{n}@@{x}{a}{q};;;;;;;;;;;;;;;;;;;;;;;;;;;
;\moniclittleqLegendre{n}@@{x}{q};;;;;;;;;;;;;;;;;;;;;;;;;;;
;\monicpseudoJacobi{n}@@{x}{\nu}{N};;;;;;;;;;;;;;;;;;;;;;;;;;;
;\monicqBesselPoly{n}@@{x}{a}{q};;;;;;;;;;;;;;;;;;;;;;;;;;;
;\monicqCharlier{n}@@{q^{-x}}{a}{q};;;;;;;;;;;;;;;;;;;;;;;;;;;
;\monicqHahn{n}@@{q^{-x}}{\alpha}{\beta}{N};;;;;;;;;;;;;;;;;;;;;;;;;;;
;\monicqKrawtchouk{n}@@{q^{-x}}{p}{N}{q};;;;;;;;;;;;;;;;;;;;;;;;;;;
;\monicqLaguerre{n}@@{x}{q};;;;;;;;;;;;;;;;;;;;;;;;;;;
;\monicqMeixner{n}@@{q^{-x}}{b}{c}{q};;;;;;;;;;;;;;;;;;;;;;;;;;;
;\monicqMeixnerPollaczek{n}@@{x}{a}{q};;;;;;;;;;;;;;;;;;;;;;;;;;;
;\monicqRacah{n}@@{\mu(x)}{\alpha}{\beta}{\gamma}{\delta}{q};;;;;;;;;;;;;;;;;;;;;;;;;;;
;\monicqinvAlSalamChihara{n}@{x}{a}{b}{q^{-1}};;;;;;;;;;;;;;;;;;;;;;;;;;;
;\monicqtmqKrawtchouk{n}@@{q^{-x}}{p}{N}{q};;;;;;;;;;;;;;;;;;;;;;;;;;;
;;;;;;;;;;;;;;;;;;;;;;;;;;;;
;\normAskeyWilsonptilde{n}@@{x}{a}{b}{c}{d}{q};;;;;;;;;;;;;;;;;;;;;;;;;;;
;\normJacobiR{\alpha}{\beta}{n}@{x};;;;;;;;;;;;;;;;;;;;;;;;;;;
;\normWilsonWtilde{n}@@{x^2}{a}{b}{c}{d};;;;;;;;;;;;;;;;;;;;;;;;;;;
;\normctsHahnptilde{n}@@{x}{a}{b}{c}{d};;;;;;;;;;;;;;;;;;;;;;;;;;;
;\normctsdualHahnStilde{n}@@{x^2}{a}{b}{c}{d};;;;;;;;;;;;;;;;;;;;;;;;;;;
;\normctsdualqHahnptilde{n}@@{x}{a}{b}{c}{q};;;;;;;;;;;;;;;;;;;;;;;;;;;
;\normctsqHahnptilde{n}@@{x}{a}{b}{c}{d}{q};;;;;;;;;;;;;;;;;;;;;;;;;;;
;\normctsqJacobiPtilde{n}@@{x}{q};;;;;;;;;;;;;;;;;;;;;;;;;;;
;;;;;;;;;;;;;;;;;;;;;;;;;;;;
;;;;;;;;;;;;;;;;;;;;;;;;;;;;
;;;;;;;;;;;;;;;;;;;;;;;;;;;;
;;;;;;;;;;;;;;;;;;;;;;;;;;;;
;;;;;;;;;;;;;;;;;;;;;;;;;;;;
;;;;;;;;;;;;;;;;;;;;;;;;;;;;
;;;;;;;;;;;;;;;;;;;;;;;;;;;;
;;;;;;;;;;;;;;;;;;;;;;;;;;;;
;;;;;;;;;;;;;;;;;;;;;;;;;;;;
;;;;;;;;;;;;;;;;;;;;;;;;;;;;
;;;;;;;;;;;;;;;;;;;;;;;;;;;;
;;;;;;;;;;;;;;;;;;;;;;;;;;;;
;;;;;;;;;;;;;;;;;;;;;;;;;;;;
;;;;;;;;;;;;;;;;;;;;;;;;;;;;
;;;;;;;;;;;;;;;;;;;;;;;;;;;;
;;;;;;;;;;;;;;;;;;;;;;;;;;;;
;;;;;;;;;;;;;;;;;;;;;;;;;;;;
;;;;;;;;;;;;;;;;;;;;;;;;;;;;
;;;;;;;;;;;;;;;;;;;;;;;;;;;;
;;;;;;;;;;;;;;;;;;;;;;;;;;;;
;;;;;;;;;;;;;;;;;;;;;;;;;;;;
;;;;;;;;;;;;;;;;;;;;;;;;;;;;
;;;;;;;;;;;;;;;;;;;;;;;;;;;;
;;;;;;;;;;;;;;;;;;;;;;;;;;;;
;;;;;;;;;;;;;;;;;;;;;;;;;;;;
;;;;;;;;;;;;;;;;;;;;;;;;;;;;
;;;;;;;;;;;;;;;;;;;;;;;;;;;;
;;;;;;;;;;;;;;;;;;;;;;;;;;;;
;;;;;;;;;;;;;;;;;;;;;;;;;;;;
;;;;;;;;;;;;;;;;;;;;;;;;;;;;
;;;;;;;;;;;;;;;;;;;;;;;;;;;;
;;;;;;;;;;;;;;;;;;;;;;;;;;;;
;;;;;;;;;;;;;;;;;;;;;;;;;;;;
;;;;;;;;;;;;;;;;;;;;;;;;;;;;
;;;;;;;;;;;;;;;;;;;;;;;;;;;;
;;;;;;;;;;;;;;;;;;;;;;;;;;;;
;;;;;;;;;;;;;;;;;;;;;;;;;;;;
;;;;;;;;;;;;;;;;;;;;;;;;;;;;
;;;;;;;;;;;;;;;;;;;;;;;;;;;;
;;;;;;;;;;;;;;;;;;;;;;;;;;;;
;;;;;;;;;;;;;;;;;;;;;;;;;;;;
;;;;;;;;;;;;;;;;;;;;;;;;;;;;
;;;;;;;;;;;;;;;;;;;;;;;;;;;;
;;;;;;;;;;;;;;;;;;;;;;;;;;;;
;;;;;;;;;;;;;;;;;;;;;;;;;;;;
;;;;;;;;;;;;;;;;;;;;;;;;;;;;
;;;;;;;;;;;;;;;;;;;;;;;;;;;;
;;;;;;;;;;;;;;;;;;;;;;;;;;;;
;;;;;;;;;;;;;;;;;;;;;;;;;;;;
;;;;;;;;;;;;;;;;;;;;;;;;;;;;
;;;;;;;;;;;;;;;;;;;;;;;;;;;;
;;;;;;;;;;;;;;;;;;;;;;;;;;;;
;;;;;;;;;;;;;;;;;;;;;;;;;;;;
;;;;;;;;;;;;;;;;;;;;;;;;;;;;
;;;;;;;;;;;;;;;;;;;;;;;;;;;;
;;;;;;;;;;;;;;;;;;;;;;;;;;;;
;;;;;;;;;;;;;;;;;;;;;;;;;;;;
;;;;;;;;;;;;;;;;;;;;;;;;;;;;
;;;;;;;;;;;;;;;;;;;;;;;;;;;;
;;;;;;;;;;;;;;;;;;;;;;;;;;;;
;;;;;;;;;;;;;;;;;;;;;;;;;;;;
;;;;;;;;;;;;;;;;;;;;;;;;;;;;
;;;;;;;;;;;;;;;;;;;;;;;;;;;;
;;;;;;;;;;;;;;;;;;;;;;;;;;;;
;;;;;;;;;;;;;;;;;;;;;;;;;;;;
;;;;;;;;;;;;;;;;;;;;;;;;;;;;
;;;;;;;;;;;;;;;;;;;;;;;;;;;;
;;;;;;;;;;;;;;;;;;;;;;;;;;;;
;;;;;;;;;;;;;;;;;;;;;;;;;;;;
;;;;;;;;;;;;;;;;;;;;;;;;;;;;
;;;;;;;;;;;;;;;;;;;;;;;;;;;;
;;;;;;;;;;;;;;;;;;;;;;;;;;;;
;;;;;;;;;;;;;;;;;;;;;;;;;;;;
;;;;;;;;;;;;;;;;;;;;;;;;;;;;
;;;;;;;;;;;;;;;;;;;;;;;;;;;;
;;;;;;;;;;;;;;;;;;;;;;;;;;;;
;;;;;;;;;;;;;;;;;;;;;;;;;;;;
;;;;;;;;;;;;;;;;;;;;;;;;;;;;
;;;;;;;;;;;;;;;;;;;;;;;;;;;;
;;;;;;;;;;;;;;;;;;;;;;;;;;;;
;;;;;;;;;;;;;;;;;;;;;;;;;;;;
;;;;;;;;;;;;;;;;;;;;;;;;;;;;
;;;;;;;;;;;;;;;;;;;;;;;;;;;;
;;;;;;;;;;;;;;;;;;;;;;;;;;;;
;;;;;;;;;;;;;;;;;;;;;;;;;;;;
;;;;;;;;;;;;;;;;;;;;;;;;;;;;
;;;;;;;;;;;;;;;;;;;;;;;;;;;;
;;;;;;;;;;;;;;;;;;;;;;;;;;;;
;;;;;;;;;;;;;;;;;;;;;;;;;;;;
;;;;;;;;;;;;;;;;;;;;;;;;;;;;
;;;;;;;;;;;;;;;;;;;;;;;;;;;;
;;;;;;;;;;;;;;;;;;;;;;;;;;;;
;;;;;;;;;;;;;;;;;;;;;;;;;;;;
;;;;;;;;;;;;;;;;;;;;;;;;;;;;
;;;;;;;;;;;;;;;;;;;;;;;;;;;;
;;;;;;;;;;;;;;;;;;;;;;;;;;;;
;;;;;;;;;;;;;;;;;;;;;;;;;;;;
;;;;;;;;;;;;;;;;;;;;;;;;;;;;
;;;;;;;;;;;;;;;;;;;;;;;;;;;;
;;;;;;;;;;;;;;;;;;;;;;;;;;;;
;;;;;;;;;;;;;;;;;;;;;;;;;;;;
;;;;;;;;;;;;;;;;;;;;;;;;;;;;
;;;;;;;;;;;;;;;;;;;;;;;;;;;;
;;;;;;;;;;;;;;;;;;;;;;;;;;;;
;;;;;;;;;;;;;;;;;;;;;;;;;;;;
;;;;;;;;;;;;;;;;;;;;;;;;;;;;
;;;;;;;;;;;;;;;;;;;;;;;;;;;;
;;;;;;;;;;;;;;;;;;;;;;;;;;;;
;;;;;;;;;;;;;;;;;;;;;;;;;;;;
;;;;;;;;;;;;;;;;;;;;;;;;;;;;
;;;;;;;;;;;;;;;;;;;;;;;;;;;;
;;;;;;;;;;;;;;;;;;;;;;;;;;;;
;;;;;;;;;;;;;;;;;;;;;;;;;;;;
;;;;;;;;;;;;;;;;;;;;;;;;;;;;
;;;;;;;;;;;;;;;;;;;;;;;;;;;;
;;;;;;;;;;;;;;;;;;;;;;;;;;;;
;;;;;;;;;;;;;;;;;;;;;;;;;;;;
;;;;;;;;;;;;;;;;;;;;;;;;;;;;
;;;;;;;;;;;;;;;;;;;;;;;;;;;;
;;;;;;;;;;;;;;;;;;;;;;;;;;;;
;;;;;;;;;;;;;;;;;;;;;;;;;;;;
;;;;;;;;;;;;;;;;;;;;;;;;;;;;
;;;;;;;;;;;;;;;;;;;;;;;;;;;;
;;;;;;;;;;;;;;;;;;;;;;;;;;;;
;;;;;;;;;;;;;;;;;;;;;;;;;;;;
;;;;;;;;;;;;;;;;;;;;;;;;;;;;
;;;;;;;;;;;;;;;;;;;;;;;;;;;;
;;;;;;;;;;;;;;;;;;;;;;;;;;;;
;;;;;;;;;;;;;;;;;;;;;;;;;;;;
;;;;;;;;;;;;;;;;;;;;;;;;;;;;
;;;;;;;;;;;;;;;;;;;;;;;;;;;;
;;;;;;;;;;;;;;;;;;;;;;;;;;;;
;;;;;;;;;;;;;;;;;;;;;;;;;;;;
;;;;;;;;;;;;;;;;;;;;;;;;;;;;
;;;;;;;;;;;;;;;;;;;;;;;;;;;;
;;;;;;;;;;;;;;;;;;;;;;;;;;;;
;;;;;;;;;;;;;;;;;;;;;;;;;;;;
;;;;;;;;;;;;;;;;;;;;;;;;;;;;
;;;;;;;;;;;;;;;;;;;;;;;;;;;;
;;;;;;;;;;;;;;;;;;;;;;;;;;;;
;;;;;;;;;;;;;;;;;;;;;;;;;;;;
;;;;;;;;;;;;;;;;;;;;;;;;;;;;
;;;;;;;;;;;;;;;;;;;;;;;;;;;;
;;;;;;;;;;;;;;;;;;;;;;;;;;;;
;;;;;;;;;;;;;;;;;;;;;;;;;;;;
;;;;;;;;;;;;;;;;;;;;;;;;;;;;
;;;;;;;;;;;;;;;;;;;;;;;;;;;;
;;;;;;;;;;;;;;;;;;;;;;;;;;;;
;;;;;;;;;;;;;;;;;;;;;;;;;;;;
;;;;;;;;;;;;;;;;;;;;;;;;;;;;
;;;;;;;;;;;;;;;;;;;;;;;;;;;;
;;;;;;;;;;;;;;;;;;;;;;;;;;;;
;;;;;;;;;;;;;;;;;;;;;;;;;;;;
;;;;;;;;;;;;;;;;;;;;;;;;;;;;
;;;;;;;;;;;;;;;;;;;;;;;;;;;;
;;;;;;;;;;;;;;;;;;;;;;;;;;;;
;;;;;;;;;;;;;;;;;;;;;;;;;;;;
;;;;;;;;;;;;;;;;;;;;;;;;;;;;
;;;;;;;;;;;;;;;;;;;;;;;;;;;;
;;;;;;;;;;;;;;;;;;;;;;;;;;;;
;;;;;;;;;;;;;;;;;;;;;;;;;;;;
;;;;;;;;;;;;;;;;;;;;;;;;;;;;
;;;;;;;;;;;;;;;;;;;;;;;;;;;;
;;;;;;;;;;;;;;;;;;;;;;;;;;;;
;;;;;;;;;;;;;;;;;;;;;;;;;;;;
;;;;;;;;;;;;;;;;;;;;;;;;;;;;
;;;;;;;;;;;;;;;;;;;;;;;;;;;;
;;;;;;;;;;;;;;;;;;;;;;;;;;;;
;;;;;;;;;;;;;;;;;;;;;;;;;;;;
;;;;;;;;;;;;;;;;;;;;;;;;;;;;
;;;;;;;;;;;;;;;;;;;;;;;;;;;;
;;;;;;;;;;;;;;;;;;;;;;;;;;;;
;;;;;;;;;;;;;;;;;;;;;;;;;;;;
;;;;;;;;;;;;;;;;;;;;;;;;;;;;
;;;;;;;;;;;;;;;;;;;;;;;;;;;;
;;;;;;;;;;;;;;;;;;;;;;;;;;;;
;;;;;;;;;;;;;;;;;;;;;;;;;;;;
;;;;;;;;;;;;;;;;;;;;;;;;;;;;
;;;;;;;;;;;;;;;;;;;;;;;;;;;;
;;;;;;;;;;;;;;;;;;;;;;;;;;;;
;;;;;;;;;;;;;;;;;;;;;;;;;;;;
;;;;;;;;;;;;;;;;;;;;;;;;;;;;
;;;;;;;;;;;;;;;;;;;;;;;;;;;;
;;;;;;;;;;;;;;;;;;;;;;;;;;;;
;;;;;;;;;;;;;;;;;;;;;;;;;;;;
;;;;;;;;;;;;;;;;;;;;;;;;;;;;
;;;;;;;;;;;;;;;;;;;;;;;;;;;;
;;;;;;;;;;;;;;;;;;;;;;;;;;;;
;;;;;;;;;;;;;;;;;;;;;;;;;;;;
;;;;;;;;;;;;;;;;;;;;;;;;;;;;
;;;;;;;;;;;;;;;;;;;;;;;;;;;;
;;;;;;;;;;;;;;;;;;;;;;;;;;;;
;;;;;;;;;;;;;;;;;;;;;;;;;;;;
;;;;;;;;;;;;;;;;;;;;;;;;;;;;
;;;;;;;;;;;;;;;;;;;;;;;;;;;;
;;;;;;;;;;;;;;;;;;;;;;;;;;;;
;;;;;;;;;;;;;;;;;;;;;;;;;;;;
;;;;;;;;;;;;;;;;;;;;;;;;;;;;
;;;;;;;;;;;;;;;;;;;;;;;;;;;;
;;;;;;;;;;;;;;;;;;;;;;;;;;;;
;;;;;;;;;;;;;;;;;;;;;;;;;;;;
;;;;;;;;;;;;;;;;;;;;;;;;;;;;
;;;;;;;;;;;;;;;;;;;;;;;;;;;;
;;;;;;;;;;;;;;;;;;;;;;;;;;;;
;;;;;;;;;;;;;;;;;;;;;;;;;;;;
;;;;;;;;;;;;;;;;;;;;;;;;;;;;
;;;;;;;;;;;;;;;;;;;;;;;;;;;;
;;;;;;;;;;;;;;;;;;;;;;;;;;;;
;;;;;;;;;;;;;;;;;;;;;;;;;;;;
;;;;;;;;;;;;;;;;;;;;;;;;;;;;
;;;;;;;;;;;;;;;;;;;;;;;;;;;;
;;;;;;;;;;;;;;;;;;;;;;;;;;;;
;;;;;;;;;;;;;;;;;;;;;;;;;;;;
;;;;;;;;;;;;;;;;;;;;;;;;;;;;
;;;;;;;;;;;;;;;;;;;;;;;;;;;;
;;;;;;;;;;;;;;;;;;;;;;;;;;;;
;;;;;;;;;;;;;;;;;;;;;;;;;;;;
;;;;;;;;;;;;;;;;;;;;;;;;;;;;
;;;;;;;;;;;;;;;;;;;;;;;;;;;;
;;;;;;;;;;;;;;;;;;;;;;;;;;;;
;;;;;;;;;;;;;;;;;;;;;;;;;;;;
;;;;;;;;;;;;;;;;;;;;;;;;;;;;
;;;;;;;;;;;;;;;;;;;;;;;;;;;;
;;;;;;;;;;;;;;;;;;;;;;;;;;;;
;;;;;;;;;;;;;;;;;;;;;;;;;;;;
;;;;;;;;;;;;;;;;;;;;;;;;;;;;
;;;;;;;;;;;;;;;;;;;;;;;;;;;;
;;;;;;;;;;;;;;;;;;;;;;;;;;;;
;;;;;;;;;;;;;;;;;;;;;;;;;;;;
;;;;;;;;;;;;;;;;;;;;;;;;;;;;
;;;;;;;;;;;;;;;;;;;;;;;;;;;;
;;;;;;;;;;;;;;;;;;;;;;;;;;;;
;;;;;;;;;;;;;;;;;;;;;;;;;;;;
;;;;;;;;;;;;;;;;;;;;;;;;;;;;
;;;;;;;;;;;;;;;;;;;;;;;;;;;;
;;;;;;;;;;;;;;;;;;;;;;;;;;;;
;;;;;;;;;;;;;;;;;;;;;;;;;;;;
;;;;;;;;;;;;;;;;;;;;;;;;;;;;
;;;;;;;;;;;;;;;;;;;;;;;;;;;;
;;;;;;;;;;;;;;;;;;;;;;;;;;;;
;;;;;;;;;;;;;;;;;;;;;;;;;;;;
;;;;;;;;;;;;;;;;;;;;;;;;;;;;
;;;;;;;;;;;;;;;;;;;;;;;;;;;;
;;;;;;;;;;;;;;;;;;;;;;;;;;;;
;;;;;;;;;;;;;;;;;;;;;;;;;;;;
;;;;;;;;;;;;;;;;;;;;;;;;;;;;
;;;;;;;;;;;;;;;;;;;;;;;;;;;;
;;;;;;;;;;;;;;;;;;;;;;;;;;;;
;;;;;;;;;;;;;;;;;;;;;;;;;;;;
;;;;;;;;;;;;;;;;;;;;;;;;;;;;
;;;;;;;;;;;;;;;;;;;;;;;;;;;;
;;;;;;;;;;;;;;;;;;;;;;;;;;;;
;;;;;;;;;;;;;;;;;;;;;;;;;;;;
;;;;;;;;;;;;;;;;;;;;;;;;;;;;
;;;;;;;;;;;;;;;;;;;;;;;;;;;;
;;;;;;;;;;;;;;;;;;;;;;;;;;;;
;;;;;;;;;;;;;;;;;;;;;;;;;;;;
;;;;;;;;;;;;;;;;;;;;;;;;;;;;
;;;;;;;;;;;;;;;;;;;;;;;;;;;;
;;;;;;;;;;;;;;;;;;;;;;;;;;;;
;;;;;;;;;;;;;;;;;;;;;;;;;;;;
;;;;;;;;;;;;;;;;;;;;;;;;;;;;
;;;;;;;;;;;;;;;;;;;;;;;;;;;;
;;;;;;;;;;;;;;;;;;;;;;;;;;;;
;;;;;;;;;;;;;;;;;;;;;;;;;;;;
;;;;;;;;;;;;;;;;;;;;;;;;;;;;
;;;;;;;;;;;;;;;;;;;;;;;;;;;;
;;;;;;;;;;;;;;;;;;;;;;;;;;;;
;;;;;;;;;;;;;;;;;;;;;;;;;;;;
;;;;;;;;;;;;;;;;;;;;;;;;;;;;
;;;;;;;;;;;;;;;;;;;;;;;;;;;;
;;;;;;;;;;;;;;;;;;;;;;;;;;;;
;;;;;;;;;;;;;;;;;;;;;;;;;;;;
;;;;;;;;;;;;;;;;;;;;;;;;;;;;
;;;;;;;;;;;;;;;;;;;;;;;;;;;;
;;;;;;;;;;;;;;;;;;;;;;;;;;;;
;;;;;;;;;;;;;;;;;;;;;;;;;;;;
;;;;;;;;;;;;;;;;;;;;;;;;;;;;
;;;;;;;;;;;;;;;;;;;;;;;;;;;;
;;;;;;;;;;;;;;;;;;;;;;;;;;;;
;;;;;;;;;;;;;;;;;;;;;;;;;;;;
;;;;;;;;;;;;;;;;;;;;;;;;;;;;
;;;;;;;;;;;;;;;;;;;;;;;;;;;;
;;;;;;;;;;;;;;;;;;;;;;;;;;;;
;;;;;;;;;;;;;;;;;;;;;;;;;;;;
;;;;;;;;;;;;;;;;;;;;;;;;;;;;
;;;;;;;;;;;;;;;;;;;;;;;;;;;;
;;;;;;;;;;;;;;;;;;;;;;;;;;;;
;;;;;;;;;;;;;;;;;;;;;;;;;;;;
;;;;;;;;;;;;;;;;;;;;;;;;;;;;
;;;;;;;;;;;;;;;;;;;;;;;;;;;;
;;;;;;;;;;;;;;;;;;;;;;;;;;;;
;;;;;;;;;;;;;;;;;;;;;;;;;;;;
;;;;;;;;;;;;;;;;;;;;;;;;;;;;
;;;;;;;;;;;;;;;;;;;;;;;;;;;;
;;;;;;;;;;;;;;;;;;;;;;;;;;;;
;;;;;;;;;;;;;;;;;;;;;;;;;;;;
;;;;;;;;;;;;;;;;;;;;;;;;;;;;
;;;;;;;;;;;;;;;;;;;;;;;;;;;;
;;;;;;;;;;;;;;;;;;;;;;;;;;;;
;;;;;;;;;;;;;;;;;;;;;;;;;;;;
;;;;;;;;;;;;;;;;;;;;;;;;;;;;
;;;;;;;;;;;;;;;;;;;;;;;;;;;;
;;;;;;;;;;;;;;;;;;;;;;;;;;;;
;;;;;;;;;;;;;;;;;;;;;;;;;;;;
;;;;;;;;;;;;;;;;;;;;;;;;;;;;
;;;;;;;;;;;;;;;;;;;;;;;;;;;;
;;;;;;;;;;;;;;;;;;;;;;;;;;;;
;;;;;;;;;;;;;;;;;;;;;;;;;;;;
;;;;;;;;;;;;;;;;;;;;;;;;;;;;
;;;;;;;;;;;;;;;;;;;;;;;;;;;;
;;;;;;;;;;;;;;;;;;;;;;;;;;;;
;;;;;;;;;;;;;;;;;;;;;;;;;;;;
;;;;;;;;;;;;;;;;;;;;;;;;;;;;
;;;;;;;;;;;;;;;;;;;;;;;;;;;;
;;;;;;;;;;;;;;;;;;;;;;;;;;;;
;;;;;;;;;;;;;;;;;;;;;;;;;;;;
;;;;;;;;;;;;;;;;;;;;;;;;;;;;
;;;;;;;;;;;;;;;;;;;;;;;;;;;;
;;;;;;;;;;;;;;;;;;;;;;;;;;;;
;;;;;;;;;;;;;;;;;;;;;;;;;;;;
;;;;;;;;;;;;;;;;;;;;;;;;;;;;
;;;;;;;;;;;;;;;;;;;;;;;;;;;;
;;;;;;;;;;;;;;;;;;;;;;;;;;;;
;;;;;;;;;;;;;;;;;;;;;;;;;;;;
;;;;;;;;;;;;;;;;;;;;;;;;;;;;
;;;;;;;;;;;;;;;;;;;;;;;;;;;;
;;;;;;;;;;;;;;;;;;;;;;;;;;;;
;;;;;;;;;;;;;;;;;;;;;;;;;;;;
;;;;;;;;;;;;;;;;;;;;;;;;;;;;
;;;;;;;;;;;;;;;;;;;;;;;;;;;;
;;;;;;;;;;;;;;;;;;;;;;;;;;;;
;;;;;;;;;;;;;;;;;;;;;;;;;;;;
;;;;;;;;;;;;;;;;;;;;;;;;;;;;
;;;;;;;;;;;;;;;;;;;;;;;;;;;;
;;;;;;;;;;;;;;;;;;;;;;;;;;;;
;;;;;;;;;;;;;;;;;;;;;;;;;;;;
;;;;;;;;;;;;;;;;;;;;;;;;;;;;
;;;;;;;;;;;;;;;;;;;;;;;;;;;;
;;;;;;;;;;;;;;;;;;;;;;;;;;;;
;;;;;;;;;;;;;;;;;;;;;;;;;;;;
;;;;;;;;;;;;;;;;;;;;;;;;;;;;
;;;;;;;;;;;;;;;;;;;;;;;;;;;;
;;;;;;;;;;;;;;;;;;;;;;;;;;;;
;;;;;;;;;;;;;;;;;;;;;;;;;;;;
;;;;;;;;;;;;;;;;;;;;;;;;;;;;
;;;;;;;;;;;;;;;;;;;;;;;;;;;;
;;;;;;;;;;;;;;;;;;;;;;;;;;;;
;;;;;;;;;;;;;;;;;;;;;;;;;;;;
;;;;;;;;;;;;;;;;;;;;;;;;;;;;
;;;;;;;;;;;;;;;;;;;;;;;;;;;;
;;;;;;;;;;;;;;;;;;;;;;;;;;;;
;;;;;;;;;;;;;;;;;;;;;;;;;;;;
;;;;;;;;;;;;;;;;;;;;;;;;;;;;
;;;;;;;;;;;;;;;;;;;;;;;;;;;;
;;;;;;;;;;;;;;;;;;;;;;;;;;;;
;;;;;;;;;;;;;;;;;;;;;;;;;;;;
;;;;;;;;;;;;;;;;;;;;;;;;;;;;
;;;;;;;;;;;;;;;;;;;;;;;;;;;;
;;;;;;;;;;;;;;;;;;;;;;;;;;;;
;;;;;;;;;;;;;;;;;;;;;;;;;;;;
;;;;;;;;;;;;;;;;;;;;;;;;;;;;
;;;;;;;;;;;;;;;;;;;;;;;;;;;;
;;;;;;;;;;;;;;;;;;;;;;;;;;;;
;;;;;;;;;;;;;;;;;;;;;;;;;;;;
;;;;;;;;;;;;;;;;;;;;;;;;;;;;
;;;;;;;;;;;;;;;;;;;;;;;;;;;;
;;;;;;;;;;;;;;;;;;;;;;;;;;;;
;;;;;;;;;;;;;;;;;;;;;;;;;;;;
;;;;;;;;;;;;;;;;;;;;;;;;;;;;
;;;;;;;;;;;;;;;;;;;;;;;;;;;;
;;;;;;;;;;;;;;;;;;;;;;;;;;;;
;;;;;;;;;;;;;;;;;;;;;;;;;;;;
;;;;;;;;;;;;;;;;;;;;;;;;;;;;
;;;;;;;;;;;;;;;;;;;;;;;;;;;;
;;;;;;;;;;;;;;;;;;;;;;;;;;;;
;;;;;;;;;;;;;;;;;;;;;;;;;;;;
;;;;;;;;;;;;;;;;;;;;;;;;;;;;
;;;;;;;;;;;;;;;;;;;;;;;;;;;;
;;;;;;;;;;;;;;;;;;;;;;;;;;;;
;;;;;;;;;;;;;;;;;;;;;;;;;;;;
;;;;;;;;;;;;;;;;;;;;;;;;;;;;
;;;;;;;;;;;;;;;;;;;;;;;;;;;;
;;;;;;;;;;;;;;;;;;;;;;;;;;;;
;;;;;;;;;;;;;;;;;;;;;;;;;;;;
;;;;;;;;;;;;;;;;;;;;;;;;;;;;
;;;;;;;;;;;;;;;;;;;;;;;;;;;;
;;;;;;;;;;;;;;;;;;;;;;;;;;;;
;;;;;;;;;;;;;;;;;;;;;;;;;;;;
;;;;;;;;;;;;;;;;;;;;;;;;;;;;
;;;;;;;;;;;;;;;;;;;;;;;;;;;;
;;;;;;;;;;;;;;;;;;;;;;;;;;;;
;;;;;;;;;;;;;;;;;;;;;;;;;;;;
;;;;;;;;;;;;;;;;;;;;;;;;;;;;
;;;;;;;;;;;;;;;;;;;;;;;;;;;;
;;;;;;;;;;;;;;;;;;;;;;;;;;;;
;;;;;;;;;;;;;;;;;;;;;;;;;;;;
;;;;;;;;;;;;;;;;;;;;;;;;;;;;
;;;;;;;;;;;;;;;;;;;;;;;;;;;;
;;;;;;;;;;;;;;;;;;;;;;;;;;;;
;;;;;;;;;;;;;;;;;;;;;;;;;;;;
;;;;;;;;;;;;;;;;;;;;;;;;;;;;
;;;;;;;;;;;;;;;;;;;;;;;;;;;;
;;;;;;;;;;;;;;;;;;;;;;;;;;;;
;;;;;;;;;;;;;;;;;;;;;;;;;;;;
;;;;;;;;;;;;;;;;;;;;;;;;;;;;
;;;;;;;;;;;;;;;;;;;;;;;;;;;;
;;;;;;;;;;;;;;;;;;;;;;;;;;;;
;;;;;;;;;;;;;;;;;;;;;;;;;;;;
;;;;;;;;;;;;;;;;;;;;;;;;;;;;
;;;;;;;;;;;;;;;;;;;;;;;;;;;;
;;;;;;;;;;;;;;;;;;;;;;;;;;;;
;;;;;;;;;;;;;;;;;;;;;;;;;;;;
;;;;;;;;;;;;;;;;;;;;;;;;;;;;
;;;;;;;;;;;;;;;;;;;;;;;;;;;;
;;;;;;;;;;;;;;;;;;;;;;;;;;;;
;;;;;;;;;;;;;;;;;;;;;;;;;;;;
;;;;;;;;;;;;;;;;;;;;;;;;;;;;
;;;;;;;;;;;;;;;;;;;;;;;;;;;;
;;;;;;;;;;;;;;;;;;;;;;;;;;;;
;;;;;;;;;;;;;;;;;;;;;;;;;;;;
;;;;;;;;;;;;;;;;;;;;;;;;;;;;
;;;;;;;;;;;;;;;;;;;;;;;;;;;;
;;;;;;;;;;;;;;;;;;;;;;;;;;;;
;;;;;;;;;;;;;;;;;;;;;;;;;;;;
;;;;;;;;;;;;;;;;;;;;;;;;;;;;
;;;;;;;;;;;;;;;;;;;;;;;;;;;;
;;;;;;;;;;;;;;;;;;;;;;;;;;;;
;;;;;;;;;;;;;;;;;;;;;;;;;;;;
;;;;;;;;;;;;;;;;;;;;;;;;;;;;
;;;;;;;;;;;;;;;;;;;;;;;;;;;;
;;;;;;;;;;;;;;;;;;;;;;;;;;;;
;;;;;;;;;;;;;;;;;;;;;;;;;;;;
;;;;;;;;;;;;;;;;;;;;;;;;;;;;
;;;;;;;;;;;;;;;;;;;;;;;;;;;;
;;;;;;;;;;;;;;;;;;;;;;;;;;;;
;;;;;;;;;;;;;;;;;;;;;;;;;;;;
;;;;;;;;;;;;;;;;;;;;;;;;;;;;
;;;;;;;;;;;;;;;;;;;;;;;;;;;;
;;;;;;;;;;;;;;;;;;;;;;;;;;;;
;;;;;;;;;;;;;;;;;;;;;;;;;;;;
;;;;;;;;;;;;;;;;;;;;;;;;;;;;
;;;;;;;;;;;;;;;;;;;;;;;;;;;;
;;;;;;;;;;;;;;;;;;;;;;;;;;;;
;;;;;;;;;;;;;;;;;;;;;;;;;;;;
;;;;;;;;;;;;;;;;;;;;;;;;;;;;
;;;;;;;;;;;;;;;;;;;;;;;;;;;;
;;;;;;;;;;;;;;;;;;;;;;;;;;;;
;;;;;;;;;;;;;;;;;;;;;;;;;;;;
;;;;;;;;;;;;;;;;;;;;;;;;;;;;
;;;;;;;;;;;;;;;;;;;;;;;;;;;;
;;;;;;;;;;;;;;;;;;;;;;;;;;;;
;;;;;;;;;;;;;;;;;;;;;;;;;;;;
;;;;;;;;;;;;;;;;;;;;;;;;;;;;
;;;;;;;;;;;;;;;;;;;;;;;;;;;;
;;;;;;;;;;;;;;;;;;;;;;;;;;;;
;;;;;;;;;;;;;;;;;;;;;;;;;;;;
;;;;;;;;;;;;;;;;;;;;;;;;;;;;
;;;;;;;;;;;;;;;;;;;;;;;;;;;;
;;;;;;;;;;;;;;;;;;;;;;;;;;;;
;;;;;;;;;;;;;;;;;;;;;;;;;;;;
;;;;;;;;;;;;;;;;;;;;;;;;;;;;
;;;;;;;;;;;;;;;;;;;;;;;;;;;;
;;;;;;;;;;;;;;;;;;;;;;;;;;;;
;;;;;;;;;;;;;;;;;;;;;;;;;;;;
;;;;;;;;;;;;;;;;;;;;;;;;;;;;
;;;;;;;;;;;;;;;;;;;;;;;;;;;;
;;;;;;;;;;;;;;;;;;;;;;;;;;;;
;;;;;;;;;;;;;;;;;;;;;;;;;;;;
;;;;;;;;;;;;;;;;;;;;;;;;;;;;
;;;;;;;;;;;;;;;;;;;;;;;;;;;;
;;;;;;;;;;;;;;;;;;;;;;;;;;;;
;;;;;;;;;;;;;;;;;;;;;;;;;;;;
;;;;;;;;;;;;;;;;;;;;;;;;;;;;
;;;;;;;;;;;;;;;;;;;;;;;;;;;;
;;;;;;;;;;;;;;;;;;;;;;;;;;;;
;;;;;;;;;;;;;;;;;;;;;;;;;;;;
;;;;;;;;;;;;;;;;;;;;;;;;;;;;
;;;;;;;;;;;;;;;;;;;;;;;;;;;;
;;;;;;;;;;;;;;;;;;;;;;;;;;;;
;;;;;;;;;;;;;;;;;;;;;;;;;;;;
;;;;;;;;;;;;;;;;;;;;;;;;;;;;
;;;;;;;;;;;;;;;;;;;;;;;;;;;;
;;;;;;;;;;;;;;;;;;;;;;;;;;;;
;;;;;;;;;;;;;;;;;;;;;;;;;;;;
;;;;;;;;;;;;;;;;;;;;;;;;;;;;
;;;;;;;;;;;;;;;;;;;;;;;;;;;;
;;;;;;;;;;;;;;;;;;;;;;;;;;;;
;;;;;;;;;;;;;;;;;;;;;;;;;;;;
;;;;;;;;;;;;;;;;;;;;;;;;;;;;
;;;;;;;;;;;;;;;;;;;;;;;;;;;;
;;;;;;;;;;;;;;;;;;;;;;;;;;;;
;;;;;;;;;;;;;;;;;;;;;;;;;;;;
;;;;;;;;;;;;;;;;;;;;;;;;;;;;
;;;;;;;;;;;;;;;;;;;;;;;;;;;;
;;;;;;;;;;;;;;;;;;;;;;;;;;;;
;;;;;;;;;;;;;;;;;;;;;;;;;;;;
;;;;;;;;;;;;;;;;;;;;;;;;;;;;
;;;;;;;;;;;;;;;;;;;;;;;;;;;;
;;;;;;;;;;;;;;;;;;;;;;;;;;;;
;;;;;;;;;;;;;;;;;;;;;;;;;;;;
;;;;;;;;;;;;;;;;;;;;;;;;;;;;
;;;;;;;;;;;;;;;;;;;;;;;;;;;;
;;;;;;;;;;;;;;;;;;;;;;;;;;;;
;;;;;;;;;;;;;;;;;;;;;;;;;;;;
;;;;;;;;;;;;;;;;;;;;;;;;;;;;
;;;;;;;;;;;;;;;;;;;;;;;;;;;;
;;;;;;;;;;;;;;;;;;;;;;;;;;;;
;;;;;;;;;;;;;;;;;;;;;;;;;;;;
;;;;;;;;;;;;;;;;;;;;;;;;;;;;
;;;;;;;;;;;;;;;;;;;;;;;;;;;;
;;;;;;;;;;;;;;;;;;;;;;;;;;;;
;;;;;;;;;;;;;;;;;;;;;;;;;;;;
;;;;;;;;;;;;;;;;;;;;;;;;;;;;
;;;;;;;;;;;;;;;;;;;;;;;;;;;;
;;;;;;;;;;;;;;;;;;;;;;;;;;;;
;;;;;;;;;;;;;;;;;;;;;;;;;;;;
;;;;;;;;;;;;;;;;;;;;;;;;;;;;
;;;;;;;;;;;;;;;;;;;;;;;;;;;;
;;;;;;;;;;;;;;;;;;;;;;;;;;;;
;;;;;;;;;;;;;;;;;;;;;;;;;;;;
;;;;;;;;;;;;;;;;;;;;;;;;;;;;
;;;;;;;;;;;;;;;;;;;;;;;;;;;;
;;;;;;;;;;;;;;;;;;;;;;;;;;;;
;;;;;;;;;;;;;;;;;;;;;;;;;;;;
;;;;;;;;;;;;;;;;;;;;;;;;;;;;
;;;;;;;;;;;;;;;;;;;;;;;;;;;;
;;;;;;;;;;;;;;;;;;;;;;;;;;;;
;;;;;;;;;;;;;;;;;;;;;;;;;;;;
;;;;;;;;;;;;;;;;;;;;;;;;;;;;
;;;;;;;;;;;;;;;;;;;;;;;;;;;;
;;;;;;;;;;;;;;;;;;;;;;;;;;;;
;;;;;;;;;;;;;;;;;;;;;;;;;;;;
;;;;;;;;;;;;;;;;;;;;;;;;;;;;
;;;;;;;;;;;;;;;;;;;;;;;;;;;;
;;;;;;;;;;;;;;;;;;;;;;;;;;;;
;;;;;;;;;;;;;;;;;;;;;;;;;;;;
;;;;;;;;;;;;;;;;;;;;;;;;;;;;
;;;;;;;;;;;;;;;;;;;;;;;;;;;;
;;;;;;;;;;;;;;;;;;;;;;;;;;;;
;;;;;;;;;;;;;;;;;;;;;;;;;;;;
;;;;;;;;;;;;;;;;;;;;;;;;;;;;
;;;;;;;;;;;;;;;;;;;;;;;;;;;;
;;;;;;;;;;;;;;;;;;;;;;;;;;;;
;;;;;;;;;;;;;;;;;;;;;;;;;;;;
;;;;;;;;;;;;;;;;;;;;;;;;;;;;
;;;;;;;;;;;;;;;;;;;;;;;;;;;;
;;;;;;;;;;;;;;;;;;;;;;;;;;;;
;;;;;;;;;;;;;;;;;;;;;;;;;;;;
;;;;;;;;;;;;;;;;;;;;;;;;;;;;
;;;;;;;;;;;;;;;;;;;;;;;;;;;;
;;;;;;;;;;;;;;;;;;;;;;;;;;;;
;;;;;;;;;;;;;;;;;;;;;;;;;;;;
;;;;;;;;;;;;;;;;;;;;;;;;;;;;
;;;;;;;;;;;;;;;;;;;;;;;;;;;;
;;;;;;;;;;;;;;;;;;;;;;;;;;;;
;;;;;;;;;;;;;;;;;;;;;;;;;;;;
;;;;;;;;;;;;;;;;;;;;;;;;;;;;
;;;;;;;;;;;;;;;;;;;;;;;;;;;;
;;;;;;;;;;;;;;;;;;;;;;;;;;;;
;;;;;;;;;;;;;;;;;;;;;;;;;;;;
;;;;;;;;;;;;;;;;;;;;;;;;;;;;
;;;;;;;;;;;;;;;;;;;;;;;;;;;;
;;;;;;;;;;;;;;;;;;;;;;;;;;;;
;;;;;;;;;;;;;;;;;;;;;;;;;;;;
;;;;;;;;;;;;;;;;;;;;;;;;;;;;
;;;;;;;;;;;;;;;;;;;;;;;;;;;;
;;;;;;;;;;;;;;;;;;;;;;;;;;;;
;;;;;;;;;;;;;;;;;;;;;;;;;;;;
;;;;;;;;;;;;;;;;;;;;;;;;;;;;
;;;;;;;;;;;;;;;;;;;;;;;;;;;;
;;;;;;;;;;;;;;;;;;;;;;;;;;;;
;;;;;;;;;;;;;;;;;;;;;;;;;;;;
;;;;;;;;;;;;;;;;;;;;;;;;;;;;
;;;;;;;;;;;;;;;;;;;;;;;;;;;;
;;;;;;;;;;;;;;;;;;;;;;;;;;;;
;;;;;;;;;;;;;;;;;;;;;;;;;;;;
;;;;;;;;;;;;;;;;;;;;;;;;;;;;
;;;;;;;;;;;;;;;;;;;;;;;;;;;;
;;;;;;;;;;;;;;;;;;;;;;;;;;;;
;;;;;;;;;;;;;;;;;;;;;;;;;;;;
;;;;;;;;;;;;;;;;;;;;;;;;;;;;
;;;;;;;;;;;;;;;;;;;;;;;;;;;;
;;;;;;;;;;;;;;;;;;;;;;;;;;;;
;;;;;;;;;;;;;;;;;;;;;;;;;;;;
;;;;;;;;;;;;;;;;;;;;;;;;;;;;
;;;;;;;;;;;;;;;;;;;;;;;;;;;;
;;;;;;;;;;;;;;;;;;;;;;;;;;;;
;;;;;;;;;;;;;;;;;;;;;;;;;;;;
;;;;;;;;;;;;;;;;;;;;;;;;;;;;
;;;;;;;;;;;;;;;;;;;;;;;;;;;;
;;;;;;;;;;;;;;;;;;;;;;;;;;;;
;;;;;;;;;;;;;;;;;;;;;;;;;;;;
;;;;;;;;;;;;;;;;;;;;;;;;;;;;
;;;;;;;;;;;;;;;;;;;;;;;;;;;;
;;;;;;;;;;;;;;;;;;;;;;;;;;;;
;;;;;;;;;;;;;;;;;;;;;;;;;;;;
;;;;;;;;;;;;;;;;;;;;;;;;;;;;
;;;;;;;;;;;;;;;;;;;;;;;;;;;;
;;;;;;;;;;;;;;;;;;;;;;;;;;;;
;;;;;;;;;;;;;;;;;;;;;;;;;;;;
;;;;;;;;;;;;;;;;;;;;;;;;;;;;
;;;;;;;;;;;;;;;;;;;;;;;;;;;;
;;;;;;;;;;;;;;;;;;;;;;;;;;;;
;;;;;;;;;;;;;;;;;;;;;;;;;;;;
;;;;;;;;;;;;;;;;;;;;;;;;;;;;
;;;;;;;;;;;;;;;;;;;;;;;;;;;;
;;;;;;;;;;;;;;;;;;;;;;;;;;;;
;;;;;;;;;;;;;;;;;;;;;;;;;;;;
;;;;;;;;;;;;;;;;;;;;;;;;;;;;
;;;;;;;;;;;;;;;;;;;;;;;;;;;;
