Maple;DLMF;Number of Variables;Maple-DLMF-Comment;Maple-Constraints;Maple-Branch Cuts;DLMF-Alternatives;Maple-Link;;;;;;;;;;;;;;;;;;
sin($0);\sin@@{$0};1;;;;;https://www.maplesoft.com/support/help/maple/view.aspx?path=sin;;;;;;;;;;;;;;;;;;
cos($0);\cos@@{$0};1;;;;;https://www.maplesoft.com/support/help/maple/view.aspx?path=cos;;;;;;;;;;;;;;;;;;
tan($0);\tan@@{$0};1;;;;;https://www.maplesoft.com/support/help/maple/view.aspx?path=tan;;;;;;;;;;;;;;;;;;
sec($0);\sec@@{$0};1;;;;;https://www.maplesoft.com/support/help/maple/view.aspx?path=sec;;;;;;;;;;;;;;;;;;
csc($0);\csc@@{$0};1;;;;;https://www.maplesoft.com/support/help/maple/view.aspx?path=csc;;;;;;;;;;;;;;;;;;
cot($0);\cot@@{$0};1;;;;;https://www.maplesoft.com/support/help/maple/view.aspx?path=cot;;;;;;;;;;;;;;;;;;
;;;;;;;;;;;;;;;;;;;;;;;;;
sinh($0);\sinh@@{$0};1;;;;;https://www.maplesoft.com/support/help/maple/view.aspx?path=sinh;;;;;;;;;;;;;;;;;;
cosh($0);\cosh@@{$0};1;;;;;https://www.maplesoft.com/support/help/maple/view.aspx?path=cosh;;;;;;;;;;;;;;;;;;
tanh($0);\tanh@@{$0};1;;;;;https://www.maplesoft.com/support/help/maple/view.aspx?path=tanh;;;;;;;;;;;;;;;;;;
sech($0);\sech@@{$0};1;;;;;https://www.maplesoft.com/support/help/maple/view.aspx?path=sech;;;;;;;;;;;;;;;;;;
csch($0);\csch@@{$0};1;;;;;https://www.maplesoft.com/support/help/maple/view.aspx?path=csch;;;;;;;;;;;;;;;;;;
coth($0);\coth@@{$0};1;;;;;https://www.maplesoft.com/support/help/maple/view.aspx?path=coth;;;;;;;;;;;;;;;;;;
;;;;;;;;;;;;;;;;;;;;;;;;;
arcsin($0);\asin@@{$0};1;;;;;https://www.maplesoft.com/support/help/maple/view.aspx?path=invtrig;;;;;;;;;;;;;;;;;;
arccos($0);\acos@@{$0};1;;;;;https://www.maplesoft.com/support/help/maple/view.aspx?path=invtrig;;;;;;;;;;;;;;;;;;
arctan($0);\atan@@{$0};1;;;;;https://www.maplesoft.com/support/help/maple/view.aspx?path=invtrig;;;;;;;;;;;;;;;;;;
arctan($0,$1);\ph@@{$1+($0)*\iunit};2;;;;;https://www.maplesoft.com/support/help/maple/view.aspx?path=invtrig;;;;;;;;;;;;;;;;;;
arcsec($0);\asec@@{$0};1;;;;;https://www.maplesoft.com/support/help/maple/view.aspx?path=invtrig;;;;;;;;;;;;;;;;;;
arccsc($0);\acsc@@{$0};1;;;;;https://www.maplesoft.com/support/help/maple/view.aspx?path=invtrig;;;;;;;;;;;;;;;;;;
arccot($0);\acot@@{$0};1;;;(- I infinity, - I ), ( I, I infinity );\frac{\cpi}{2}-\atan@@{$0};https://www.maplesoft.com/support/help/maple/view.aspx?path=invtrig;;;;;;;;;;;;;;;;;;
;;;;;;;;;;;;;;;;;;;;;;;;;
arcsinh($0);\asinh@@{$0};1;;;;;https://www.maplesoft.com/support/help/maple/view.aspx?path=arcsinh;;;;;;;;;;;;;;;;;;
arccosh($0);\acosh@@{$0};1;;;;;https://www.maplesoft.com/support/help/maple/view.aspx?path=arccosh;;;;;;;;;;;;;;;;;;
arctanh($0);\atanh@@{$0};1;;;;;https://www.maplesoft.com/support/help/maple/view.aspx?path=arctanh;;;;;;;;;;;;;;;;;;
arcsech($0);\asech@@{$0};1;;;;;https://www.maplesoft.com/support/help/maple/view.aspx?path=arcsech;;;;;;;;;;;;;;;;;;
arccsch($0);\acsch@@{$0};1;;;;;https://www.maplesoft.com/support/help/maple/view.aspx?path=arccsch;;;;;;;;;;;;;;;;;;
arccoth($0);\acoth@@{$0};1;;;;;https://www.maplesoft.com/support/help/maple/view.aspx?path=arccoth;;;;;;;;;;;;;;;;;;
;;;;;;;;;;;;;;;;;;;;;;;;;
ln($0);\ln@@{$0};1;;;;;https://www.maplesoft.com/support/help/maple/view.aspx?path=ln;;;;;;;;;;;;;;;;;;
log($0);\log@@{$0};1;;;;;https://www.maplesoft.com/support/help/maple/view.aspx?path=log;;;;;;;;;;;;;;;;;;
log[$0]($1);\logb{$0}@@{$1};2;;;;;https://www.maplesoft.com/support/help/maple/view.aspx?path=log;;;;;;;;;;;;;;;;;;
;;;;;;;;;;;;;;;;;;;;;;;;;
exp($0);\exp@@{$0};1;;;;;https://www.maplesoft.com/support/help/maple/view.aspx?path=exp;;;;;;;;;;;;;;;;;;
;;;;;;;;;;;;;;;;;;;;;;;;;
LambertW($0);\LambertW@{$0};1;;;;;https://www.maplesoft.com/support/help/maple/view.aspx?path=LambertW;;;;;;;;;;;;;;;;;;
LambertW($0, $1);\LambertW@{$1};2;;;;;https://www.maplesoft.com/support/help/maple/view.aspx?path=LambertW;;;;;;;;;;;;;;;;;;
;;;;;;;;;;;;;;;;;;;;;;;;;
Si($0);\SinInt@{$0};1;;;;;https://www.maplesoft.com/support/help/maple/view.aspx?path=Si;;;;;;;;;;;;;;;;;;
Ssi($0);\sinInt@{$0};1;;;;;https://www.maplesoft.com/support/help/maple/view.aspx?path=Ssi;;;;;;;;;;;;;;;;;;
Ci($0);\CosInt@{$0};1;;;;;https://www.maplesoft.com/support/help/maple/view.aspx?path=Ci;;;;;;;;;;;;;;;;;;
Shi($0);\SinhInt@{$0};1;;;;;https://www.maplesoft.com/support/help/maple/view.aspx?path=Shi;;;;;;;;;;;;;;;;;;
Chi($0);\CoshInt@{$0};1;;;;;https://www.maplesoft.com/support/help/maple/view.aspx?path=Chi;;;;;;;;;;;;;;;;;;
;;;;;;;;;;;;;;;;;;;;;;;;;
;\Gudermannian@@{x};;;;;;;;;;;;;;;;;;;;;;;;
;\arcGudermannian@@{x};;;;;;;;;;;;;;;;;;;;;;;;
;;;;;;;;;;;;;;;;;;;;;;;;;
Ei($0);\ExpInt@{$0};1;;;;\ExpInti@{$0};https://www.maplesoft.com/support/help/maple/view.aspx?path=Ei;;;;;;;;;;;;;;;;;;
Ei($0, $1);\ExpIntn{$0}@{$1};2;;;;;https://www.maplesoft.com/support/help/maple/view.aspx?path=Ei;;;;;;;;;;;;;;;;;;
Li($0);\LogInt@{$0};1;;;;;https://www.maplesoft.com/support/help/maple/view.aspx?path=Li;;;;;;;;;;;;;;;;;;
dilog($0);\Dilogarithm@{$0};1;;;;;https://www.maplesoft.com/support/help/maple/view.aspx?path=dilog;;;;;;;;;;;;;;;;;;
polylog($0, $1);\Polylogarithm{$0}@{$1};2;;;;\JonquierePhi@{$1}{$0};https://www.maplesoft.com/support/help/maple/view.aspx?path=polylog;;;;;;;;;;;;;;;;;;
;;;;;;;;;;;;;;;;;;;;;;;;;
gamma($0);\StieltjesConstants{$0};1;;;;;http://www.maplesoft.com/support/help/Maple/view.aspx?path=initialconstants;;;;;;;;;;;;;;;;;;
;;;;;;;;;;;;;;;;;;;;;;;;;
Matrix([[],[]]);\Matrix{A};;;;;;http://www.maplesoft.com/support/help/Maple/view.aspx?path=Matrix;;;;;;;;;;;;;;;;;;
Vector([$0]);\Vector{$0};;;;;;http://www.maplesoft.com/support/help/Maple/view.aspx?path=Vector;;;;;;;;;;;;;;;;;;
Trace(X);\trace \Matrix{X};;;;;;https://www.maplesoft.com/support/help/Maple/view.aspx?path=LinearAlgebra/Trace;;;;;;;;;;;;;;;;;;
Transpose(X);\transpose \Matrix{X};;;;;;https://www.maplesoft.com/support/help/Maple/view.aspx?path=LinearAlgebra/Transpose;;;;;;;;;;;;;;;;;;
exp(Trace(X));\exptrace@{\Matrix{X}};;;;;;https://www.maplesoft.com/support/help/Maple/view.aspx?path=LinearAlgebra/Trace;;;;;;;;;;;;;;;;;;
Determinant(A);\det A;;;;;;https://www.maplesoft.com/support/help/Maple/view.aspx?path=LinearAlgebra/Determinant;;;;;;;;;;;;;;;;;;
;;;;;;;;;;;;;;;;;;;;;;;;;
argument($0);\ph@@{$0};1;;;;;http://www.maplesoft.com/support/help/maple/view.aspx?path=argument;;;;;;;;;;;;;;;;;;
conjugate($0);\conj{$0};1;;;;;https://www.maplesoft.com/support/help/maple/view.aspx?path=conjugate;;;;;;;;;;;;;;;;;;
Re($0);\realpart{$0};1;;;;;https://www.maplesoft.com/support/help/maple/view.aspx?path=Re;;;;;;;;;;;;;;;;;;
Im($0);\imagpart{$0};1;;;;;https://www.maplesoft.com/support/help/maple/view.aspx?path=Im;;;;;;;;;;;;;;;;;;
sqrt($0);\sqrt{$0};1;;;;;https://www.maplesoft.com/support/help/maple/view.aspx?path=sqrt;;;;;;;;;;;;;;;;;;
csgn($0);\sign@@{$0};1;;;;;https://www.maplesoft.com/support/help/maple/view.aspx?path=csgn;;;;;;;;;;;;;;;;;;
signum($0);\sign@@{$0};1;;;;;https://www.maplesoft.com/support/help/maple/view.aspx?path=signum;;;;;;;;;;;;;;;;;;
surd($1, $0);\sqrt[$1]{$0};2;;;;;https://www.maplesoft.com/support/help/maple/view.aspx?path=surd;;;;;;;;;;;;;;;;;;
binomial($0, $1);\binom{$0}{$1};2;;;;\binomial{$0}{$1};https://www.maplesoft.com/support/help/maple/view.aspx?path=binomial;;;;;;;;;;;;;;;;;;
multinomial($0, $1);\multinomial{m}{n_1,...,n_k};;;;;;https://www.maplesoft.com/support/help/Maple/view.aspx?path=combinat/multinomial;;;;;;;;;;;;;;;;;;
gcd($0, $1);\pgcd{$0, $1};1;;;;;https://www.maplesoft.com/support/help/Maple/view.aspx?path=gcd;;;;;;;;;;;;;;;;;;
factorial($0);($0)!;1;;;;;https://www.maplesoft.com/support/help/Maple/view.aspx?path=factorial;;;;;;;;;;;;;;;;;;
doublefactorial($0);($0)!!;1;;;;;https://www.maplesoft.com/support/help/Maple/view.aspx?path=doublefactorial;;;;;;;;;;;;;;;;;;
;;;;;;;;;;;;;;;;;;;;;;;;;
floor($0);\floor{$0} ;1;;;;;https://www.maplesoft.com/support/help/maple/view.aspx?path=floor;;;;;;;;;;;;;;;;;;
ceil($0);\ceiling{$0};1;;;;;https://www.maplesoft.com/support/help/maple/view.aspx?path=ceil;;;;;;;;;;;;;;;;;;
;\inf;;;;;;not defined;;;;;;;;;;;;;;;;;;
;\sup;;;;;;not defined;;;;;;;;;;;;;;;;;;
sum(f,k);;2;;;;;https://www.maplesoft.com/support/help/Maple/view.aspx?path=sum;;;;;;;;;;;;;;;;;;
sum(f,k,a);\Sum{$1}{$2}{$2}@{$0};3;;;;;https://www.maplesoft.com/support/help/Maple/view.aspx?path=sum;;;;;;;;;;;;;;;;;;
sum(f,k,a,b);\Sum{$1}{$2}{$3}@{$0};4;;;;;https://www.maplesoft.com/support/help/Maple/view.aspx?path=sum;;;;;;;;;;;;;;;;;;
Sum(f,k);;2;;;;;https://www.maplesoft.com/support/help/Maple/view.aspx?path=sum;;;;;;;;;;;;;;;;;;
Sum(f,k,a);\Sum{$1}{$2}{$2}@{$0};3;;;;;https://www.maplesoft.com/support/help/Maple/view.aspx?path=sum;;;;;;;;;;;;;;;;;;
Sum(f,k,a,b);\Sum{$1}{$2}{$3}@{$0};4;;;;;https://www.maplesoft.com/support/help/Maple/view.aspx?path=sum;;;;;;;;;;;;;;;;;;
product(f,k);;2;;;;;https://www.maplesoft.com/support/help/Maple/view.aspx?path=product;;;;;;;;;;;;;;;;;;
product(f,k,a);\Prod{$1}{$2}{$2}@{$0};3;;;;;https://www.maplesoft.com/support/help/Maple/view.aspx?path=product;;;;;;;;;;;;;;;;;;
product(f,k,a,b);\Prod{$1}{$2}{$3}@{$0};4;;;;;https://www.maplesoft.com/support/help/Maple/view.aspx?path=product;;;;;;;;;;;;;;;;;;
Product(f,k);;2;;;;;https://www.maplesoft.com/support/help/Maple/view.aspx?path=product;;;;;;;;;;;;;;;;;;
Product(f,k,a);\Prod{$1}{$2}{$2}@{$0};3;;;;;https://www.maplesoft.com/support/help/Maple/view.aspx?path=product;;;;;;;;;;;;;;;;;;
Product(f,k,a,b);\Prod{$1}{$2}{$3}@{$0};4;;;;;https://www.maplesoft.com/support/help/Maple/view.aspx?path=product;;;;;;;;;;;;;;;;;;
;\Wronskian@{w1(z),w2(z)};;;;;;not defined;;;;;;;;;;;;;;;;;;
;\Residue;;;;;;not defined;;;;;;;;;;;;;;;;;;
numelems(A);\card{A};;;;;;https://www.maplesoft.com/support/help/maple/view.aspx?path=numelems;;;;;;;;;;;;;;;;;;
;\cartprod;;;;;;not defined;;;;;;;;;;;;;;;;;;
;\divides;;;;;;not defined;;;;;;;;;;;;;;;;;;
;\liminf;;;;;;not defined;;;;;;;;;;;;;;;;;;
mod;$0 \mod $1;2;;;;;https://www.maplesoft.com/support/help/maple/view.aspx?path=mod;;;;;;;;;;;;;;;;;;
modp;$0 \mod $1;2;;;;;https://www.maplesoft.com/support/help/maple/view.aspx?path=mod;;;;;;;;;;;;;;;;;;
mods;;;;;;;https://www.maplesoft.com/support/help/maple/view.aspx?path=mod;;;;;;;;;;;;;;;;;;
;\opminus;;;;;;not defined;;;;;;;;;;;;;;;;;;
;\poly{p}{n}@{x};;;;;;not defined;;;;;;;;;;;;;;;;;;
numbcomp($1, $0);\CompositionsC[$1]@{$0};2;;;;;http://www.maplesoft.com/support/help/Maple/view.aspx?path=combinat%2Fnumbcomp;;;;;;;;;;;;;;;;;;
;\Distribution{f}{g};;;;;;not defined;;;;;;;;;;;;;;;;;;
;\Lattice{L};;;;;;not defined;;;;;;;;;;;;;;;;;;
;\fDiff[x];;;;;;not defined;;;;;;;;;;;;;;;;;;
;\bDiff[x];;;;;;not defined;;;;;;;;;;;;;;;;;;
;\cDiff[x];;;;;;not defined;;;;;;;;;;;;;;;;;;
diff($0, $1);\deriv{$0}{$1};2;;;;;http://www.maplesoft.com/support/help/Maple/view.aspx?path=diff;;;;;;;;;;;;;;;;;;
diff($0, $1);\pderiv{$0}{$1};2;;;;;http://www.maplesoft.com/support/help/Maple/view.aspx?path=diff;;;;;;;;;;;;;;;;;;
;\diff{x};;;;;;not defined;;;;;;;;;;;;;;;;;;
;\pdiff{x};;;;;;not defined;;;;;;;;;;;;;;;;;;
int($1, $0);\AntiDer@{$1}{$0};2;;;;;http://www.maplesoft.com/support/help/Maple/view.aspx?path=int;;;;;;;;;;;;;;;;;;
int($3, $2 = $0 .. $1);\Int{$2}{$3}@{$1}{$0};4;;;;;http://www.maplesoft.com/support/help/Maple/view.aspx?path=int;;;;;;;;;;;;;;;;;;
;\Schwarzian{z}{\zeta};;;;;;not defined;;;;;;;;;;;;;;;;;;
;\Complex;;;;;;not defined;;;;;;;;;;;;;;;;;;
;\Real;;;;;;not defined;;;;;;;;;;;;;;;;;;
;\Rational;;;;;;not defined;;;;;;;;;;;;;;;;;;
;\Integer;;;;;;not defined;;;;;;;;;;;;;;;;;;
;\NatNumber;;;;;;not defined;;;;;;;;;;;;;;;;;;
;\Continuous@{A};;;;;;not defined;;;;;;;;;;;;;;;;;;
;\SpaceTestFunTempered@{A};;;;;;not defined;;;;;;;;;;;;;;;;;;
in;$0 \in $1;2;;;;;https://www.maplesoft.com/support/help/Maple/view.aspx?path=in;;;;;;;;;;;;;;;;;;
union;;2;;;;;https://www.maplesoft.com/support/help/Maple/view.aspx?path=union;;;;;;;;;;;;;;;;;;
intersect;;2;;;;;https://www.maplesoft.com/support/help/Maple/view.aspx?path=intersect;;;;;;;;;;;;;;;;;;
minus;$0 \setminus $1;2;;;;;https://www.maplesoft.com/support/help/Maple/view.aspx?path=minus;;;;;;;;;;;;;;;;;;
subset;$0 \subseteq $1;2;;;;;https://www.maplesoft.com/support/help/Maple/view.aspx?path=subset;;;;;;;;;;;;;;;;;;
;\subset;;;;;;not defined;;;;;;;;;;;;;;;;;;
;\setmod;;;;;;not defined;;;;;;;;;;;;;;;;;;
;\PartitionsP{n};;;;;;https://www.maplesoft.com/support/help/Maple/view.aspx?path=combinat/partition;;;;;;;;;;;;;;;;;;
;\PartitionsP[k]@{n};;;;;;not defined;;;;;;;;;;;;;;;;;;
permute($0);\Permutations{$0};;;;;;http://www.maplesoft.com/support/help/Maple/view.aspx?path=combinat/permute;;;;;;;;;;;;;;;;;;
;\PlanePartitionsPP@{n};;;;;;not defined;;;;;;;;;;;;;;;;;;
;\RestrictedPartitionsP[k]@{\mathrm{condition}}{n};;;;;;not defined;;;;;;;;;;;;;;;;;;
;\RestrictedCompositionsC@{\mathrm{condition}}{n};;;;;;not defined;;;;;;;;;;;;;;;;;;
;\BigO@{x};;;;;;not defined;;;;;;;;;;;;;;;;;;
;\littleo@{x};;;;;;not defined;;;;;;;;;;;;;;;;;;
;\sim;;;;;;not defined;;;;;;;;;;;;;;;;;;
;;;;;;;;;;;;;;;;;;;;;;;;;
;;;;;;;;;;;;;;;;;;;;;;;;;
;;;;;;;;;;;;;;;;;;;;;;;;;
AiryAi($0);\AiryAi@{$0};1;;;;;https://www.maplesoft.com/support/help/maple/view.aspx?path=Airy;;;;;;;;;;;;;;;;;;
AiryBi($0);\AiryBi@{$0};1;;;;;https://www.maplesoft.com/support/help/maple/view.aspx?path=Airy;;;;;;;;;;;;;;;;;;
;\AiryModulusM@{z};;;;;;not defined;;;;;;;;;;;;;;;;;;
;\AiryModulusN@{z};;;;;;not defined;;;;;;;;;;;;;;;;;;
;\AiryPhasePhi@{z};;;;;;not defined;;;;;;;;;;;;;;;;;;
;\AiryPhaseTheta@{z};;;;;;not defined;;;;;;;;;;;;;;;;;;
;\ODEgenAiryA{n}@{z};;;;;;not defined;;;;;;;;;;;;;;;;;;
;\ODEgenAiryB{n}@{z};;;;;;not defined;;;;;;;;;;;;;;;;;;
;\IntgenAiryA{k}@{z}{p};;;;;;not defined;;;;;;;;;;;;;;;;;;
;\IntgenAiryB{k}@{z}{p};;;;;;not defined;;;;;;;;;;;;;;;;;;
;\ZeroAiryAi{k};;;;;;not defined;;;;;;;;;;;;;;;;;;
;\ZeroAiryAiPrime{k};;;;;;not defined;;;;;;;;;;;;;;;;;;
;\ZeroAiryBi{k};;;;;;not defined;;;;;;;;;;;;;;;;;;
;\ZeroAiryBiPrime{k};;;;;;not defined;;;;;;;;;;;;;;;;;;
;\ComplexZeroAiryBi{k};;;;;;not defined;;;;;;;;;;;;;;;;;;
;\ComplexZeroAiryBiPrime{k};;;;;;not defined;;;;;;;;;;;;;;;;;;
;;;;;;;;;;;;;;;;;;;;;;;;;
AngerJ($0, $1);\AngerJ{$0}@{$1};2;;;;;https://www.maplesoft.com/support/help/maple/view.aspx?path=AngerJ;;;;;;;;;;;;;;;;;;
WeberE($0, $1);\WeberE{$0}@{$1};2;;;;;https://www.maplesoft.com/support/help/maple/view.aspx?path=AngerJ;;;;;;;;;;;;;;;;;;
;\AngerA{v}@{x};;;;;;not defined;;;;;;;;;;;;;;;;;;
;;;;;;;;;;;;;;;;;;;;;;;;;
;\AppellFi@{\alpha}{\beta}{\beta'}{\gamma}{x}{y};;;;;;not defined;;;;;;;;;;;;;;;;;;
;\AppellFii@{\alpha}{\beta}{\beta'}{\gamma}{\gamma'}{x}{y};;;;;;not defined;;;;;;;;;;;;;;;;;;
;\AppellFiii@{\alpha}{\alpha'}{\beta}{\beta'}{\gamma}{x}{y};;;;;;not defined;;;;;;;;;;;;;;;;;;
;\AppellFiv@{\alpha}{\beta}{\gamma}{\gamma'}{x}{y};;;;;;not defined;;;;;;;;;;;;;;;;;;
;;;;;;;;;;;;;;;;;;;;;;;;;
BesselJ($0, $1);\BesselJ{$0}@{$1};2;;;;;https://www.maplesoft.com/support/help/maple/view.aspx?path=Bessel;;;;;;;;;;;;;;;;;;
BesselY($0, $1);\BesselY{$0}@{$1};2;;;;;https://www.maplesoft.com/support/help/maple/view.aspx?path=Bessel;;;;;;;;;;;;;;;;;;
HankelH1($0, $1);\HankelHi{$0}@{$1};2;;;;;https://www.maplesoft.com/support/help/maple/view.aspx?path=Bessel;;;;;;;;;;;;;;;;;;
HankelH2($0, $1);\HankelHii{$0}@{$1};2;;;;;https://www.maplesoft.com/support/help/maple/view.aspx?path=Bessel;;;;;;;;;;;;;;;;;;
;\BesselModulusM{\nu}@{x};;;;;;not defined;;;;;;;;;;;;;;;;;;
;\BesselModulusN{\nu}@{x};;;;;;not defined;;;;;;;;;;;;;;;;;;
;\BesselPhaseTheta{\nu}@{x};;;;;;not defined;;;;;;;;;;;;;;;;;;
;\BesselPhasePhi{\nu}@{x};;;;;;not defined;;;;;;;;;;;;;;;;;;
;\ZeroBesselJ{\nu}{m};;;;;;not defined;;;;;;;;;;;;;;;;;;
;\ZeroBesselJPrime{\nu}{m};;;;;;not defined;;;;;;;;;;;;;;;;;;
;\ZeroBesselY{\nu}{m};;;;;;not defined;;;;;;;;;;;;;;;;;;
;\ZeroBesselYPrime{\nu}{m};;;;;;not defined;;;;;;;;;;;;;;;;;;
;\BesselJtilde{\nu}@{x};;;;;;not defined;;;;;;;;;;;;;;;;;;
;\BesselYtilde{\nu}@{x};;;;;;not defined;;;;;;;;;;;;;;;;;;
BesselI($0, $1);\BesselI{$0}@{$1};2;;;;;https://www.maplesoft.com/support/help/maple/view.aspx?path=Bessel;;;;;;;;;;;;;;;;;;
BesselK($0, $1);\BesselK{$0}@{$1};2;;;;;https://www.maplesoft.com/support/help/maple/view.aspx?path=Bessel;;;;;;;;;;;;;;;;;;
;\ModCylinder{\nu}@{z};;;;;;not defined;;;;;;;;;;;;;;;;;;
;\BesselItilde{\nu}@{x};;;;;;not defined;;;;;;;;;;;;;;;;;;
;\BesselKtilde{\nu}@{x};;;;;;not defined;;;;;;;;;;;;;;;;;;
;\GenBesselFun@{\rho}{\beta}{z};;;;;;not defined;;;;;;;;;;;;;;;;;;
;\MittagLeffler{a}{b}@{z};;;;;;not defined;;;;;;;;;;;;;;;;;;
;\SphBesselJ{n}@{z};;;;;;not defined;;;;;;;;;;;;;;;;;;
;\SphBesselY{n}@{z};;;;;;not defined;;;;;;;;;;;;;;;;;;
;\SphHankelHi{n}@{z};;;;;;not defined;;;;;;;;;;;;;;;;;;
;\SphHankelHii{n}@{z};;;;;;not defined;;;;;;;;;;;;;;;;;;
;\SphBesselIi{n}@{z};;;;;;not defined;;;;;;;;;;;;;;;;;;
;\SphBesselIii{n}@{z};;;;;;not defined;;;;;;;;;;;;;;;;;;
;\SphBesselK{n}@{z};;;;;;not defined;;;;;;;;;;;;;;;;;;
;\BesselA{\nu}@{\Matrix{T}};;;;;;not defined;;;;;;;;;;;;;;;;;;
;\BesselB{\nu}@{\Matrix{T}};;;;;;not defined;;;;;;;;;;;;;;;;;;
;\JacksonqBesselI{\nu}@{z}{q};;;;;;not defined;;;;;;;;;;;;;;;;;;
;\JacksonqBesselII{\nu}@{z}{q};;;;;;not defined;;;;;;;;;;;;;;;;;;
;\JacksonqBesselIII{\nu}@{z}{q};;;;;;not defined;;;;;;;;;;;;;;;;;;
;;;;;;;;;;;;;;;;;;;;;;;;;
;\BickleyKi{\alpha}@{x};;;;;;not defined;;;;;;;;;;;;;;;;;;
;;;;;;;;;;;;;;;;;;;;;;;;;
Beta($0, $1);\EulerBeta@{$0}{$1};2;;;;;https://www.maplesoft.com/support/help/maple/view.aspx?path=Beta;;;;;;;;;;;;;;;;;;
;\IncBeta{x}@{a}{b};;;;;;not defined;;;;;;;;;;;;;;;;;;
;\IncI{x}@{a}{b};;;;;;not defined;;;;;;;;;;;;;;;;;;
;\mEulerBeta{m}@{a}{b};;;;;;not defined;;;;;;;;;;;;;;;;;;
;;;;;;;;;;;;;;;;;;;;;;;;;
;\CanonicInt{K}@{\Vector{x}};;;;;;not defined;;;;;;;;;;;;;;;;;;
;\CanonicIntU@{\Vector{x}};;;;;;not defined;;;;;;;;;;;;;;;;;;
;\CanonicIntE@{\Vector{x}};;;;;;not defined;;;;;;;;;;;;;;;;;;
;\CanonicIntH@{\Vector{x}};;;;;;not defined;;;;;;;;;;;;;;;;;;
;;;;;;;;;;;;;;;;;;;;;;;;;
;\CatalanNumber@{n};;;;;;not defined;;;;;;;;;;;;;;;;;;
;;;;;;;;;;;;;;;;;;;;;;;;;
;\CuspCat{K}@{t}{\Vector{x}};;;;;;not defined;;;;;;;;;;;;;;;;;;
;\UmbilicCatE@{s}{t}{\Vector{x}};;;;;;not defined;;;;;;;;;;;;;;;;;;
;\UmbilicCatH@{s}{t}{\Vector{x}};;;;;;not defined;;;;;;;;;;;;;;;;;;
;\DiffCat{K}@{\Vector{x}}{k};;;;;;not defined;;;;;;;;;;;;;;;;;;
;\DiffCatU@{\Vector{x}}{k};;;;;;not defined;;;;;;;;;;;;;;;;;;
;\DiffCatE@{\Vector{x}}{k};;;;;;not defined;;;;;;;;;;;;;;;;;;
;\DiffCatH@{\Vector{x}}{k};;;;;;not defined;;;;;;;;;;;;;;;;;;
;;;;;;;;;;;;;;;;;;;;;;;;;
;\ChebyshevPsi@{x};;;;;;not defined;;;;;;;;;;;;;;;;;;
;;;;;;;;;;;;;;;;;;;;;;;;;
CoulombF($0, $1, $2);\CoulombF{$0}@{$1}{$2};3;;;;;https://www.maplesoft.com/support/help/maple/view.aspx?path=CoulombF;;;;;;;;;;;;;;;;;;
;\Coulombf@{\epsilon}{\ell}{r};;;;;;not defined;;;;;;;;;;;;;;;;;;
;\Coulombc@{\epsilon}{\ell}{r};;;;;;not defined;;;;;;;;;;;;;;;;;;
;\Coulombs@{\epsilon}{\ell}{r};;;;;;not defined;;;;;;;;;;;;;;;;;;
;\Coulombh@{\epsilon}{\ell}{r};;;;;;not defined;;;;;;;;;;;;;;;;;;
;\CoulombG{\ell}@{\eta}{\rho};;;;;;not defined;;;;;;;;;;;;;;;;;;
;\CoulombH{\pm}{\ell}@{\eta}{\rho};;;;;;not defined;;;;;;;;;;;;;;;;;;
;\CoulombC{\ell}@{\eta};;;;;;not defined;;;;;;;;;;;;;;;;;;
;\CoulombTheta{\ell}@{\eta}{\rho};;;;;;not defined;;;;;;;;;;;;;;;;;;
;\CoulombSigma{\ell}@{\eta};;;;;;not defined;;;;;;;;;;;;;;;;;;
;\CoulombM{\ell}@{\eta}{\rho};;;;;;not defined;;;;;;;;;;;;;;;;;;
;\Coulombrhotp@{\eta}{\ell};;;;;;not defined;;;;;;;;;;;;;;;;;;
;\Coulombrtp@{\epsilon}{\ell};;;;;;not defined;;;;;;;;;;;;;;;;;;
;;;;;;;;;;;;;;;;;;;;;;;;;
;\Cylinder{\nu}@{z};;;;;;not defined;;;;;;;;;;;;;;;;;;
CylinderU($0, $1);\ParabolicU@{$0}{$1};2;;;;;https://www.maplesoft.com/support/help/maple/view.aspx?path=CylinderU;;;;;;;;;;;;;;;;;;
;\ParabolicUbar@{a}{x};;;;;;not defined;;;;;;;;;;;;;;;;;;
CylinderV($0, $1);\ParabolicV@{$0}{$1};2;;;;;https://www.maplesoft.com/support/help/maple/view.aspx?path=CylinderV;;;;;;;;;;;;;;;;;;
;\ParabolicW@{a}{x};;;;;;not defined;;;;;;;;;;;;;;;;;;
CylinderD($0, $1);\WhitD{$0}@{$1};2;;;;;https://www.maplesoft.com/support/help/maple/view.aspx?path=CylinderD;;;;;;;;;;;;;;;;;;
;;;;;;;;;;;;;;;;;;;;;;;;;
dawson($0);\DawsonsInt@{$0};1;;;;;https://www.maplesoft.com/support/help/maple/view.aspx?path=dawson;;;;;;;;;;;;;;;;;;
;;;;;;;;;;;;;;;;;;;;;;;;;
;\DedekindModularEta@{\tau};;;;;;not defined;;;;;;;;;;;;;;;;;;
;;;;;;;;;;;;;;;;;;;;;;;;;
Dirac($0);\Diracdelta@{$0};1;;;;;https://www.maplesoft.com/support/help/maple/view.aspx?path=Dirac;;;;;;;;;;;;;;;;;;
;\deltaDistribution;;;;;;not defined;;;;;;;;;;;;;;;;;;
;;;;;;;;;;;;;;;;;;;;;;;;;
;\DirichletL@{s}{\chi};;;;;;not defined;;;;;;;;;;;;;;;;;;
;\DirichletCharacter@@{n}{k};;;;;;not defined;;;;;;;;;;;;;;;;;;
;;;;;;;;;;;;;;;;;;;;;;;;;
;\DiscriminantDelta@{\tau};;;;;;not defined;;;;;;;;;;;;;;;;;;
;;;;;;;;;;;;;;;;;;;;;;;;;
ifactor($0);\NumPrimeDivNu@{$0};1;;;;;https://www.maplesoft.com/support/help/Maple/view.aspx?path=ifactor;;;;;;;;;;;;;;;;;;
;\NumPrimesLessPi@{x};;;;;;not defined;;;;;;;;;;;;;;;;;;
;\DivisorFunctionD[k]@{n};;;;;;not defined;;;;;;;;;;;;;;;;;;
numelems(divisors($0));\DivisorFunctionD@{n};1;;;;;http://www.maplesoft.com/support/help/Maple/view.aspx?path=numtheory/divisors%28deprecated%29;;;;;;;;;;;;;;;;;;
;\DivisorSigma{\alpha}@{n};;;;;;not defined;;;;;;;;;;;;;;;;;;
add(divisors($0));\DivisorSigma{1}@{n};1;;;;;http://www.maplesoft.com/support/help/Maple/view.aspx?path=numtheory/divisors%28deprecated%29;;;;;;;;;;;;;;;;;;
;\JordanJ{k}@{n};;;;;;not defined;;;;;;;;;;;;;;;;;;
;\MoebiusMu@{n};;;;;;not defined;;;;;;;;;;;;;;;;;;
;\LiouvilleLambda@{n};;;;;;not defined;;;;;;;;;;;;;;;;;;
;\MangoldtLambda@{n};;;;;;not defined;;;;;;;;;;;;;;;;;;
;;;;;;;;;;;;;;;;;;;;;;;;;
;\EllIntcel@{k_c}{p}{a}{b};;;;;;not defined;;;;;;;;;;;;;;;;;;
;\EllIntelone@{x}{k_c};;;;;;not defined;;;;;;;;;;;;;;;;;;
;\EllInteltwo@{x}{k_c}{a}{b};;;;;;not defined;;;;;;;;;;;;;;;;;;
;\EllIntelthree@{x}{k_c}{p};;;;;;not defined;;;;;;;;;;;;;;;;;;
;\EllIntR{-a}@{\Vector{b}}{\Vector{z}};;;;;;not defined;;;;;;;;;;;;;;;;;;
;\EllIntRF@@{x}{y}{z};;;;;;not defined;;;;;;;;;;;;;;;;;;
;\EllIntRJ@@{x}{y}{z}{p};;;;;;not defined;;;;;;;;;;;;;;;;;;
;\EllIntRG@@{x}{y}{z};;;;;;not defined;;;;;;;;;;;;;;;;;;
;\EllIntRD@@{x}{y}{z};;;;;;not defined;;;;;;;;;;;;;;;;;;
;\EllIntRC@@{x}{y};;;;;;not defined;;;;;;;;;;;;;;;;;;
;;;;;;;;;;;;;;;;;;;;;;;;;
;\EulerSumH@{s};;;;;;not defined;;;;;;;;;;;;;;;;;;
;\GenEulerSumH@{s}{z};;;;;;not defined;;;;;;;;;;;;;;;;;;
;\EulerPhi@{x};;;;;;not defined;;;;;;;;;;;;;;;;;;
;\EulerTotientPhi[k]@{n};;;;;;http://www.maplesoft.com/support/help/Maple/view.aspx?path=numtheory/phi%28deprecated%29;;;;;;;;;;;;;;;;;;
;\EulerianNumber{n}{k};;;;;;not defined;;;;;;;;;;;;;;;;;;
;;;;;;;;;;;;;;;;;;;;;;;;;
erf($0);\erf@@{$0};1;;;;;https://www.maplesoft.com/support/help/maple/view.aspx?path=erf;;;;;;;;;;;;;;;;;;
erfi($0);-\iunit \erf@@{\iunit $0};1;;;;;https://www.maplesoft.com/support/help/maple/view.aspx?path=erfi;;;;;;;;;;;;;;;;;;
erfc($0);\erfc@@{$0};1;;;;;https://www.maplesoft.com/support/help/maple/view.aspx?path=erfc;;;;;;;;;;;;;;;;;;
;\erfw@{z};;;;;;not defined;;;;;;;;;;;;;;;;;;
;\inverf@@{x};;;;;;not defined;;;;;;;;;;;;;;;;;;
;\inverfc@@{x};;;;;;not defined;;;;;;;;;;;;;;;;;;
erfc($0, $1);\RepInterfc{$0}@{$1};2;;;;;https://www.maplesoft.com/support/help/maple/view.aspx?path=erfc;;;;;;;;;;;;;;;;;;
;\FishersHh{n}@{z};;;;;;not defined;;;;;;;;;;;;;;;;;;
;;;;;;;;;;;;;;;;;;;;;;;;;
;\FibonacciNumber{n};;;;;;not defined;;;;;;;;;;;;;;;;;;
;;;;;;;;;;;;;;;;;;;;;;;;;
;\FresnelF@{z};;;;;;not defined;;;;;;;;;;;;;;;;;;
FresnelC($0);\FresnelCos@{$0};1;;;;;https://www.maplesoft.com/support/help/maple/view.aspx?path=FresnelC;;;;;;;;;;;;;;;;;;
FresnelS($0);\FresnelSin@{$0};1;;;;;https://www.maplesoft.com/support/help/maple/view.aspx?path=FresnelS;;;;;;;;;;;;;;;;;;
Fresnelf($0);\Fresnelf@{$0} ;1;;;;;https://www.maplesoft.com/support/help/maple/view.aspx?path=Fresnelf;;;;;;;;;;;;;;;;;;
Fresnelg($0);\Fresnelg@{$0};1;;;;;https://www.maplesoft.com/support/help/maple/view.aspx?path=Fresnelg;;;;;;;;;;;;;;;;;;
;;;;;;;;;;;;;;;;;;;;;;;;;
GAMMA($0);\EulerGamma@{z};1;;;;;https://www.maplesoft.com/support/help/maple/view.aspx?path=GAMMA;;;;;;;;;;;;;;;;;;
;\incgamma@{a}{z};;;;;;https://www.maplesoft.com/support/help/maple/view.aspx?path=GAMMA;;;;;;;;;;;;;;;;;;
GAMMA($0, $1);\IncGamma@{$0}{$1};2;;;;;https://www.maplesoft.com/support/help/maple/view.aspx?path=GAMMA;;;;;;;;;;;;;;;;;;
lnGAMMA($1);\ln@@{\EulerGamma@{$0}};1;;;;;https://www.maplesoft.com/support/help/maple/view.aspx?path=lnGAMMA;;;;;;;;;;;;;;;;;;
Psi($0);\digamma@{$0};1;;;;;https://www.maplesoft.com/support/help/maple/view.aspx?path=Psi;;;;;;;;;;;;;;;;;;
Psi($0, $1);\polygamma{$0}@{$1};2;;;;;https://www.maplesoft.com/support/help/maple/view.aspx?path=Psi;;;;;;;;;;;;;;;;;;
;\BarnesGamma@{z};;;;;;not defined;;;;;;;;;;;;;;;;;;
;\GammaP@{a}{z};;;;;;not defined;;;;;;;;;;;;;;;;;;
;\GammaQ@{a}{z};;;;;;not defined;;;;;;;;;;;;;;;;;;
;\incgammastar@{a}{z};;;;;;not defined;;;;;;;;;;;;;;;;;;
;\mEulerGamma{m}@{a};;;;;;not defined;;;;;;;;;;;;;;;;;;
;;;;;;;;;;;;;;;;;;;;;;;;;
GaussAGM($0, $1);\AGM@{$0}{$1};2;;;;;https://www.maplesoft.com/support/help/maple/view.aspx?path=GaussAGM;;;;;;;;;;;;;;;;;;
;\GaussSum@{n}{\DirichletCharacter};;;;;;not defined;;;;;;;;;;;;;;;;;;
;;;;;;;;;;;;;;;;;;;;;;;;;
;\GoodStat@{z};;;;;;not defined;;;;;;;;;;;;;;;;;;
;;;;;;;;;;;;;;;;;;;;;;;;;
harmonic($0);\HarmonicNumber{$0};1;;;;;https://www.maplesoft.com/support/help/maple/view.aspx?path=harmonic;;;;;;;;;;;;;;;;;;
SphericalY($0, $1, $2, $3);\SphericalHarmonicY{$0}{$1}@{$2}{$3};4;;;;;https://www.maplesoft.com/support/help/maple/view.aspx?path=SphericalY;;;;;;;;;;;;;;;;;;
;\SurfaceHarmonicY{l}{m}@{\theta}{\phi};;;;;;not defined;;;;;;;;;;;;;;;;;;
;;;;;;;;;;;;;;;;;;;;;;;;;
Heaviside($0);\HeavisideH@{$0};1;;;;;https://www.maplesoft.com/support/help/maple/view.aspx?path=Heaviside;;;;;;;;;;;;;;;;;;
;;;;;;;;;;;;;;;;;;;;;;;;;
HeunG($0, $1, $2, $3, $4, $5, $6);\HeunLocal@@{$0}{$1}{$2}{$3}{$4}{$5}{$6};6;;;;;https://www.maplesoft.com/support/help/maple/view.aspx?path=HeunG;;;;;;;;;;;;;;;;;;
HeunC(alpha, beta, gamma, delta, eta, z);;6;;;;;https://www.maplesoft.com/support/help/maple/view.aspx?path=HeunC;;;;;;;;;;;;;;;;;;
HeunB(alpha, beta, gamma, delta, z);;5;;;;;https://www.maplesoft.com/support/help/maple/view.aspx?path=HeunB;;;;;;;;;;;;;;;;;;
HeunD(alpha, beta, gamma, delta, z);;5;;;;;https://www.maplesoft.com/support/help/maple/view.aspx?path=HeunD;;;;;;;;;;;;;;;;;;
HeunT(alpha, beta, gamma, z);;4;;;;;https://www.maplesoft.com/support/help/maple/view.aspx?path=HeunT;;;;;;;;;;;;;;;;;;
;\HeunFunction{m}{a}{b}@@{a}{q}{\alpha}{\beta}{\gamma}{\delta}{z};;;;;;not defined;;;;;;;;;;;;;;;;;;
;;;;;;;;;;;;;;;;;;;;;;;;;
hypergeom([$0, $1], [$2], $3);\HypergeoF@@@{$0}{$1}{$2}{$3};4;;;;;https://www.maplesoft.com/support/help/maple/view.aspx?path=hypergeom;;;;;;;;;;;;;;;;;;
hypergeom([$2], [$3], $4);\HyperboldpFq{2}{1}@{a,b}{c}{z};;;;;;https://www.maplesoft.com/support/help/maple/view.aspx?path=hypergeom;;;;;;;;;;;;;;;;;;
hypergeom([$2], [$3], $4);\HyperpFq{p}{q}@@@{a_1,...,a_p}{b_1,...,b_q}{z};4;;;;;https://www.maplesoft.com/support/help/maple/view.aspx?path=hypergeom;;;;;;;;;;;;;;;;;;
;\HyperpHq{p}{q}@@@{a_1,...,a_p}{b_1,...,b_q}{z};;;;;;not defined;;;;;;;;;;;;;;;;;;
;\HypergeoboldF@@@{a}{b}{c}{z};;;;;;not defined;;;;;;;;;;;;;;;;;;
;"\HyperboldpFq{p}{q}@@
{\Vector{a}}{\Vector{b}}{z}";;;;;;not defined;;;;;;;;;;;;;;;;;;
KummerM(a,b,z);\KummerM@{$0}{$1}{$2};3;;;;;https://www.maplesoft.com/support/help/maple/view.aspx?path=KummerK;;;;;;;;;;;;;;;;;;
KummerU(a,b,z);\KummerU@{$0}{$1}{$2};3;;;;;https://www.maplesoft.com/support/help/maple/view.aspx?path=KummerU;;;;;;;;;;;;;;;;;;
;\KummerboldM@{a}{b}{z};;;;;;not defined;;;;;;;;;;;;;;;;;;
;\HyperPsi@{a}{b}{\Matrix{T}};;;;;;not defined;;;;;;;;;;;;;;;;;;
;\LauricellaFD@{a}{b_1,...,b_n}{c}{z_1,...,z_n};;;;;;not defined;;;;;;;;;;;;;;;;;;
;\RiemannP@{\begin{Bmatrix} \alpha & \beta &\gamma & \\ a_1 & b_1 & c_1 & z \\ a_2 & b_2 & c_2 & \end{Bmatrix}};;;;;;not defined;;;;;;;;;;;;;;;;;;
;;;;;;;;;;;;;;;;;;;;;;;;;
;\idem@{\chi_1}{\chi_1,...,\chi_n};;;;;;not defined;;;;;;;;;;;;;;;;;;
;;;;;;;;;;;;;;;;;;;;;;;;;
;\Jacobiphi{\alpha}{\beta}{\lambda}@{t};;;;;;not defined;;;;;;;;;;;;;;;;;;
1/JacobiQP;\AbstractJacobi{p}{q};;;;;;not defined;;;;;;;;;;;;;;;;;;
JacobiAM($0, $1);\Jacobiam@{$0}{$1};2;;;;;https://www.maplesoft.com/support/help/maple/view.aspx?path=JacobiAM;;;;;;;;;;;;;;;;;;
JacobiSN($0, $1);\Jacobisn@@{$0}{$1};2;;;;;https://www.maplesoft.com/support/help/maple/view.aspx?path=JacobiSN;;;;;;;;;;;;;;;;;;
JacobiCN($0, $1);\Jacobicn@@{$0}{$1};2;;;;;https://www.maplesoft.com/support/help/maple/view.aspx?path=JacobiCN;;;;;;;;;;;;;;;;;;
JacobiDN($0, $1);\Jacobidn@@{$0}{$1};2;;;;;https://www.maplesoft.com/support/help/maple/view.aspx?path=JacobiDN;;;;;;;;;;;;;;;;;;
JacobiSD($0, $1);\Jacobisd@@{$0}{$1};2;;;;;https://www.maplesoft.com/support/help/maple/view.aspx?path=JacobiSD;;;;;;;;;;;;;;;;;;
JacobiCD($0, $1);\Jacobicd@@{$0}{$1};2;;;;;https://www.maplesoft.com/support/help/maple/view.aspx?path=JacobiCD;;;;;;;;;;;;;;;;;;
JacobiSC($0, $1);\Jacobisc@@{$0}{$1};2;;;;;https://www.maplesoft.com/support/help/maple/view.aspx?path=JacobiSC;;;;;;;;;;;;;;;;;;
JacobiNS($0, $1);\Jacobins@@{$0}{$1};2;;;;;https://www.maplesoft.com/support/help/maple/view.aspx?path=JacobiAM;;;;;;;;;;;;;;;;;;
JacobiNC($0, $1);\Jacobinc@@{$0}{$1};2;;;;;https://www.maplesoft.com/support/help/maple/view.aspx?path=JacobiAM;;;;;;;;;;;;;;;;;;
JacobiND($0, $1);\Jacobind@@{$0}{$1};2;;;;;https://www.maplesoft.com/support/help/maple/view.aspx?path=JacobiAM;;;;;;;;;;;;;;;;;;
JacobiDS($0, $1);\Jacobids@@{$0}{$1};2;;;;;https://www.maplesoft.com/support/help/maple/view.aspx?path=JacobiAM;;;;;;;;;;;;;;;;;;
JacobiDC($0, $1);\Jacobidc@@{$0}{$1};2;;;;;https://www.maplesoft.com/support/help/maple/view.aspx?path=JacobiAM;;;;;;;;;;;;;;;;;;
JacobiCS($0, $1);\Jacobics@@{$0}{$1};2;;;;;https://www.maplesoft.com/support/help/maple/view.aspx?path=JacobiAM;;;;;;;;;;;;;;;;;;
InverseJacobiSN($0, $1);\arcJacobisn@@{$0}{$1};2;;;;;https://www.maplesoft.com/support/help/maple/view.aspx?path=InverseJacobiAM;;;;;;;;;;;;;;;;;;
InverseJacobiCN($0, $1);\arcJacobicn@@{$0}{$1};2;;;;;https://www.maplesoft.com/support/help/maple/view.aspx?path=InverseJacobiAM;;;;;;;;;;;;;;;;;;
InverseJacobiDN($0, $1);\arcJacobidn@@{$0}{$1};2;;;;;https://www.maplesoft.com/support/help/maple/view.aspx?path=InverseJacobiAM;;;;;;;;;;;;;;;;;;
InverseJacobiSD($0, $1);\arcJacobisd@@{$0}{$1};2;;;;;https://www.maplesoft.com/support/help/maple/view.aspx?path=InverseJacobiAM;;;;;;;;;;;;;;;;;;
InverseJacobiCD($0, $1);\arcJacobicd@@{$0}{$1};2;;;;;https://www.maplesoft.com/support/help/maple/view.aspx?path=InverseJacobiAM;;;;;;;;;;;;;;;;;;
InverseJacobiSC($0, $1);\arcJacobisc@@{$0}{$1};2;;;;;https://www.maplesoft.com/support/help/maple/view.aspx?path=InverseJacobiAM;;;;;;;;;;;;;;;;;;
InverseJacobiNS($0, $1);\arcJacobins@@{$0}{$1};2;;;;;https://www.maplesoft.com/support/help/maple/view.aspx?path=InverseJacobiAM;;;;;;;;;;;;;;;;;;
InverseJacobiNC($0, $1);\arcJacobinc@@{$0}{$1};2;;;;;https://www.maplesoft.com/support/help/maple/view.aspx?path=InverseJacobiAM;;;;;;;;;;;;;;;;;;
InverseJacobiND($0, $1);\arcJacobind@@{$0}{$1};2;;;;;https://www.maplesoft.com/support/help/maple/view.aspx?path=InverseJacobiAM;;;;;;;;;;;;;;;;;;
InverseJacobiDS($0, $1);\arcJacobids@@{$0}{$1};2;;;;;https://www.maplesoft.com/support/help/maple/view.aspx?path=InverseJacobiAM;;;;;;;;;;;;;;;;;;
InverseJacobiDC($0, $1);\arcJacobidc@@{$0}{$1};2;;;;;https://www.maplesoft.com/support/help/maple/view.aspx?path=InverseJacobiAM;;;;;;;;;;;;;;;;;;
InverseJacobiCS($0, $1);\arcJacobics@@{$0}{$1};2;;;;;https://www.maplesoft.com/support/help/maple/view.aspx?path=InverseJacobiAM;;;;;;;;;;;;;;;;;;
;\JacobiEpsilon@{x}{k};;;;;;not defined;;;;;;;;;;;;;;;;;;
JacobiTheta1($1, $2);\JacobiTheta{1}@{$0}{$1};2;;;;;https://www.maplesoft.com/support/help/maple/view.aspx?path=JacobiTheta;;;;;;;;;;;;;;;;;;
JacobiTheta2($1, $2);\JacobiTheta{2}@{$0}{$1};2;;;;;https://www.maplesoft.com/support/help/maple/view.aspx?path=JacobiTheta;;;;;;;;;;;;;;;;;;
JacobiTheta3($1, $2);\JacobiTheta{3}@{$0}{$1};2;;;;;https://www.maplesoft.com/support/help/maple/view.aspx?path=JacobiTheta;;;;;;;;;;;;;;;;;;
JacobiTheta4($1, $2);\JacobiTheta{4}@{$0}{$1};2;;;;;https://www.maplesoft.com/support/help/maple/view.aspx?path=JacobiTheta;;;;;;;;;;;;;;;;;;
;\JacobiThetaTau{j}@{z}{\tau};;;;;;https://www.maplesoft.com/support/help/maple/view.aspx?path=JacobiTheta;;;;;;;;;;;;;;;;;;
;\JacobiThetaCombined{n}{m}@{z}{q};;;;;;not defined;;;;;;;;;;;;;;;;;;
;\AThetaFunction@{x};;;;;;not defined;;;;;;;;;;;;;;;;;;
JacobiZeta($0, $1);\JacobiZeta@{$0}{$1};2;;;;;https://www.maplesoft.com/support/help/maple/view.aspx?path=JacobiZeta;;;;;;;;;;;;;;;;;;
;\JacobiSymbol{n}{P};;;;;;not defined;;;;;;;;;;;;;;;;;;
;;;;;;;;;;;;;;;;;;;;;;;;;
KelvinBer($0, $1);\Kelvinber{$0}@@{$1};2;;;;;https://www.maplesoft.com/support/help/maple/view.aspx?path=KelvinBer;;;;;;;;;;;;;;;;;;
KelvinBei($0, $1);\Kelvinbei{$0}@@{$1};2;;;;;https://www.maplesoft.com/support/help/maple/view.aspx?path=KelvinBei;;;;;;;;;;;;;;;;;;
KelvinKer($0, $1);\Kelvinker{$0}@@{$1};2;;;;;https://www.maplesoft.com/support/help/maple/view.aspx?path=KelvinKer;;;;;;;;;;;;;;;;;;
KelvinKei($0, $1);\Kelvinkei{$0}@@{$1};2;;;;;https://www.maplesoft.com/support/help/maple/view.aspx?path=KelvinKei;;;;;;;;;;;;;;;;;;
;;;;;;;;;;;;;;;;;;;;;;;;;
;\LameEc{m}{\nu}@{z}{k^2};;;;;;not defined;;;;;;;;;;;;;;;;;;
;\LameEs{m}{\nu}@{z}{k^2};;;;;;not defined;;;;;;;;;;;;;;;;;;
;\Lamea{n}{\nu}@{k^2};;;;;;not defined;;;;;;;;;;;;;;;;;;
;\Lameb{n}{\nu}@{k^2};;;;;;not defined;;;;;;;;;;;;;;;;;;
;;;;;;;;;;;;;;;;;;;;;;;;;
;\FerrersP{\nu}@{x};;;;;;;;;;;;;;;;;;;;;;;;
;\FerrersP[\mu]{\nu}@{x};;;;;;;;;;;;;;;;;;;;;;;;
;\FerrersQ{\nu}@{x};;;;;;;;;;;;;;;;;;;;;;;;
;\FerrersQ[\mu]{\nu}@{x};;;;;;;;;;;;;;;;;;;;;;;;
LegendreP($0, $1);\LegendreP{$0}@{$1};2;If you want to translate it, as the orthogonal polynomial, use the alternative \LegendrePoly. If your variable is real and you previously set _EnvLegendreCut := 1..infinity, the translation is not correct and you must use the alternative translation: \FerrersP.;;;\FerrersP{$0}@{$1} || \LegendrePoly{$0}@{$1};https://www.maplesoft.com/support/help/maple/view.aspx?path=LegendreP;;;;;;;;;;;;;;;;;;
LegendreP($1, $0, $2);X1:\LegendrePX\LegendreP[$1]{$0}@{$2};3;If your variable is real and you previously set _EnvLegendreCut := 1..infinity, the translation is not correct and you must use the alternative translation: \FerrersP.;;;\FerrersP[$1]{$0}@{$2};https://www.maplesoft.com/support/help/maple/view.aspx?path=LegendreP;;;;;;;;;;;;;;;;;;
LegendreQ($0, $1);\LegendreQ{$0}@{$1};2;If your variable is real and you previously set _EnvLegendreCut := 1..infinity, the translation is not correct and you must use the alternative translation: \FerrersQ.;;;\FerrersQ{$0}@{$1};https://www.maplesoft.com/support/help/maple/view.aspx?path=LegendreQ;;;;;;;;;;;;;;;;;;
LegendreQ($1, $0, $2);X1:\LegendreQX\LegendreQ[$1]{$0}@{$2};3;If your variable is real and you previously set _EnvLegendreCut := 1..infinity, the translation is not correct and you must use the alternative translation: \FerrersQ.;;;\FerrersQ[$1]{$0}@{$2};https://www.maplesoft.com/support/help/maple/view.aspx?path=LegendreQ;;;;;;;;;;;;;;;;;;
;\LegendreBlackQ{\nu}@{z};;;;;;;;;;;;;;;;;;;;;;;;
;\LegendreBlackQ[\mu]{\nu}@{z};;;;;;;;;;;;;;;;;;;;;;;;
;\FerrersHatQ{\tau}@{x};;;;;;not defined;;;;;;;;;;;;;;;;;;
;\FerrersHatQ[\mu]{\tau}@{x};;;;;;;;;;;;;;;;;;;;;;;;
;;;;;;;;;;;;;;;;;;;;;;;;;
EllipticF(sin($0), $1);\EllIntF@{\asin@{$0}}{$1};2;;;;;https://www.maplesoft.com/support/help/maple/view.aspx?path=EllipticF;;;;;;;;;;;;;;;;;;
EllipticE(sin($0), $1);\EllIntE@{\asin@{$0}}{$1};2;;;;;https://www.maplesoft.com/support/help/maple/view.aspx?path=EllipticE;;;;;;;;;;;;;;;;;;
EllipticPi(sin($0), $1, $2);\EllIntPi@{\asin@{$0}}{$1}{$2};3;;;;;https://www.maplesoft.com/support/help/maple/view.aspx?path=EllipticPi;;;;;;;;;;;;;;;;;;
;\EllIntD@{\phi}{k};;;;;;not defined;;;;;;;;;;;;;;;;;;
EllipticK($0);\CompEllIntK@{$0};1;;;;;https://www.maplesoft.com/support/help/maple/view.aspx?path=EllipticK;;;;;;;;;;;;;;;;;;
EllipticE($0);\CompEllIntE@{$0};1;;;;;https://www.maplesoft.com/support/help/maple/view.aspx?path=EllipticE;;;;;;;;;;;;;;;;;;
EllipticPi($0, $1);\CompEllIntPi@{$0}{$1};2;;;;;https://www.maplesoft.com/support/help/maple/view.aspx?path=EllipticPi;;;;;;;;;;;;;;;;;;
;;;;;;;;;;;;;;;;;;;;;;;;;
EllipticCK($0);\CompEllIntCK@{$0};1;;;;;https://www.maplesoft.com/support/help/maple/view.aspx?path=EllipticCK;;;;;;;;;;;;;;;;;;
EllipticCE($0);\CompEllIntCE@{$0};1;;;;;https://www.maplesoft.com/support/help/maple/view.aspx?path=EllipticCE;;;;;;;;;;;;;;;;;;
;;;;;;;;;;;;;;;;;;;;;;;;;
LerchPhi($0, $1, $2);\LerchPhi@{$0}{$1}{$2};3;;;;;https://www.maplesoft.com/support/help/maple/view.aspx?path=LerchPhi;;;;;;;;;;;;;;;;;;
;;;;;;;;;;;;;;;;;;;;;;;;;
LommelS1($0, $1, $2);\Lommels{$0}{$1}@{$2};3;;;;;https://www.maplesoft.com/support/help/maple/view.aspx?path=LommelS1;;;;;;;;;;;;;;;;;;
LommelS2($0, $1, $2);\LommelS{$0}{$1}@{$2};3;;;;;https://www.maplesoft.com/support/help/maple/view.aspx?path=LommelS2;;;;;;;;;;;;;;;;;;
;;;;;;;;;;;;;;;;;;;;;;;;;
MathieuA($0, $1);\MathieuEigenvaluea{$0}@@{$1};2;;;;;https://www.maplesoft.com/support/help/maple/view.aspx?path=MathieuA;;;;;;;;;;;;;;;;;;
MathieuB($0, $1);\MathieuEigenvalueb{$0}@@{$1};2;;;;;https://www.maplesoft.com/support/help/maple/view.aspx?path=MathieuB;;;;;;;;;;;;;;;;;;
;\MathieuEigenvaluelambda{m}@@{q};;;;;;not defined;;;;;;;;;;;;;;;;;;
MathieuCE($0, $2, $1);\Mathieuce{$0}@@{$2}{$1};3;;;;;https://www.maplesoft.com/support/help/maple/view.aspx?path=MathieuCE;;;;;;;;;;;;;;;;;;
MathieuSE($0, $2, $1);\Mathieuse{$0}@@{$2}{$1};3;;;;;https://www.maplesoft.com/support/help/maple/view.aspx?path=MathieuSE;;;;;;;;;;;;;;;;;;
;\Mathieume{n}@@{z}{q};;;;;;;;;;;;;;;;;;;;;;;;
;\MathieuCe{\nu}@@{z}{q};;;;;;not defined;;;;;;;;;;;;;;;;;;
;\MathieuSe{\nu}@@{z}{q};;;;;;not defined;;;;;;;;;;;;;;;;;;
;\MathieuMe{\nu}@@{z}{q};;;;;;not defined;;;;;;;;;;;;;;;;;;
;\MathieuFe{n}@@{z}{q};;;;;;not defined;;;;;;;;;;;;;;;;;;
;\MathieuGe{n}@@{z}{q};;;;;;not defined;;;;;;;;;;;;;;;;;;
;\MathieuM{j}{\nu}@@{z}{h};;;;;;not defined;;;;;;;;;;;;;;;;;;
;\MathieuIe{n}@@{z}{h};;;;;;not defined;;;;;;;;;;;;;;;;;;
;\MathieuIo{n}@@{z}{h};;;;;;not defined;;;;;;;;;;;;;;;;;;
;\MathieuKe{n}@@{z}{h};;;;;;not defined;;;;;;;;;;;;;;;;;;
;\MathieuKo{n}@@{z}{h};;;;;;not defined;;;;;;;;;;;;;;;;;;
;\MathieuMc{j}{n}@@{z}{h};;;;;;not defined;;;;;;;;;;;;;;;;;;
;\MathieuMs{j}{n}@@{z}{h};;;;;;not defined;;;;;;;;;;;;;;;;;;
;\Mathieufe{n}@@{z}{q};;;;;;not defined;;;;;;;;;;;;;;;;;;
;\Mathieuge{n}@@{z}{q};;;;;;not defined;;;;;;;;;;;;;;;;;;
;\MathieuD{j}@{\nu}{\mu}{z};;;;;;not defined;;;;;;;;;;;;;;;;;;
;\MathieuDs{j}@{n}{m}{z};;;;;;not defined;;;;;;;;;;;;;;;;;;
;\MathieuDc{j}@{n}{m}{z};;;;;;not defined;;;;;;;;;;;;;;;;;;
;\MathieuDsc{j}@{n}{m}{z};;;;;;not defined;;;;;;;;;;;;;;;;;;
;\MathieuFc{m}@{z}{h};;;;;;not defined;;;;;;;;;;;;;;;;;;
;\MathieuFs{m}@{z}{h};;;;;;not defined;;;;;;;;;;;;;;;;;;
;\MathieuGc{m}@{z}{h};;;;;;not defined;;;;;;;;;;;;;;;;;;
;\MathieuGs{m}@{z}{h};;;;;;not defined;;;;;;;;;;;;;;;;;;
;;;;;;;;;;;;;;;;;;;;;;;;;
MeijerG([[a_1, .., a_n],[a_n+1, .., a_p]], [[b_1, .., b_m],[b_m+1, .., b_q]],z);\MeijerG{m}{n}{p}{q}@@@{z}{\Vector{a}}{\Vector{b}};;;;;;https://www.maplesoft.com/support/help/maple/view.aspx?path=MeijerG;;;;;;;;;;;;;;;;;;
;;;;;;;;;;;;;;;;;;;;;;;;;
;\Mills@{x};;;;;;http://www.maplesoft.com/support/help/Maple/view.aspx?path=Statistics/MillsRatio;;;;;;;;;;;;;;;;;;
;;;;;;;;;;;;;;;;;;;;;;;;;
;\ModularLambda@{\tau};;;;;;not defined;;;;;;;;;;;;;;;;;;
;\ModularJ@{\tau};;;;;;not defined;;;;;;;;;;;;;;;;;;
;\DedekindModularEta@{\tau};;;;;;not defined;;;;;;;;;;;;;;;;;;
;;;;;;;;;;;;;;;;;;;;;;;;;
;\Pade{p}{q}{f};;;;;;not defined;;;;;;;;;;;;;;;;;;
;;;;;;;;;;;;;;;;;;;;;;;;;
;\RamanujanSum{k}@{n};;;;;;not defined;;;;;;;;;;;;;;;;;;
;\RamanujanTau@{n};;;;;;not defined;;;;;;;;;;;;;;;;;;
;;;;;;;;;;;;;;;;;;;;;;;;;
;\RayleighFun{n}@{\nu};;;;;;not defined;;;;;;;;;;;;;;;;;;
;;;;;;;;;;;;;;;;;;;;;;;;;
RiemannTheta([z_1, .., z_g], Omega);\RiemannTheta@{\Vector{z}}{\Matrix{\Omega}};;;;;;https://www.maplesoft.com/support/help/maple/view.aspx?path=RiemannTheta;;;;;;;;;;;;;;;;;;
;\RiemannThetaChar{\Vector{\alpha}}{\Vector{\beta}}@{\Vector{z}}{\Matrix{\Omega}};;;;;;not defined;;;;;;;;;;;;;;;;;;
;\RiemannThetaHat@{\Vector{z}}{\Matrix{\Omega}};;;;;;not defined;;;;;;;;;;;;;;;;;;
;\RiemannXi@{s};;;;;;not defined;;;;;;;;;;;;;;;;;;
Zeta(s);\RiemannZeta@{$0};1;;;;;https://www.maplesoft.com/support/help/maple/view.aspx?path=Zeta;;;;;;;;;;;;;;;;;;
;;;;;;;;;;;;;;;;;;;;;;;;;
;\ScorerGi@{z};;;;;;not defined;;;;;;;;;;;;;;;;;;
;\ScorerHi@{z};;;;;;not defined;;;;;;;;;;;;;;;;;;
;;;;;;;;;;;;;;;;;;;;;;;;;
;\SpheroidalEigenvalueLambda{m}{n}@{\gamma^2};;;;;;not defined;;;;;;;;;;;;;;;;;;
;\SpheroidalOnCutPs{m}{n}@{x}{\gamma^2};;;;;;not defined;;;;;;;;;;;;;;;;;;
;\SpheroidalOnCutQs{m}{n}@{x}{\gamma^2};;;;;;not defined;;;;;;;;;;;;;;;;;;
;\SpheroidalPs{m}{n}@{z}{\gamma^2};;;;;;not defined;;;;;;;;;;;;;;;;;;
;\SpheroidalQs{m}{n}@{z}{\gamma^2};;;;;;not defined;;;;;;;;;;;;;;;;;;
;\SpheroidalRadialS{m}{j}{n}@{z}{\gamma};;;;;;not defined;;;;;;;;;;;;;;;;;;
;;;;;;;;;;;;;;;;;;;;;;;;;
Stirling1($0, $1);\StirlingS@{$0}{$1};2;;;;;https://www.maplesoft.com/support/help/maple/view.aspx?path=Stirling1;;;;;;;;;;;;;;;;;;
Stirling2($0, $1);\StirlingSS@{$0}{$1};2;;;;;https://www.maplesoft.com/support/help/maple/view.aspx?path=Stirling2;;;;;;;;;;;;;;;;;;
;;;;;;;;;;;;;;;;;;;;;;;;;
StruveH($0, $1);\StruveH{$0}@{$1};2;;;;;https://www.maplesoft.com/support/help/maple/view.aspx?path=StruveH;;;;;;;;;;;;;;;;;;
;\StruveK{\nu}@{z};;;;;;not defined;;;;;;;;;;;;;;;;;;
StruveL($0, $1);\StruveL{$0}@{$1};2;;;;;https://www.maplesoft.com/support/help/maple/view.aspx?path=StruveL;;;;;;;;;;;;;;;;;;
;\StruveM{\nu}@{z};;;;;;not defined;;;;;;;;;;;;;;;;;;
;;;;;;;;;;;;;;;;;;;;;;;;;
legendre($0, $1);\LegendreSymbol{$0}{$1};2;;;;;https://www.maplesoft.com/support/help/Maple/view.aspx?path=numtheory%2Flegendre%28deprecated%29;;;;;;;;;;;;;;;;;;
KroneckerDelta[$0, $1];\Kronecker{$0}{$1};2;;;;;http://www.maplesoft.com/support/help/Maple/view.aspx?path=Physics/KroneckerDelta;;;;;;;;;;;;;;;;;;
2-KroneckerDelta[$0, 0];\NeumannFactor{n};;;;;;not defined;;;;;;;;;;;;;;;;;;
LeviCivita[$0, $1, $2];\LeviCivita{$0}{$1}{$2};3;;;;;https://www.maplesoft.com/support/help/Maple/view.aspx?path=Physics/LeviCivita;;;;;;;;;;;;;;;;;;
;\RiemannP@{\begin{Bmatrix} \alpha & \beta &\gamma & \\ a_1 & b_1 & c_1 & z \\ a_2 & b_2 & c_2 & \end{Bmatrix}};;;;;;not defined;;;;;;;;;;;;;;;;;;
pochhammer($0, $1);\pochhammer{$0}{$1};2;;;;;https://www.maplesoft.com/support/help/maple/view.aspx?path=pochhammer;;;;;;;;;;;;;;;;;;
;\threej@@{j_1}{j_2}{j_3}{m_1}{m_2}{m_3};;;;;;not defined;;;;;;;;;;;;;;;;;;
;\sixj@@{j_{1}}{j_{2}}{j_{3}}{l_{1}}{l_{2}}{l_{3}};;;;;;not defined;;;;;;;;;;;;;;;;;;
;\ninej@@{j_{11}}{j_{12}}{j_{13}}{j_{21}}{j_{22}}{j_{23}}{j_{31}}{j_{32}}{j_{33}};;;;;;not defined;;;;;;;;;;;;;;;;;;
;\wigner{j_1}{m_1}{j_2}{m_2}{j_3}{-m_3};;;;;;not defined;;;;;;;;;;;;;;;;;;
;;;;;;;;;;;;;;;;;;;;;;;;;
;\terminant{p}@{z};;;;;;not defined;;;;;;;;;;;;;;;;;;
;\rescaledTerminant{p}@{z};;;;;(exp($1)/(2*Pi))*GAMMA($0)*GAMMA(1-$0,$1);not defined;;;;;;;;;;;;;;;;;;
;;;;;;;;;;;;;;;;;;;;;;;;;
fourier(f, t, -x)/sqrt(2*Pi);\FourierTrans@@{f}{s};;;;;;http://www.maplesoft.com/support/help/Maple/view.aspx?path=inttrans/fourier;;;;;;;;;;;;;;;;;;
laplace(f, t, s);\LaplaceTrans@{f}{s};;;;;;https://www.maplesoft.com/support/help/Maple/view.aspx?path=inttrans/laplace;;;;;;;;;;;;;;;;;;
mellin(f, t, s);\MellinTrans@{f}{s};;;;;;http://www.maplesoft.com/support/help/Maple/view.aspx?path=inttrans/mellin;;;;;;;;;;;;;;;;;;
hilbert(f, t, s);\HilbertTrans@{f}{s};;;;;;http://www.maplesoft.com/support/help/Maple/view.aspx?path=inttrans/hilbert;;;;;;;;;;;;;;;;;;
;\StieltjesTrans@{f}{s};;;;;;not defined;;;;;;;;;;;;;;;;;;
;;;;;;;;;;;;;;;;;;;;;;;;;
;\VariationalOp[a,b]@{f};;;;;;not defined;;;;;;;;;;;;;;;;;;
;;;;;;;;;;;;;;;;;;;;;;;;;
Gradiant(f);\gradient $0;1;;;;;https://www.maplesoft.com/support/help/Maple/view.aspx?path=VectorCalculus/Gradient;;;;;;;;;;;;;;;;;;
Divergence(F);\divergence $0;1;;;;;https://www.maplesoft.com/support/help/Maple/view.aspx?path=VectorCalculus/Divergence;;;;;;;;;;;;;;;;;;
Curl(F);\curl $0;1;;;;;https://www.maplesoft.com/support/help/Maple/view.aspx?path=VectorCalculus/Curl;;;;;;;;;;;;;;;;;;
;;;;;;;;;;;;;;;;;;;;;;;;;
;\VoigtU@{x}{t};;;;;;not defined;;;;;;;;;;;;;;;;;;
;\VoigtV@{x}{t};;;;;;not defined;;;;;;;;;;;;;;;;;;
;\LinBrF@{a}{u};;;;;;not defined;;;;;;;;;;;;;;;;;;
;;;;;;;;;;;;;;;;;;;;;;;;;
;\Waringg@{k};;;;;;not defined;;;;;;;;;;;;;;;;;;
;\WaringG@{k};;;;;;not defined;;;;;;;;;;;;;;;;;;
;\NumSquaresR{k}@{n};;;;;;not defined;;;;;;;;;;;;;;;;;;
;;;;;;;;;;;;;;;;;;;;;;;;;
WeierstrassP($0, $1, $2);\WeierPInv@@{$0}{$1}{$2};3;;;;;https://www.maplesoft.com/support/help/maple/view.aspx?path=WeierstrassP;;;;;;;;;;;;;;;;;;
;\WeierPLat@@{z}{\Lattice{L}};;;;;;not defined;;;;;;;;;;;;;;;;;;
WeierstrassZeta($0, $1, $2);\WeierzetaInv@@{$0}{$1}{$2};3;;;;;https://www.maplesoft.com/support/help/maple/view.aspx?path=WeierstrassZeta;;;;;;;;;;;;;;;;;;
;\WeierzetaLat@@{z}{\Lattice{L}};;;;;;not defined;;;;;;;;;;;;;;;;;;
WeierstrassSigma($0, $1, $2);\WeiersigmaInv@@{$0}{$1}{$2};3;;;;;https://www.maplesoft.com/support/help/maple/view.aspx?path=WeierstrassSigma;;;;;;;;;;;;;;;;;;
;\WeiersigmaLat@@{z}{\Lattice{L}};;;;;;not defined;;;;;;;;;;;;;;;;;;
;;;;;;;;;;;;;;;;;;;;;;;;;
WhittakerM($0, $1, $2);\WhitM{$0}{$1}@{$2};3;;;;;https://www.maplesoft.com/support/help/maple/view.aspx?path=WhittakerM;;;;;;;;;;;;;;;;;;
WhittakerW($0, $1, $2);\WhitW{$0}{$1}@{$2};3;;;;;https://www.maplesoft.com/support/help/maple/view.aspx?path=WhittakerW;;;;;;;;;;;;;;;;;;
;;;;;;;;;;;;;;;;;;;;;;;;;
Zeta($0);\RiemannZeta@{$0};1;;;;;https://www.maplesoft.com/support/help/maple/view.aspx?path=Zeta;;;;;;;;;;;;;;;;;;
Zeta(0, $0, $1);\HurwitzZeta@{$1}{$2};3;;;;;https://www.maplesoft.com/support/help/maple/view.aspx?path=Zeta;;;;;;;;;;;;;;;;;;
WeierstrassZeta($0, $1, $2);\WeierzetaInv@@{$0}{$1}{$2};3;;;;;https://www.maplesoft.com/support/help/maple/view.aspx?path=WeierstrassZeta;;;;;;;;;;;;;;;;;;
;\WeierzetaLat@@{z}{\Lattice{L}};;;;;;not defined;;;;;;;;;;;;;;;;;;
JacobiZeta($0, $1);\JacobiZeta@{$0}{$1};2;;;;;https://www.maplesoft.com/support/help/maple/view.aspx?path=JacobiZeta;;;;;;;;;;;;;;;;;;
;\PeriodicZeta@{x}{s};;;;;;not defined;;;;;;;;;;;;;;;;;;
;;;;;;;;;;;;;;;;;;;;;;;;;
;\AlSalamChiharaQ{n}@{x}{a}{b}{q};;;;;;not defined;;;;;;;;;;;;;;;;;;
;\AlSalamChihara{n}@@{x}{a}{b}{q};;;;;;not defined;;;;;;;;;;;;;;;;;;
;\qinvAlSalamChihara{n}@{x}{a}{b}{q^{-1}};;;;;;not defined;;;;;;;;;;;;;;;;;;
;\AlSalamCarlitzI{a}{n}@{x}{q};;;;;;not defined;;;;;;;;;;;;;;;;;;
;\AlSalamCarlitzII{a}{n}@{x}{q};;;;;;not defined;;;;;;;;;;;;;;;;;;
;\AlSalamIsmail{n}@{x}{s}{q};;;;;;not defined;;;;;;;;;;;;;;;;;;
;;;;;;;;;;;;;;;;;;;;;;;;;
;\AskeyWilson{n}@{x}{a}{b}{c}{d}{q};;;;;;not defined;;;;;;;;;;;;;;;;;;
;\AskeyWilsonp{n}@{x}{a}{b}{c}{d}{q};;;;;;not defined;;;;;;;;;;;;;;;;;;
;;;;;;;;;;;;;;;;;;;;;;;;;
bernoulli(n, x);\BernoulliB{$0}@{$1};2;;;;;https://www.maplesoft.com/support/help/maple/view.aspx?path=bernoulli;;;;;;;;;;;;;;;;;;
;\GenBernoulliB{\ell}{n}@{x};;;;;;not defined;;;;;;;;;;;;;;;;;;
;\PeriodicBernoulliB{n}@{x};;;;;;not defined;;;;;;;;;;;;;;;;;;
;\qBernoulli{n}@{x}{q};;;;;;not defined;;;;;;;;;;;;;;;;;;
;;;;;;;;;;;;;;;;;;;;;;;;;
BellB($0, 1);\BellNumber@{$0};2;;;;;https://www.maplesoft.com/support/help/maple/view.aspx?path=BellB;;;;;;;;;;;;;;;;;;
;;;;;;;;;;;;;;;;;;;;;;;;;
;\BesselPoly{n}@{x}{a};;;;;;not defined;;;;;;;;;;;;;;;;;;
;\BesselPolyy{n}@{x}{a};;;;;;not defined;;;;;;;;;;;;;;;;;;
;\BesselPolyIIparam{n}@{x}{a}{b};;;;;;not defined;;;;;;;;;;;;;;;;;;
;\BesselPolyTheta{n}@{x}{a}{b};;;;;;not defined;;;;;;;;;;;;;;;;;;
;;;;;;;;;;;;;;;;;;;;;;;;;
;\Charlier{n}@{x}{a};;;;;;not defined;;;;;;;;;;;;;;;;;;
;\CharlierC{n}@{x}{a};;;;;;not defined;;;;;;;;;;;;;;;;;;
;;;;;;;;;;;;;;;;;;;;;;;;;
ChebyshevT($0, $1);\ChebyT{$0}@{$1};2;;;;;https://www.maplesoft.com/support/help/maple/view.aspx?path=ChebyshevT;;;;;;;;;;;;;;;;;;
ChebyshevU($0, $1);\ChebyU{$0}@{$1};2;;;;;https://www.maplesoft.com/support/help/maple/view.aspx?path=ChebyshevU;;;;;;;;;;;;;;;;;;
;\ChebyV{n}@{x};;;;;;not defined;;;;;;;;;;;;;;;;;;
;\ChebyW{n}@{x};;;;;;not defined;;;;;;;;;;;;;;;;;;
;\ChebyTs{n}@{x};;;;;;not defined;;;;;;;;;;;;;;;;;;
;\ChebyUs{n}@{x};;;;;;not defined;;;;;;;;;;;;;;;;;;
;\ChebyC{n}@{x};;;;;;not defined;;;;;;;;;;;;;;;;;;
;\ChebyS{n}@{x};;;;;;not defined;;;;;;;;;;;;;;;;;;
;\CiglerqChebyT{n}@{x}{s}{q};;;;;;not defined;;;;;;;;;;;;;;;;;;
;\CiglerqChebyU{n}@{x}{s}{q};;;;;;not defined;;;;;;;;;;;;;;;;;;
;\monicChebyT{n}@@{x};;;;;;not defined;;;;;;;;;;;;;;;;;;
;\monicChebyU{n}@@{x};;;;;;not defined;;;;;;;;;;;;;;;;;;
;;;;;;;;;;;;;;;;;;;;;;;;;
;\DiskOP{\alpha}{m}{n}@{z};;;;;;not defined;;;;;;;;;;;;;;;;;;
;;;;;;;;;;;;;;;;;;;;;;;;;
euler($0, $1);\EulerE{$0}@{$1};2;;;;;https://www.maplesoft.com/support/help/maple/view.aspx?path=euler;;;;;;;;;;;;;;;;;;
;\GenEulerE{\ell}{n}@{x};;;;;;not defined;;;;;;;;;;;;;;;;;;
;\PeriodicEulerE{n}@{x};;;;;;not defined;;;;;;;;;;;;;;;;;;
;;;;;;;;;;;;;;;;;;;;;;;;;
GegenbauerC($1, $0, $2);\Ultra{$1}{$0}@{$2};3;;;;;https://www.maplesoft.com/support/help/maple/view.aspx?path=GegenbauerC;;;;;;;;;;;;;;;;;;
GegenbauerC($1, $0, $2);\Ultraspherical{$1}{$0}@{$2};3;;;;;https://www.maplesoft.com/support/help/maple/view.aspx?path=GegenbauerC;;;;;;;;;;;;;;;;;;
;\GenGegenbauerS{\alpha}{\beta}{n}@{x};;;;;;not defined;;;;;;;;;;;;;;;;;;
;;;;;;;;;;;;;;;;;;;;;;;;;
;\Hahn{n}@{x}{\alpha}{\beta}{N};;;;;;not defined;;;;;;;;;;;;;;;;;;
;\HahnQ{n}@{x}{\alpha}{\beta}{N};;;;;;not defined;;;;;;;;;;;;;;;;;;
;\HahnR{n}@{x}{\gamma}{\delta}{N};;;;;;not defined;;;;;;;;;;;;;;;;;;
;\dualHahn{n}@@{\lambda(x)}{\gamma}{\delta}{N};;;;;;not defined;;;;;;;;;;;;;;;;;;
;\HahnS{n}@{x}{a}{b}{c};;;;;;not defined;;;;;;;;;;;;;;;;;;
;\Hahnp{n}@{x}{a}{b}{\conj{a}}{\conj{b}};;;;;;not defined;;;;;;;;;;;;;;;;;;
;;;;;;;;;;;;;;;;;;;;;;;;;
HermiteH($0, $1);\Hermite{$0}@{$1};2;;;;;https://www.maplesoft.com/support/help/maple/view.aspx?path=HermiteH;;;;;;;;;;;;;;;;;;
HermiteH($0, $1);\HermiteH{$0}@{$1};2;;;;;https://www.maplesoft.com/support/help/maple/view.aspx?path=HermiteH;;;;;;;;;;;;;;;;;;
;\HermiteHe{n}@{x};;;;;;not defined;;;;;;;;;;;;;;;;;;
;\GenHermite[\alpha]{n}@{x};;;;;;not defined;;;;;;;;;;;;;;;;;;
;;;;;;;;;;;;;;;;;;;;;;;;;
;\HeunPolynom{n}{m}@@{a}{q}{-n}{\beta}{\gamma}{\delta}{z};;;;;;not defined;;;;;;;;;;;;;;;;;;
;;;;;;;;;;;;;;;;;;;;;;;;;
JacobiP($2, $0, $1, $3);\Jacobi{$1}{$2}{$0}@{$3};4;;;;;https://www.maplesoft.com/support/help/maple/view.aspx?path=JacobiP;;;;;;;;;;;;;;;;;;
JacobiP($2, $0, $1, $3);\JacobiP{$1}{$2}{$0}@{$3};4;;;;;https://www.maplesoft.com/support/help/maple/view.aspx?path=JacobiP;;;;;;;;;;;;;;;;;;
;\JacobiG{n}@{p}{q}{x};;;;;;not defined;;;;;;;;;;;;;;;;;;
;\AssJacobiP{\alpha}{\beta}{n}@{x}{c};;;;;;not defined;;;;;;;;;;;;;;;;;;
;\pseudoJacobi{n}@{x}{\nu}{N};;;;;;not defined;;;;;;;;;;;;;;;;;;
;\TriangleOP{\alpha}{\beta}{\gamma}{m}{n}@{x}{y};;;;;;not defined;;;;;;;;;;;;;;;;;;
;;;;;;;;;;;;;;;;;;;;;;;;;
;\Krawtchouk{n}@{x}{p}{N};;;;;;not defined;;;;;;;;;;;;;;;;;;
;\KrawtchoukK{n}@{x}{p}{N};;;;;;not defined;;;;;;;;;;;;;;;;;;
;;;;;;;;;;;;;;;;;;;;;;;;;
LaguerreL($1, $0, $2);\Laguerre[$1]{$0}@{$2};3;;;;\LaguerreL[\alpha]{n}@{x};https://www.maplesoft.com/support/help/maple/view.aspx?path=LaguerreL;;;;;;;;;;;;;;;;;;
;\GottliebLaguerre{n}@{x};;;;;;not defined;;;;;;;;;;;;;;;;;;
;;;;;;;;;;;;;;;;;;;;;;;;;
;\LameuE{m}{2n}@{z}{k^2};;;;;;not defined;;;;;;;;;;;;;;;;;;
;\LamesE{m}{2n+1}@{z}{k^2};;;;;;not defined;;;;;;;;;;;;;;;;;;
;\LamecE{m}{2n+1}@{z}{k^2};;;;;;not defined;;;;;;;;;;;;;;;;;;
;\LamedE{m}{2n+1}@{z}{k^2};;;;;;not defined;;;;;;;;;;;;;;;;;;
;\LamescE{m}{2n+2}@{z}{k^2};;;;;;not defined;;;;;;;;;;;;;;;;;;
;\LamesdE{m}{2n+2}@{z}{k^2};;;;;;not defined;;;;;;;;;;;;;;;;;;
;\LamecdE{m}{2n+2}@{z}{k^2};;;;;;not defined;;;;;;;;;;;;;;;;;;
;\LamescdE{m}{2n+3}@{z}{k^2};;;;;;not defined;;;;;;;;;;;;;;;;;;
;;;;;;;;;;;;;;;;;;;;;;;;;
;\LegendrePoly{$0}@{$1};;;;;;not defined;;;;;;;;;;;;;;;;;;
;\LegendrePolys{n}@{x};;;;;;not defined;;;;;;;;;;;;;;;;;;
;\AssLegendrePoly{n}@{x}{c};;;;;;not defined;;;;;;;;;;;;;;;;;;
;;;;;;;;;;;;;;;;;;;;;;;;;
;\Meixner{n}@{x}{\beta}{c};;;;;;not defined;;;;;;;;;;;;;;;;;;
;\MeixnerM{n}@{x}{\beta}{c};;;;;;not defined;;;;;;;;;;;;;;;;;;
;\MeixnerPollaczek{\lambda}{n}@{x}{\phi};;;;;;not defined;;;;;;;;;;;;;;;;;;
;\MeixnerPollaczekP{\lambda}{n}@{x}{\phi};;;;;;not defined;;;;;;;;;;;;;;;;;;
;;;;;;;;;;;;;;;;;;;;;;;;;
;\NeumannPoly{n}@{x};;;;;;not defined;;;;;;;;;;;;;;;;;;
;;;;;;;;;;;;;;;;;;;;;;;;;
;\PollaczekP{\lambda}{n}@{x}{a}{b};;;;;;not defined;;;;;;;;;;;;;;;;;;
;;;;;;;;;;;;;;;;;;;;;;;;;
;\Racah{n}@{x}{\alpha}{\beta}{\gamma}{\delta};;;;;;not defined;;;;;;;;;;;;;;;;;;
;\RacahR{n}@{x}{\alpha}{\beta}{\gamma}{\delta};;;;;;not defined;;;;;;;;;;;;;;;;;;
;;;;;;;;;;;;;;;;;;;;;;;;;
;\StieltjesWigert{n}@@{x}{q};;;;;;not defined;;;;;;;;;;;;;;;;;;
;\StieltjesWigertS{n}@{x}{q};;;;;;not defined;;;;;;;;;;;;;;;;;;
;;;;;;;;;;;;;;;;;;;;;;;;;
;\Wilson{n}@{x}{a}{b}{c}{d};;;;;;not defined;;;;;;;;;;;;;;;;;;
;\WilsonW{n}@{x}{a}{b}{c}{d};;;;;;not defined;;;;;;;;;;;;;;;;;;
;;;;;;;;;;;;;;;;;;;;;;;;;
;\ZonalPoly{\kappa}@{\Matrix{T}};;;;;;not defined;;;;;;;;;;;;;;;;;;
;;;;;;;;;;;;;;;;;;;;;;;;;
;;;;;;;;;;;;;;;;;;;;;;;;;
;;;;;;;;;;;;;;;;;;;;;;;;;
;;;;;;;;;;;;;;;;;;;;;;;;;
;\qSin{q}@@{x};;;;;;not defined;;;;;;;;;;;;;;;;;;
;\qsin{q}@@{x};;;;;;not defined;;;;;;;;;;;;;;;;;;
;\qSinKLS{q}@@{z};;;;;;not defined;;;;;;;;;;;;;;;;;;
;\qsinKLS{q}@@{z};;;;;;not defined;;;;;;;;;;;;;;;;;;
;\qCos{q}@@{x};;;;;;not defined;;;;;;;;;;;;;;;;;;
;\qcos{q}@@{x};;;;;;not defined;;;;;;;;;;;;;;;;;;
;\qCosKLS{q}@@{z};;;;;;not defined;;;;;;;;;;;;;;;;;;
;\qcosKLS{q}@@{z};;;;;;not defined;;;;;;;;;;;;;;;;;;
;\qExp{q}@@{x};;;;;;not defined;;;;;;;;;;;;;;;;;;
;\qexp{q}@@{x};;;;;;not defined;;;;;;;;;;;;;;;;;;
;\qExpKLS{q}@@{z};;;;;;not defined;;;;;;;;;;;;;;;;;;
;\qexpKLS{q}@@{z};;;;;;not defined;;;;;;;;;;;;;;;;;;
;\qAppelli@{a}{b}{b'}{c}{q}{x}{y};;;;;;not defined;;;;;;;;;;;;;;;;;;
;\qAppellii@{a}{b}{b'}{c}{c'}{q}{x}{y};;;;;;not defined;;;;;;;;;;;;;;;;;;
;\qAppelliii@{a}{a'}{b}{b'}{c}{q}{x}{y};;;;;;not defined;;;;;;;;;;;;;;;;;;
;\qAppelliv@{a}{b}{c}{c'}{q}{x}{y};;;;;;not defined;;;;;;;;;;;;;;;;;;
;\qBernoulli{n}@{x}{q};;;;;;not defined;;;;;;;;;;;;;;;;;;
;\qBesselPoly{n}@{x}{b}{q};;;;;;not defined;;;;;;;;;;;;;;;;;;
;\qBeta{q}@{a}{b};;;;;;not defined;;;;;;;;;;;;;;;;;;
;\qBinomial{n}{m}{q};;;;;;not defined;;;;;;;;;;;;;;;;;;
;\qCharlier{n}@{x}{c}{q};;;;;;not defined;;;;;;;;;;;;;;;;;;
;\qderiv[n]{q}@{z};;;;;;not defined;;;;;;;;;;;;;;;;;;
;\qdiff{q}{x};;;;;;not defined;;;;;;;;;;;;;;;;;;
;\qGamma{q}@{z};;;;;;not defined;;;;;;;;;;;;;;;;;;
;\qDigamma{q}@{z};;;;;;not defined;;;;;;;;;;;;;;;;;;
;\qEuler{m}{s}@{q};;;;;;not defined;;;;;;;;;;;;;;;;;;
;\qFactorial{n}{q};;;;;;not defined;;;;;;;;;;;;;;;;;;
;\qGamma{q}@{z};;;;;;not defined;;;;;;;;;;;;;;;;;;
;\qHahn{n}@@{q^{-x}}{\alpha}{\beta}{N};;;;;;not defined;;;;;;;;;;;;;;;;;;
;\qHahnQ{n}@{x}{\alpha}{\beta}{N}{q};;;;;;not defined;;;;;;;;;;;;;;;;;;
;\dualqHahn{n}@@{\mu(x)}{\gamma}{\delta}{N}{q};;;;;;not defined;;;;;;;;;;;;;;;;;;
;\qHermiteH{n}@{x}{q};;;;;;not defined;;;;;;;;;;;;;;;;;;
;\qinvHermiteh{n}@{x}{q};;;;;;not defined;;;;;;;;;;;;;;;;;;
;\qHermitehI{n}@{x}{q};;;;;;not defined;;;;;;;;;;;;;;;;;;
;\qHermitehII{n}@{x}{q};;;;;;not defined;;;;;;;;;;;;;;;;;;
;\discrqHermiteI{n}@@{x}{q};;;;;;not defined;;;;;;;;;;;;;;;;;;
;\discrqHermiteII{n}@@{x}{q};;;;;;not defined;;;;;;;;;;;;;;;;;;
;\qJacobiP{n}@{x}{a}{b}{c}{q};;;;;;not defined;;;;;;;;;;;;;;;;;;
;\bigqJacobi{n}@@{x}{a}{b}{c}{q};;;;;;not defined;;;;;;;;;;;;;;;;;;
;\qJacobiPP{\alpha}{\beta}{n}@{x}{c}{d}{q};;;;;;not defined;;;;;;;;;;;;;;;;;;
;\bigqJacobiIVparam{n}@@{x}{a}{b}{c}{d}{q};;;;;;not defined;;;;;;;;;;;;;;;;;;
;\qJacobip{n}@{x}{a}{b}{q};;;;;;not defined;;;;;;;;;;;;;;;;;;
;\littleqJacobi{n}@@{x}{a}{b}{q};;;;;;not defined;;;;;;;;;;;;;;;;;;
;\qKrawtchouk{n}@@{q^{-x}}{p}{N}{q};;;;;;not defined;;;;;;;;;;;;;;;;;;
;\dualqKrawtchouk{n}@@{\lambda(x)}{c}{N}{q};;;;;;not defined;;;;;;;;;;;;;;;;;;
;\qtmqKrawtchouk{n}@@{q^{-x}}{p}{N}{q};;;;;;not defined;;;;;;;;;;;;;;;;;;
;\AffqKrawtchouk{n}@@{q^{-x}}{p}{N}{q};;;;;;;;;;;;;;;;;;;;;;;;
;\qLaguerre[\alpha]{n}@@{x}{q};;;;;;not defined;;;;;;;;;;;;;;;;;;
;\qLaguerreL[\alpha]{n}@{x}{q};;;;;;not defined;;;;;;;;;;;;;;;;;;
;\bigqLaguerre{n}@{x}{a}{b}{q};;;;;;not defined;;;;;;;;;;;;;;;;;;
;\littleqLaguerre{n}@{x}{a}{q};;;;;;not defined;;;;;;;;;;;;;;;;;;
;\qLegendre{n}@{x}{q};;;;;;not defined;;;;;;;;;;;;;;;;;;
;\bigqLegendre{n}@{x}{c}{q};;;;;;not defined;;;;;;;;;;;;;;;;;;
;\littleqLegendre{m}@{x}{q};;;;;;not defined;;;;;;;;;;;;;;;;;;
;\qMeixner{n}@{x}{b}{c}{q};;;;;;not defined;;;;;;;;;;;;;;;;;;
;\qMeixnerPollaczek{n}@{x}{a}{q};;;;;;not defined;;;;;;;;;;;;;;;;;;
;\qPochhammer{a}{q}{n};;;;;;not defined;;;;;;;;;;;;;;;;;;
;\qMultiPochhammer{a_1,\ldots,a_n}{q}{n};;;;;;not defined;;;;;;;;;;;;;;;;;;
;\qPolygamma{n}{q}@{z};;;;;;not defined;;;;;;;;;;;;;;;;;;
;\qRacah{n}@{x}{\alpha}{\beta}{\gamma}{\delta}{q};;;;;;not defined;;;;;;;;;;;;;;;;;;
;\qRacahR{n}@{x}{\alpha}{\beta}{\gamma}{\delta}{q};;;;;;not defined;;;;;;;;;;;;;;;;;;
;\qStirling{m}{s}@{q};;;;;;not defined;;;;;;;;;;;;;;;;;;
;\qUltraspherical{n}@{x}{\beta}{q};;;;;;not defined;;;;;;;;;;;;;;;;;;
;\qHyperrWs{r}{r+1}@@@{a_1}{a_4,a_5,...,a_{r+1}}{q}{z};;;;;;not defined;;;;;;;;;;;;;;;;;;
;\qHyperrphis{r}{s}@@@{a_1,...,a_r}{b_1,...,b_s}{q}{z};;;;;;not defined;;;;;;;;;;;;;;;;;;
;\qHyperrpsis{r}{s}@@@{a_1,...,a_r}{b_1,...,b_s}{q}{z};;;;;;not defined;;;;;;;;;;;;;;;;;;
;\qMultinomial{a_1+\ldots+a_n}{a_1,\ldots,a_n}{q};;;;;;not defined;;;;;;;;;;;;;;;;;;
;;;;;;;;;;;;;;;;;;;;;;;;;
;\ctsHahn{n}@@{x}{a}{b}{c}{d};;;;;;not defined;;;;;;;;;;;;;;;;;;
;\ctsbigqHermite{n}@{x}{a}{q};;;;;;not defined;;;;;;;;;;;;;;;;;;
;\ctsdualHahn{n}@@{x^2}{a}{b}{c};;;;;;not defined;;;;;;;;;;;;;;;;;;
;\ctsdualqHahn{n}@{x}{a}{b}{c}{q};;;;;;not defined;;;;;;;;;;;;;;;;;;
;\ctsqHahn{n}@{x}{a}{b}{c}{d}{q};;;;;;not defined;;;;;;;;;;;;;;;;;;
;\ctsqHermite{n}@@{x}{q};;;;;;not defined;;;;;;;;;;;;;;;;;;
;\ctsqJacobi{\alpha}{\beta}{m}@{x}{q};;;;;;not defined;;;;;;;;;;;;;;;;;;
;\ctsqJacobiRahman{n}@@{x}{q};;;;;;not defined;;;;;;;;;;;;;;;;;;
;\ctsqLaguerre{\alpha}{n}@{x}{q};;;;;;not defined;;;;;;;;;;;;;;;;;;
;\ctsqLegendre{n}@@{x}{q};;;;;;not defined;;;;;;;;;;;;;;;;;;
;\ctsqLegendreRahman{n}@@{x}{q};;;;;;not defined;;;;;;;;;;;;;;;;;;
;\ctsqUltra{n}@{x}{\beta}{q};;;;;;not defined;;;;;;;;;;;;;;;;;;
;\ctsqUltrae{n}@{e^{i\theta}}{\beta}{q};;;;;;not defined;;;;;;;;;;;;;;;;;;
;;;;;;;;;;;;;;;;;;;;;;;;;
;\monicAffqKrawtchouk{n}@@{q^{-x}}{p}{N}{q};;;;;;not defined;;;;;;;;;;;;;;;;;;
;\monicAlSalamCarlitzI{a}{n}@@{x}{q};;;;;;not defined;;;;;;;;;;;;;;;;;;
;\monicAlSalamCarlitzII{a}{n}@@{x}{q};;;;;;not defined;;;;;;;;;;;;;;;;;;
;\monicAlSalamChihara{n}@@{x}{a}{b}{q};;;;;;not defined;;;;;;;;;;;;;;;;;;
;\monicAskeyWilson{n}@@{x}{a}{b}{c}{d}{q};;;;;;not defined;;;;;;;;;;;;;;;;;;
;\monicBesselPoly{n}@@{x}{a};;;;;;not defined;;;;;;;;;;;;;;;;;;
;\monicCharlier{n}@@{x}{a};;;;;;not defined;;;;;;;;;;;;;;;;;;
;\monicChebyT{n}@@{x};;;;;;not defined;;;;;;;;;;;;;;;;;;
;\monicChebyU{n}@@{x};;;;;;not defined;;;;;;;;;;;;;;;;;;
;\monicHahn{n}@@{x}{\alpha}{\beta}{N};;;;;;not defined;;;;;;;;;;;;;;;;;;
;\monicHermite{n}@@{x};;;;;;not defined;;;;;;;;;;;;;;;;;;
;\monicJacobi{n}@@{x};;;;;;not defined;;;;;;;;;;;;;;;;;;
;\monicKrawtchouk{n}@@{q^{-x}}{p}{N}{q};;;;;;not defined;;;;;;;;;;;;;;;;;;
;\monicLaguerre{n}@@{x};;;;;;not defined;;;;;;;;;;;;;;;;;;
;\monicLegendrePoly{n}@@{x};;;;;;not defined;;;;;;;;;;;;;;;;;;
;\monicMeixner{n}@@{x}{\beta}{c};;;;;;not defined;;;;;;;;;;;;;;;;;;
;\monicMeixnerPollaczek{\lambda}{n}@@{x}{\phi};;;;;;not defined;;;;;;;;;;;;;;;;;;
;\monicRacah{n}@@{\lambda(x)}{\alpha}{\beta}{\gamma}{\delta};;;;;;not defined;;;;;;;;;;;;;;;;;;
;\monicStieltjesWigert{n}@@{x}{q};;;;;;not defined;;;;;;;;;;;;;;;;;;
;\monicUltra{n}@@{x};;;;;;not defined;;;;;;;;;;;;;;;;;;
;\monicWilson{n}@@{x^2}{a}{b}{c}{d};;;;;;not defined;;;;;;;;;;;;;;;;;;
;\monicbigqJacobi{n}@@{x}{a}{b}{c}{q};;;;;;not defined;;;;;;;;;;;;;;;;;;
;\monicbigqLaguerre{n}@@{x}{a}{b}{q};;;;;;not defined;;;;;;;;;;;;;;;;;;
;\monicbigqLegendre{n}@@{x}{c}{q};;;;;;not defined;;;;;;;;;;;;;;;;;;
;\monicctsHahn{n}@@{x}{a}{b}{c}{d};;;;;;not defined;;;;;;;;;;;;;;;;;;
;\monicctsbigqHermite{n}@@{x}{a}{q};;;;;;not defined;;;;;;;;;;;;;;;;;;
;\monicctsdualHahn{n}@@{x^2}{a}{b}{c}{d};;;;;;not defined;;;;;;;;;;;;;;;;;;
;\monicctsdualqHahn{n}@@{x^2}{a}{b}{c};;;;;;not defined;;;;;;;;;;;;;;;;;;
;\monicctsqHahn{n}@@{x}{a}{b}{c}{d}{q};;;;;;not defined;;;;;;;;;;;;;;;;;;
;\monicctsqHermite{n}@@{x}{q};;;;;;not defined;;;;;;;;;;;;;;;;;;
;\monicctsqJacobi{n}@@{x}{q};;;;;;not defined;;;;;;;;;;;;;;;;;;
;\monicctsqLaguerre{n}@@{x}{q};;;;;;not defined;;;;;;;;;;;;;;;;;;
;\monicctsqLegendre{n}@@{x}{q};;;;;;not defined;;;;;;;;;;;;;;;;;;
;\monicctsqUltra{n}@@{x}{\beta}{q};;;;;;not defined;;;;;;;;;;;;;;;;;;
;\monicdiscrqHermiteI{n}@@{x}{q};;;;;;not defined;;;;;;;;;;;;;;;;;;
;\monicdiscrqHermiteII{n}@@{x}{q};;;;;;not defined;;;;;;;;;;;;;;;;;;
;\monicdualHahn{n}@@{\lambda(x)}{\gamma}{\delta}{N};;;;;;not defined;;;;;;;;;;;;;;;;;;
;\monicdualqHahn{n}@@{\mu(x)}{\gamma}{\delta}{N}{q};;;;;;not defined;;;;;;;;;;;;;;;;;;
;\monicdualqKrawtchouk{n}@@{\lambda(x)}{c}{N}{q};;;;;;not defined;;;;;;;;;;;;;;;;;;
;\moniclittleqJacobi{n}@@{x}{a}{b}{q};;;;;;not defined;;;;;;;;;;;;;;;;;;
;\moniclittleqLaguerre{n}@@{x}{a}{q};;;;;;not defined;;;;;;;;;;;;;;;;;;
;\moniclittleqLegendre{n}@@{x}{q};;;;;;not defined;;;;;;;;;;;;;;;;;;
;\monicpseudoJacobi{n}@@{x}{\nu}{N};;;;;;not defined;;;;;;;;;;;;;;;;;;
;\monicqBesselPoly{n}@@{x}{a}{q};;;;;;not defined;;;;;;;;;;;;;;;;;;
;\monicqCharlier{n}@@{q^{-x}}{a}{q};;;;;;not defined;;;;;;;;;;;;;;;;;;
;\monicqHahn{n}@@{q^{-x}}{\alpha}{\beta}{N};;;;;;not defined;;;;;;;;;;;;;;;;;;
;\monicqKrawtchouk{n}@@{q^{-x}}{p}{N}{q};;;;;;not defined;;;;;;;;;;;;;;;;;;
;\monicqLaguerre{n}@@{x}{q};;;;;;not defined;;;;;;;;;;;;;;;;;;
;\monicqMeixner{n}@@{q^{-x}}{b}{c}{q};;;;;;not defined;;;;;;;;;;;;;;;;;;
;\monicqMeixnerPollaczek{n}@@{x}{a}{q};;;;;;not defined;;;;;;;;;;;;;;;;;;
;\monicqRacah{n}@@{\mu(x)}{\alpha}{\beta}{\gamma}{\delta}{q};;;;;;not defined;;;;;;;;;;;;;;;;;;
;\monicqinvAlSalamChihara{n}@{x}{a}{b}{q^{-1}};;;;;;not defined;;;;;;;;;;;;;;;;;;
;\monicqtmqKrawtchouk{n}@@{q^{-x}}{p}{N}{q};;;;;;not defined;;;;;;;;;;;;;;;;;;
;;;;;;;;;;;;;;;;;;;;;;;;;
;\normAskeyWilsonptilde{n}@@{x}{a}{b}{c}{d}{q};;;;;;not defined;;;;;;;;;;;;;;;;;;
;\normJacobiR{\alpha}{\beta}{n}@{x};;;;;;not defined;;;;;;;;;;;;;;;;;;
;\normWilsonWtilde{n}@@{x^2}{a}{b}{c}{d};;;;;;not defined;;;;;;;;;;;;;;;;;;
;\normctsHahnptilde{n}@@{x}{a}{b}{c}{d};;;;;;not defined;;;;;;;;;;;;;;;;;;
;\normctsdualHahnStilde{n}@@{x^2}{a}{b}{c}{d};;;;;;not defined;;;;;;;;;;;;;;;;;;
;\normctsdualqHahnptilde{n}@@{x}{a}{b}{c}{q};;;;;;not defined;;;;;;;;;;;;;;;;;;
;\normctsqHahnptilde{n}@@{x}{a}{b}{c}{d}{q};;;;;;not defined;;;;;;;;;;;;;;;;;;
;\normctsqJacobiPtilde{n}@@{x}{q};;;;;;not defined;;;;;;;;;;;;;;;;;;
;;;;;;;;;;;;;;;;;;;;;;;;;
;;;;;;;;;;;;;;;;;;;;;;;;;
