DLMF;DLMF-Link;Meanings;Number of Parameters;Number of Ats;Number of Variables;Constraints;Branch Cuts;Role
\sin@@{z};http://dlmf.nist.gov/4.14#E1;Sine;0;2;1;;;dlmf-macro
\cos@@{z};http://dlmf.nist.gov/4.14#E2;Cosine;0;2;1;;;dlmf-macro
\tan@@{z};http://dlmf.nist.gov/4.14#E4;Tangent;0;2;1;z != (k+1/2)*\cpi \forall k \in \Integer;;dlmf-macro
\sec@@{z};http://dlmf.nist.gov/4.14#E6;Secant;0;2;1;z != (k+1/2)*\cpi \forall k \in \Integer;;dlmf-macro
\csc@@{z};http://dlmf.nist.gov/4.14#E5;Cosecant;0;2;1;z != k*\cpi \forall k \in \Integer;;dlmf-macro
\cot@@{z};http://dlmf.nist.gov/4.14#E7;Cotangent;0;2;1;z != k*\cpi \forall k \in \Integer;;dlmf-macro
;;;;;;;;
\sinh@@{z};http://dlmf.nist.gov/4.28#E1;Hyperbolic sine;0;2;1;;;dlmf-macro
\cosh@@{z};http://dlmf.nist.gov/4.28#E2;Hyperbolic cosine;0;2;1;;;dlmf-macro
\tanh@@{z};http://dlmf.nist.gov/4.28#E4;Hyperbolic tangent;0;2;1;z != \iunit*(k+1/2)*\cpi \forall k \in \Integer;;dlmf-macro
\sech@@{z};http://dlmf.nist.gov/4.28#E6;Hyperbolic secant;0;2;1;z != \iunit*(k+1/2)*\cpi \forall k \in \Integer;;dlmf-macro
\csch@@{z};http://dlmf.nist.gov/4.28#E5;Hyperbolic cosecant;0;2;1;z != \iunit*k*\cpi \forall k \in \Integer;;dlmf-macro
\coth@@{z};http://dlmf.nist.gov/4.28#E7;Hyperbolic cotangent;0;2;1;z != \iunit*k*\cpi \forall k \in \Integer;;dlmf-macro
;;;;;;;;
\asin@@{z};http://dlmf.nist.gov/4.23#SS2.p1;Inverse sine;0;2;1;z != +/- \iunit;(-\infty, -1), (1, \infty);dlmf-macro
\acos@@{z};http://dlmf.nist.gov/4.23#SS2.p1;Inverse cosine;0;2;1;z != +/- \iunit;(-\infty, -1), (1, \infty);dlmf-macro
\atan@@{z};http://dlmf.nist.gov/4.23#SS2.p1;Inverse tangent;0;2;1;z != +/- \iunit;(-\iunit \infty, -\iunit), (\iunit, \iunit \infty);dlmf-macro
\asec@@{z};http://dlmf.nist.gov/4.23#SS2.p1;Inverse secant;0;2;1;z not element of {0,-\iunit,+\iunit};(-1, 1);dlmf-macro
\acsc@@{z};http://dlmf.nist.gov/4.23#SS2.p1;Inverse cosecant;0;2;1;z not element of {0,-\iunit,+\iunit};(-1, 1);dlmf-macro
\acot@@{z};http://dlmf.nist.gov/4.23#SS2.p1;Inverse cotangent;0;2;1;z not element of {0,-\iunit,+\iunit};(-\iunit, \iunit);dlmf-macro
;;;;;;;;
\Asin@@{z};http://dlmf.nist.gov/4.23#E1;Multivalued inverse sine;0;2;1;z != +/- \iunit;z = +/- 1;dlmf-macro
\Acos@@{z};http://dlmf.nist.gov/4.23#E2;Multivalued inverse cosine;0;2;1;z != +/- \iunit;z = +/- 1;dlmf-macro
\Atan@@{z};http://dlmf.nist.gov/4.23#E3;Multivalued inverse tangent;0;2;1;z != +/- \iunit;z = +/- \iunit;dlmf-macro
\Asec@@{z};http://dlmf.nist.gov/4.23#E5;Multivalued inverse secant;0;2;1;z not element of {0,-\iunit,+\iunit};z = +/- 1;dlmf-macro
\Acsc@@{z};http://dlmf.nist.gov/4.23#E4;Multivalued inverse cosecant;0;2;1;z not element of {0,-\iunit,+\iunit};z = +/- 1;dlmf-macro
\Acot@@{z};http://dlmf.nist.gov/4.23#E6;Multivalued inverse cotangent;0;2;1;z not element of {0,-\iunit,+\iunit};z = +/- \iunit;dlmf-macro
;;;;;;;;
\asinh@@{z};http://dlmf.nist.gov/4.37#SS2.p1;Inverse hyperbolic sine;0;2;1;z != +/-1;(-\iunit \infty, -\iunit), (\iunit, \iunit \infty);dlmf-macro
\acosh@@{z};http://dlmf.nist.gov/4.37#SS2.p1;Inverse hyperbolic cosine;0;2;1;z != +/-1;(-\infty, 1);dlmf-macro
\atanh@@{z};http://dlmf.nist.gov/4.37#SS2.p1;Inverse hyperbolic tangent;0;2;1;z != +/-1;(-\infty, -1), (1, \infty);dlmf-macro
\asech@@{z};http://dlmf.nist.gov/4.37#SS2.p1;Inverse hyperbolic secant;0;2;1;z not element of {0,-1,+1};(-\iunit, \iunit);dlmf-macro
\acsch@@{z};http://dlmf.nist.gov/4.37#SS2.p1;Inverse hyperbolic cosecant;0;2;1;z not element of {0,-1,+1};(-\infty, 0), (1,\infty);dlmf-macro
\acoth@@{z};http://dlmf.nist.gov/4.37#SS2.p1;Inverse hyperbolic cotangent;0;2;1;z not element of {0,-1,+1};(-1, 1);dlmf-macro
;;;;;;;;
\Asinh@@{z};http://dlmf.nist.gov/4.37#E1;Multivalued inverse hyperbolic sine;0;2;1;z != +/-1;z != +/- \iunit;dlmf-macro
\Acosh@@{z};http://dlmf.nist.gov/4.37#E2;Multivalued inverse hyperbolic cosine;0;2;1;z != +/-1;z = +/- 1;dlmf-macro
\Atanh@@{z};http://dlmf.nist.gov/4.37#E3;Multivalued inverse hyperbolic tangent;0;2;1;z != +/-1;z = +/- 1;dlmf-macro
\Asech@@{z};http://dlmf.nist.gov/4.37#E5;Multivalued inverse hyperbolic secant;0;2;1;z not element of {0,-1,+1};z = +/- 1;dlmf-macro
\Acsch@@{z};http://dlmf.nist.gov/4.37#E4;Multivalued inverse hyperbolic cosecant;0;2;1;z not element of {0,-1,+1};z != +/- \iunit;dlmf-macro
\Acoth@@{z};http://dlmf.nist.gov/4.37#E6;Multivalued inverse hyperbolic cotangent;0;2;1;z not element of {0,-1,+1};z = +/- 1;dlmf-macro
;;;;;;;;
\ln@@{z};http://dlmf.nist.gov/4.2#E2;Natural logarithm;0;2;1;z != 0;(-\infty, 0];dlmf-macro
\log@@{z};http://dlmf.nist.gov/4.2#E2;Logarithm;0;2;1;z != 0;(-\infty, 0];dlmf-macro
\logb{a}@@{z};http://dlmf.nist.gov/4.2#EGx1;Logarithm with different base;1;2;1;a not element of {0,1} and z != 0;(-\infty, 0];dlmf-macro
\Ln@@{z};http://dlmf.nist.gov/4.2#E1;Multivalued natural logarithm;0;2;1;z != 0;z = 0;dlmf-macro
\exp@@{z};http://dlmf.nist.gov/4.2#E19;Exponential function;0;2;1;;;dlmf-macro
;;;;;;;;
\LambertW@{x};http://dlmf.nist.gov/4.13#p2;Lambert W-Function;0;1;1;x in \Real;;dlmf-macro
\LambertWp@{x};http://dlmf.nist.gov/4.13#p2;Principle branch of Lambert W-Function;0;1;1;-1/e \leq x < 0;;dlmf-macro
\LambertWm@{x};http://dlmf.nist.gov/4.13#p2;Another branch of Lambert W-Function;0;1;1;-1/e \leq x < 0;;dlmf-macro
;;;;;;;;
\SinInt@{z};http://dlmf.nist.gov/6.2#E9;Sine integral;0;1;1;;;dlmf-macro
\sinInt@{z};http://dlmf.nist.gov/6.2#E10;Shifted sine integral;0;1;1;;;dlmf-macro
\SinIntg@{a}{z};http://dlmf.nist.gov/8.21#E2;Generalized sine integral;0;1;2;;z = 0;dlmf-macro
\sinintg@{a}{z};http://dlmf.nist.gov/8.21#E1;Generalized sine integral;0;1;2;;z = 0;dlmf-macro
\CosInt@{z};http://dlmf.nist.gov/6.2#E13;Cosine integral;0;1;1;;;dlmf-macro
\CosIntCin@{z};http://dlmf.nist.gov/6.2#E12;Cosine integral;0;1;1;;;dlmf-macro
\CosIntg@{a}{z};http://dlmf.nist.gov/8.21#E2;Generalized cosine integral;0;1;2;;z = 0;dlmf-macro
\cosintg@{a}{z};http://dlmf.nist.gov/8.21#E1;Generalized cosine integral;0;1;2;;z = 0;dlmf-macro
\SinCosIntf@{z};http://dlmf.nist.gov/6.2#E17;Auxiliary function for sine and cosine integrals;0;1;1;;;dlmf-macro
\SinCosIntg@{z};http://dlmf.nist.gov/6.2#E18;Auxiliary function for sine and cosine integrals;0;1;1;;;dlmf-macro
;;;;;;;;
\SinhInt@{z};http://dlmf.nist.gov/6.2#E15;Hyperbolic sine integral;0;1;1;;;dlmf-macro
\CoshInt@{z};http://dlmf.nist.gov/6.2#E16;Hyperbolic cosine integral;0;1;1;;;dlmf-macro
;;;;;;;;
\Gudermannian@@{x};http://dlmf.nist.gov/4.23#E39;Gudermannian function;0;2;1;;;dlmf-macro
\arcGudermannian@@{x};http://dlmf.nist.gov/4.23#E41;Inverse Gudermannian function;0;2;1;-(1/2) \cpi < x < (1/2) \cpi;;dlmf-macro
;;;;;;;;
\ExpInti@{x};http://dlmf.nist.gov/6.2#E1;Exponential integral;0;1;1;z != 0;(-\infty, 0];dlmf-macro
\ExpInt@{x};http://dlmf.nist.gov/6.2#E1;Exponential integral;0;1;1;z != 0;(-\infty, 0];dlmf-macro
\ExpIntEin@{z};http://dlmf.nist.gov/6.2#E3;Complementary exponential integral;0;1;1;;;dlmf-macro
\ExpIntn{p}@{z};http://dlmf.nist.gov/8.19#E1;Generalized exponential integral;1;1;1;;;dlmf-macro
\LogInt@{x};http://dlmf.nist.gov/6.2#E8;Logarithmic integral;0;1;1;x > 1;;dlmf-macro
\Dilogarithm@{z};http://dlmf.nist.gov/25.12#E1;Dilogarithm;0;1;1;;;dlmf-macro
\Polylogarithm{s}@{z};http://dlmf.nist.gov/25.12#E10;Polylogarithm;1;1;1;;;dlmf-macro
\JonquierePhi@{z}{s};http://dlmf.nist.gov/25.1;Polylogarithm;0;1;2;;;dlmf-macro
;;;;;;;;
\cpi;not defined;Pi;0;0;0;;;mathematical constant
\iunit;http://dlmf.nist.gov/1.9.i;Imaginary unit;0;0;0;;;mathematical constant
\EulerConstant;http://dlmf.nist.gov/5.2#E3;Euler-Mascheroni constant;0;0;0;;;mathematical constant
\StieltjesConstants{n};http://drmf.wmflabs.org/wiki/Definition:StieltjesConstants;Stieltjes Constants;0;0;1;;;dlmf-macro
\expe;http://dlmf.nist.gov/4.2.E11;Euler's constant;0;0;0;;;mathematical constant
\CatalansConstant;http://dlmf.nist.gov/25.11.E40;Catalan's constant;0;0;0;;;mathematical constant
;;;;;;;;
\Matrix{A};http://drmf.wmflabs.org/wiki/Definition:Matrix;Matrix;0;0;1;;;ignore
\Vector{a};http://drmf.wmflabs.org/wiki/Definition:Vector;Vector;0;0;1;;;ignore
\trace;http://dlmf.nist.gov/35.1#p3.t1.r9;Trace of a matrix;0;0;1;;;ignore
\transpose;http://dlmf.nist.gov/1.3.E5;Transpose of matrix;0;0;1;;;ignore
\exptrace@{\Matrix{X}};http://dlmf.nist.gov/35.1#p3.t1.r10;Exponential of the trace of a matrix;0;1;1;;;ignore
\det A;http://dlmf.nist.gov/1.3#i;Determinant;0;0;1;;;ignore
\diag A;http://dlmf.nist.gov/21.1#p2.t1.r11;Diagonal part of matrix;0;0;1;;;ignore
\ph@@{z};http://dlmf.nist.gov/1.9#E7;Phase / Argument of a complex number;0;2;1;;;dlmf-macro
\ph@@{z};http://dlmf.nist.gov/1.9#E7;Argument of a complex number;0;2;1;;;dlmf-macro
;;;;;;;;
\conj{z};http://dlmf.nist.gov/1.9#E11;Conjugate complex number;0;0;1;;;dlmf-macro
\realpart{z};http://dlmf.nist.gov/1.9#E2;Real part of a complex number;0;0;1;;;dlmf-macro
\imagpart{z};http://dlmf.nist.gov/1.9#E2;Imaginary part of a complex num;0;0;1;;;dlmf-macro
\sqrt{z};not defined;Square root;0;0;1;;;dlmf-macro
\sqrt[p]{z};not defined;n-th root;1;0;1;;;dlmf-macro
\binom{m}{n};http://dlmf.nist.gov/1.2#E1;Binomial coefficient;0;0;2;;;dlmf-macro
\binomial{m}{n};http://dlmf.nist.gov/1.2#E1;Binomial coefficient;0;0;2;;;dlmf-macro
\multinomial{m}{n_1,...,n_k};http://dlmf.nist.gov/26.4.E2;Multinomial coefficient;0;0;2;;;dlmf-macro
\pgcd{m,n};http://dlmf.nist.gov/27.1#p2.t1.r3;Greatest common divisor;0;0;1;;;dlmf-macro
;;;;;;;;
\f{f}@{x};http://drmf.wmflabs.org/wiki/Definition:f;Function;1;1;1;;;
\in;http://dlmf.nist.gov/front/introduction#Sx4.p1.t1.r9;Element of;0;0;0;;;symbol
\notin;http://dlmf.nist.gov/front/introduction#Sx4.p1.t1.r10;Not element of;0;0;0;;;symbol
\forall;http://dlmf.nist.gov/front/introduction#Sx4.p1.t1.r11;For all;0;0;0;;;symbol
\Longrightarrow;http://dlmf.nist.gov/front/introduction#Sx4.p1.t1.r12;Implies;0;0;0;;;symbol
\Longleftrightarrow;http://dlmf.nist.gov/front/introduction#Sx4.p1.t1.r13;Equivalence;0;0;0;;;symbol
=;not defined;Equal;0;0;0;;;symbol
\neq;not defined;Not equal;0;0;0;;;symbol
\ifrac{a}{b};http://dlmf.nist.gov/4.2.E8;Fraction;0;0;2;;;
\power{x}{y};http://dlmf.nist.gov/36.12#E9;Power;0;0;2;;;
n!;http://dlmf.nist.gov/front/introduction#Sx4.p1.t1.r14;Factorial;0;0;0;;;ignore
n!!;http://dlmf.nist.gov/front/introduction#Sx4.p1.t1.r15;Double factorial;0;0;0;;;ignore
\psfactorial{a}{\kappa};http://dlmf.nist.gov/35.4#E1;Partitional shifted factorial;0;0;2;;;
\floor{x} ;http://dlmf.nist.gov/front/introduction#Sx4.p1.t1.r16;Floor;0;0;1;;;
\ceiling{x};http://dlmf.nist.gov/front/introduction#Sx4.p1.t1.r17;Ceiling;0;0;1;;;
\sign@@{x};http://dlmf.nist.gov/front/introduction#Sx4.p2.t1.r18;Signum;0;2;1;;;
\inf;http://dlmf.nist.gov/front/introduction#Sx4.p1.t1.r24;Infimum;0;0;0;;;symbol
\sup;http://dlmf.nist.gov/front/introduction#Sx4.p1.t1.r25;Supremum;0;0;0;;;symbol
\Sum{n}{k1}{k2}@{f(n)};http://drmf.wmflabs.org/wiki/Definition:Sum;Sum;3;1;1;;;
\Prod{n}{k1}{k2}@{f(n)};http://drmf.wmflabs.org/wiki/Definition:Prod;Product;3;1;1;;;
\Wronskian@{w1(z),w2(z)};http://dlmf.nist.gov/1.13#E4;Wronskian;0;1;1;;;
\Residue;http://dlmf.nist.gov/1.10#SS3.p5;Residue;0;0;0;;;symbol
\card{A};http://dlmf.nist.gov/26.1#p2.t1.r5;Number of elements of a set;0;0;1;;;
\cartprod;http://dlmf.nist.gov/23.1#p2.t1.r18;Cartesian product of groups;0;0;0;;;symbol
\divides;http://dlmf.nist.gov/24.1#p2.t1.r4;Devides;0;0;0;;;symbol
\liminf;http://dlmf.nist.gov/front/introduction#Sx4.p2.t1.r4;Least limit point;0;0;0;;;symbol
\mod;http://dlmf.nist.gov/front/introduction#Sx4.p2.t1.r10;Modulo;0;0;0;;;ignore
\opminus;http://dlmf.nist.gov/5.7.E7;Negative unity to an integer power;0;0;0;;;symbol
\poly{p}{n}@{x};http://drmf.wmflabs.org/wiki/Definition:poly;Polynomial;2;1;1;;;
\CompositionsC[m]@{n};http://dlmf.nist.gov/26.11#p1;Number of compositions;1;1;1;;;
\Distribution{f}{g};http://dlmf.nist.gov/1.16#SS1.p5;Distribution;0;0;2;;;
\Lattice{L};http://dlmf.nist.gov/23.2#i;Lattice;0;0;1;;;
\fDiff[x];http://dlmf.nist.gov/18.1#EGx1;Forward difference;1;0;0;;;
\bDiff[x];http://dlmf.nist.gov/18.1#EGx2;Backward difference;1;0;0;;;
\cDiff[x];http://dlmf.nist.gov/18.1#EGx3;Central difference;1;0;0;;;
\deriv{f}{x};http://dlmf.nist.gov/1.4#E4;Derivative;0;0;2;;;
\pderiv{f}{x};http://dlmf.nist.gov/1.5#E3;Partial derivative;0;0;2;;;
\diff{x};http://dlmf.nist.gov/1.4#SS4.p1;Differential;0;0;1;;;
\pdiff{x};http://dlmf.nist.gov/1.5#E3;Power of partial differential;0;0;1;;;
\AntiDer@{x}{f(x)};http://drmf.wmflabs.org/wiki/Definition:AntiDer;Anti-Derivative;0;1;2;;;
\Int{a}{b}@{x}{f(x)};http://drmf.wmflabs.org/wiki/Definition:Int;Integral;2;1;2;;;
\int;http://dlmf.nist.gov/1.4#iv;Indefinite Integral;0;0;0;;;symbol
\pvint_{a}^{b} \f{f}@{x} \diff{x};http://dlmf.nist.gov/1.4#E24;Cauchy principle value;0;0;0;;;ignore
\Schwarzian{z}{\zeta};http://dlmf.nist.gov/1.13#E20;Schwarzian derivative;0;0;2;;;
\Complex;http://dlmf.nist.gov/front/introduction#Sx4.p1.t1.r1;Set of complex numbers;0;0;0;;;symbol
\Real;http://dlmf.nist.gov/front/introduction#Sx4.p2.t1.r14;Set of real numbers;0;0;0;;;symbol
\Rational;http://dlmf.nist.gov/front/introduction#Sx4.p2.t1.r13;Set of rational numbers;0;0;0;;;symbol
\Integer;http://dlmf.nist.gov/front/introduction#Sx4.p2.t1.r20;Set of integers;0;0;0;;;symbol
\NatNumber;http://dlmf.nist.gov/front/introduction#Sx4.p2.t1.r11;Set of positive integers;0;0;0;;;symbol
\Continuous@{A};http://dlmf.nist.gov/1.4#ii;Space of continuous functions on a set;0;1;1;;;
\SpaceTestFunTempered@{A};http://dlmf.nist.gov/1.16#v;Space of test functions for tempered distributions;0;1;1;;;
\setminus;http://dlmf.nist.gov/front/introduction#Sx4.p2.t1.r19;Set difference;0;0;0;;;
\subseteq;http://dlmf.nist.gov/front/introduction#Sx4.p2.t1.r3;Subset;0;0;0;;;
\subset;http://dlmf.nist.gov/front/introduction#Sx4.p2.t1.r2;Subset;0;0;0;;;
\setmod;http://dlmf.nist.gov/21.1#p2.t1.r17;Set of all elements of S_1 modulo elements of S_2;0;0;0;;;
\PartitionsP{n};http://dlmf.nist.gov/26.2#P4.p2;Number of partitions of nonnegative integer n;0;0;1;;;
\PartitionsP[k]@{n};http://dlmf.nist.gov/26.9;Number of partitions of nonnegative integer n into at most k parts;1;1;1;;;
\Permutations{n};http://dlmf.nist.gov/26.13;Set of permutations;0;0;1;;;
\PlanePartitionsPP@{n};http://dlmf.nist.gov/26.12#SS1.p4;Number of plane partitions;0;1;1;;;
\RestrictedPartitionsP[k]@{\mathrm{condition}}{n};http://dlmf.nist.gov/26.11#p1;Restricted number of partitions;1;1;2;;;
\RestrictedCompositionsC@{\mathrm{condition}}{n};http://dlmf.nist.gov/26.10#i;Restricted number of compositions;0;1;2;;;
\BigO@{x};http://dlmf.nist.gov/2.1#E3;Landau notation O;0;1;1;;;
\littleo@{x};http://dlmf.nist.gov/2.1#E2;Landau notation o;0;1;1;;;
\sim;http://dlmf.nist.gov/2.1#E1;Asymptotic equality;0;0;0;;;
;;;;;;;;
\AiryAi@{z};http://dlmf.nist.gov/9.2#i;Airy function of the first kind;0;1;1;;;
\AiryBi@{z};http://dlmf.nist.gov/9.2#i;Airy function of the second kind;0;1;1;;;
\AiryModulusM@{z};http://dlmf.nist.gov/9.8#i;Airy modulus function M;0;1;1;;;
\AiryModulusN@{z};http://dlmf.nist.gov/9.8#i;Airy modulus function N;0;1;1;;;
\AiryPhasePhi@{z};http://dlmf.nist.gov/9.8#i;Airy phase function Phi;0;1;1;;;
\AiryPhaseTheta@{z};http://dlmf.nist.gov/9.8#i;Airy phase function Theta;0;1;1;;;
\ODEgenAiryA{n}@{z};http://dlmf.nist.gov/9.13#SS1.p2;Generalized Airy function;1;1;1;;;
\ODEgenAiryB{n}@{z};http://dlmf.nist.gov/9.13#SS1.p2;Generalized Bairy function;1;1;1;;;
\IntgenAiryA{k}@{z}{p};http://dlmf.nist.gov/9.13#SS2.p1;Generalized Airy function integral;1;1;1;;;
\IntgenAiryB{k}@{z}{p};http://dlmf.nist.gov/9.13#SS2.p1;Generalized Bairy function integral;1;1;2;;;
\ZeroAiryAi{k};http://dlmf.nist.gov/9.9#SS1.p2;Zeros of Airy function of the first kind;0;0;1;;;
\ZeroAiryAiPrime{k};http://dlmf.nist.gov/9.9#SS1.p2;Zeros of derivative Airy function of the first kind;0;0;1;;;
\ZeroAiryBi{k};http://dlmf.nist.gov/9.9#SS1.p2;Zeros of Airy function  of the second kind;0;0;1;;;
\ZeroAiryBiPrime{k};http://dlmf.nist.gov/9.9#SS1.p2;Zeros of derivative Airy function of the second kind;0;0;1;;;
\ComplexZeroAiryBi{k};http://dlmf.nist.gov/9.9#SS1.p2;Complex zeros of Airy function of the second kind;0;0;1;;;
\ComplexZeroAiryBiPrime{k};http://dlmf.nist.gov/9.9#SS1.p2;Complex zeros of derivative of Airy function of the second kind;0;0;1;;;
;;;;;;;;
\AngerJ{v}@{z};http://dlmf.nist.gov/11.10#E1;Anger function;1;1;1;;;
\WeberE{v}@{z};http://dlmf.nist.gov/11.10#E2;Weber function;1;1;1;;;
\AngerA{v}@{z};http://dlmf.nist.gov/11.10#E4;Associated Anger function;1;1;1;Re(z) > 0;;
;;;;;;;;
\AppellFi@{\alpha}{\beta}{\beta'}{\gamma}{x}{y};http://dlmf.nist.gov/16.13#E2;First Appell function;0;1;6;;;
\AppellFii@{\alpha}{\beta}{\beta'}{\gamma}{\gamma'}{x}{y};http://dlmf.nist.gov/16.13#E3;Second Appell function;0;1;7;;;
\AppellFiii@{\alpha}{\alpha'}{\beta}{\beta'}{\gamma}{x}{y};http://dlmf.nist.gov/16.13#E4;Third Appell function;0;1;7;Re(z) > 0;;
\AppellFiv@{\alpha}{\beta}{\gamma}{\gamma'}{x}{y};http://dlmf.nist.gov/16.13#E5;Fourth Appell function;0;1;6;;;
;;;;;;;;
\BesselJ{v}@{z};http://dlmf.nist.gov/10.2#E2;Bessel function first kind;1;1;1;;if v \notin \Integer: (-\infty, 0];dlmf-macro
\BesselY{v}@{z};http://dlmf.nist.gov/10.2#E3;Bessel function second kind;1;1;1;;(-\infty, 0];
\HankelHi{v}@{z};http://dlmf.nist.gov/10.2#E5;Bessel function third kind;1;1;1;;;
\HankelHii{v}@{z};http://dlmf.nist.gov/10.2#E6;Bessel function third kind;1;1;1;;;
\BesselModulusM{\nu}@{x};http://dlmf.nist.gov/10.18#E1;Modulus Bessel function;1;1;1;;;
\BesselModulusN{\nu}@{x};http://dlmf.nist.gov/10.18#E2;Modulus derivative Bessel function;1;1;1;;;
\BesselPhaseTheta{\nu}@{x};http://dlmf.nist.gov/10.18#E3;Phase of Bessel function;1;1;1;;;
\BesselPhasePhi{\nu}@{x};http://dlmf.nist.gov/10.18#E3;Phase of derivative Bessel function;1;1;1;;;
\ZeroBesselJ{\nu}{m};http://dlmf.nist.gov/10.21#SS1.p2;Zeros of Bessel function first kind;1;0;1;;;
\ZeroBesselJPrime{\nu}{m};http://dlmf.nist.gov/10.21#SS1.p2;Zeros of derivative of Bessel function first kind;1;0;1;;;
\ZeroBesselY{\nu}{m};http://dlmf.nist.gov/10.21#SS1.p2;Zeros of Bessel function second kind;1;0;1;;;
\ZeroBesselYPrime{\nu}{m};http://dlmf.nist.gov/10.21#SS1.p2;Zeros of derivative of Bessel function second kind;1;0;1;;;
\BesselJtilde{\nu}@{x};http://dlmf.nist.gov/10.24#Ex1;Bessel of imaginary order first kind;1;1;1;;;
\BesselYtilde{\nu}@{x};http://dlmf.nist.gov/10.24#Ex1;Bessel of imaginary order second kind;1;1;1;;;
\BesselI{v}@{x};http://dlmf.nist.gov/10.25#E2;Modified Bessel function first kind;1;1;1;;;
\BesselK{v}@{x};http://dlmf.nist.gov/10.25#E3;Modified Bessel function second kind;1;1;1;;;
\ModCylinder{\nu}@{z};http://dlmf.nist.gov/10.25#E3;Nontrivial linear combination of modified Bessel functions;1;1;1;;;
\BesselItilde{\nu}@{x};http://dlmf.nist.gov/10.45#E2;Modified Bessel of imaginary order first kind;1;1;1;;;
\BesselKtilde{\nu}@{x};http://dlmf.nist.gov/10.45#E2;Modified Bessel of imaginary order second kind;1;1;1;;;
\GenBesselFun@{\rho}{\beta}{z};http://dlmf.nist.gov/10.46#E1;Generalized Bessel;0;1;3;;;
\MittagLeffler{a}{b}@{z};http://dlmf.nist.gov/10.46#E3;Mittag-Leffler function;2;1;1;;;
\SphBesselJ{n}@{z};http://dlmf.nist.gov/10.47#E3;Spherical Bessel function of the first kind;1;1;1;;;
\SphBesselY{n}@{z};http://dlmf.nist.gov/10.47#E4;Spherical Bessel function of the second kind;1;1;1;;;
\SphHankelHi{n}@{z};http://dlmf.nist.gov/10.47#E5;Spherical Bessel function of the third kind;1;1;1;;;
\SphHankelHii{n}@{z};http://dlmf.nist.gov/10.47#E6;Spherical Bessel function of the third kind;1;1;1;;;
\SphBesselIi{n}@{z};http://dlmf.nist.gov/10.47#E7;Modified spherical Bessel function of the first kind;1;1;1;;;
\SphBesselIii{n}@{z};http://dlmf.nist.gov/10.47#E8;Modified spherical Bessel function of the first kind;1;1;1;;;
\SphBesselK{n}@{z};http://dlmf.nist.gov/10.47#E9;Modified spherical Bessel function of the second kind;1;1;1;;;
\BesselA{\nu}@{\Matrix{T}};http://dlmf.nist.gov/35.5#i;Bessel function with matrix argument;1;1;1;;;ignore
\BesselB{\nu}@{\Matrix{T}};http://dlmf.nist.gov/35.5#E3;Bessel function with matrix argument;1;1;1;;;ignore
\JacksonqBesselI{\nu}@{z}{q};http://drmf.wmflabs.org/wiki/Definition:JacksonqBesselI;Jackson q-Bessel function I;1;1;2;;;
\JacksonqBesselII{\nu}@{z}{q};http://drmf.wmflabs.org/wiki/Definition:JacksonqBesselII;Jackson q-Bessel function II;1;1;2;;;
\JacksonqBesselIII{\nu}@{z}{q};http://drmf.wmflabs.org/wiki/Definition:JacksonqBesselIII;Jackson q-Bessel function III;1;1;2;;;
;;;;;;;;
\BickleyKi{\alpha}@{x};http://dlmf.nist.gov/10.43#E11;Bickley function;1;1;1;;;
;;;;;;;;
\EulerBeta@{a}{b};http://dlmf.nist.gov/5.12#E1;Euler-Beta function;0;1;2;R(a) > 0 and R(b) > 0;;
\IncBeta{x}@{a}{b};http://dlmf.nist.gov/8.17#E1;Incomplete Beta function;1;1;2;;;
\IncI{x}@{a}{b};http://dlmf.nist.gov/8.17#E2;Regularized incomplete Beta function;1;1;2;;;
\mEulerBeta{m}@{a}{b};http://dlmf.nist.gov/35.3#E3;Multivariate Euler-Beta function;1;1;2;R(a), R(b) > 1/2*(m-1);;
;;;;;;;;
\CanonicInt{K}@{\Vector{x}};http://dlmf.nist.gov/36.2#E4;Canonical integral;1;1;1;;;ignore
\CanonicIntU@{\Vector{x}};http://dlmf.nist.gov/36.2#E5;Umbilic canonical integral;0;1;1;;;ignore
\CanonicIntE@{\Vector{x}};http://dlmf.nist.gov/36.2#E6;Elliptic umbilic canonical integral;0;1;1;;;ignore
\CanonicIntH@{\Vector{x}};http://dlmf.nist.gov/36.2#E8;hyperbolic umbilic canonical integral;0;1;1;;;ignore
;;;;;;;;
\CatalanNumber@{n};http://dlmf.nist.gov/26.5#E1;Catalan number;0;1;1;;;
;;;;;;;;
\CuspCat{K}@{t}{\Vector{x}};http://dlmf.nist.gov/36.2#E1;Cuspoid catastrophe;1;1;2;;;ignore
\UmbilicCatE@{s}{t}{\Vector{x}};http://dlmf.nist.gov/36.2#E2;Elliptic umbilic catastrophe;0;1;3;;;ignore
\UmbilicCatH@{s}{t}{\Vector{x}};http://dlmf.nist.gov/36.2#E3;Hyperbolic umbilic catastrophe;0;1;3;;;ignore
\DiffCat{K}@{\Vector{x}}{k};http://dlmf.nist.gov/36.2#E10;Diffraction catastrophe;1;1;2;;;ignore
\DiffCatU@{\Vector{x}}{k};http://dlmf.nist.gov/36.2#E11;Diffraction umbilic catastrophe;0;1;2;;;ignore
\DiffCatE@{\Vector{x}}{k};http://dlmf.nist.gov/36.2#E11;Diffraction elliptic umbilic catastrophe;0;1;2;;;ignore
\DiffCatH@{\Vector{x}}{k};http://dlmf.nist.gov/36.2#E11;Diffraction hyperbolic umbilic catastrophe;0;1;2;;;ignore
;;;;;;;;
\ChebyshevPsi@{x};http://dlmf.nist.gov/25.16#E1;Chebyshev Psi-function;0;1;1;;;
;;;;;;;;
\CoulombF{L}@{\eta}{\rho};http://dlmf.nist.gov/33.2#E3;Regular Coulomb function;1;1;2;;;
\Coulombf@{\epsilon}{\ell}{r};http://dlmf.nist.gov/33.14#E4;Regular Coulomb function;0;1;3;;;
\Coulombc@{\epsilon}{\ell}{r};http://dlmf.nist.gov/33.14#E9;Regular Coulomb function;0;1;3;;;
\Coulombs@{\epsilon}{\ell}{r};http://dlmf.nist.gov/33.14#E9;Regular Coulomb function;0;1;3;;;
\Coulombh@{\epsilon}{\ell}{r};http://dlmf.nist.gov/33.14#E7;Regular Coulomb function;0;1;3;;;
\CoulombG{\ell}@{\eta}{\rho};http://dlmf.nist.gov/33.2#E11;Irregular Coulomb function;1;1;2;;;
\CoulombH{\pm}{\ell}@{\eta}{\rho};http://dlmf.nist.gov/33.2#E7;Irregular Coulomb radial function;2;1;2;;;
\CoulombC{\ell}@{\eta};http://dlmf.nist.gov/33.2#E5;Normalizing constant for Coulomb radial functions;1;1;1;;;
\CoulombTheta{\ell}@{\eta}{\rho};http://dlmf.nist.gov/33.2#E9;Phase of Coulomb functions;1;1;2;;;
\CoulombSigma{\ell}@{\eta};http://dlmf.nist.gov/33.2#E10;Coulomb phase shift;1;1;1;;;
\CoulombM{\ell}@{\eta}{\rho};http://dlmf.nist.gov/33.3#E1;Envelope of Coulomb function;1;1;2;;;
\Coulombrhotp@{\eta}{\ell};http://dlmf.nist.gov/33.2#E2;Outer turning point for Coulomb radial functions;0;1;2;;;
\Coulombrtp@{\epsilon}{\ell};http://dlmf.nist.gov/33.14#E3;Outer turning point for Coulomb functions;0;1;2;;;
;;;;;;;;
\Cylinder{\nu}@{z};http://dlmf.nist.gov/10.2#Px5.p1;Cylinder function;1;1;1;;;
\ParabolicU@{a}{z};http://dlmf.nist.gov/12.4#E1;Parabolic cylinder function U;0;1;2;;;
\ParabolicUbar@{a}{x};http://dlmf.nist.gov/12.2#21;Real parabolic cylinder function U;0;1;2;;;
\ParabolicV@{a}{z};http://dlmf.nist.gov/12.4#E2;Parabolic cylinder function V;0;1;2;;;
\ParabolicW@{a}{x};http://dlmf.nist.gov/12.14.i;Parabolic cylinder function W;0;1;2;;;
\WhitD{\nu}@{z};http://dlmf.nist.gov/12.1;Whittaker's notation D for the parabolic cylinder function;1;1;1;;;
;;;;;;;;
\DawsonsInt@{z};http://dlmf.nist.gov/7.2#E5;Dawson integral;0;1;1;;;
;;;;;;;;
\DedekindModularEta@{\tau};http://dlmf.nist.gov/27.14#E12;Dedekind's eta function;0;1;1;;;
;;;;;;;;
\Diracdelta@{x-a};http://dlmf.nist.gov/1.17#E12;Dirac delta function;0;1;1;;;
\deltaDistribution;http://dlmf.nist.gov/1.17.i;Dirac delta distribution;0;0;0;;;
;;;;;;;;
\DirichletL@{s}{\chi};http://dlmf.nist.gov/25.15#E1;Dirichlet L-function;0;1;2;;;
\DirichletCharacter@@{n}{k};http://dlmf.nist.gov/27.8;Dirichlet character;0;2;2;;;
;;;;;;;;
\DiscriminantDelta@{\tau};http://dlmf.nist.gov/27.14#E16;Discriminant function;0;1;1;;;
;;;;;;;;
\NumPrimeDivNu@{n};http://dlmf.nist.gov/27.2#E1;Number of distinct primes dividing n;0;1;1;;;
\NumPrimesLessPi@{x};http://dlmf.nist.gov/27.2#E2;Number of primes not exceeding x;0;1;1;;;
\DivisorFunctionD[k]@{n};http://dlmf.nist.gov/27.2#SS1.p4;Divisor function;1;1;1;;;
\DivisorFunctionD@{n};http://dlmf.nist.gov/27.2#E9;Divisor function;0;1;1;;;
\DivisorSigma{\alpha}@{n};http://dlmf.nist.gov/27.2#E10;Sum of powers of divisors;1;1;1;;;
\DivisorSigma{1}@{n};http://dlmf.nist.gov/27.2#E10;Sum of divisors;1;1;1;;;
\JordanJ{k}@{n};http://dlmf.nist.gov/27.2#E11;Jordan's function;1;1;1;;;
\MoebiusMu@{n};http://dlmf.nist.gov/27.2#E12;M򢩵s function;0;1;1;;;
\LiouvilleLambda@{n};http://dlmf.nist.gov/27.2#E13;Liouville's function;0;1;1;;;
\MangoldtLambda@{n};http://dlmf.nist.gov/27.2#E14;Mangoldt's function;0;1;1;;;
;;;;;;;;
\EllIntcel@{k_c}{p}{a}{b};http://dlmf.nist.gov/19.2#E11;Bulirsch's complete elliptic integral;0;1;4;;;
\EllIntelone@{x}{k_c};http://dlmf.nist.gov/19.2#E15;Bulirsch's incomplete elliptic integral of first kind;0;1;2;;;
\EllInteltwo@{x}{k_c}{a}{b};http://dlmf.nist.gov/19.2#E12;Bulirsch's incomplete elliptic integral of second kind;0;1;4;;;
\EllIntelthree@{x}{k_c}{p};http://dlmf.nist.gov/19.2#E16;Bulirsch's incomplete elliptic integral of third kind;0;1;3;;;
\EllIntR{-a}@{\Vector{b}}{\Vector{z}};http://dlmf.nist.gov/19.16#E9;Multivariate hypergeometric function;1;1;2;;;ignore
\EllIntRF@@{x}{y}{z};http://dlmf.nist.gov/19.16#E1;Symmetric elliptic integral of the first kind;0;2;3;;;
\EllIntRJ@@{x}{y}{z}{p};http://dlmf.nist.gov/19.16#E2;Symmetric elliptic integral of the second kind;0;2;4;;;
\EllIntRG@@{x}{y}{z};http://dlmf.nist.gov/19.16#E3;Symmetric elliptic integral of the third kind;0;2;3;;;
\EllIntRD@@{x}{y}{z};http://dlmf.nist.gov/19.16#E5;Symmetric in only two variables;0;2;3;;;
\EllIntRC@@{x}{y};http://dlmf.nist.gov/19.2#E17;Carlson elliptic integral;0;2;2;;;
;;;;;;;;
\EulerSumH@{s};http://dlmf.nist.gov/25.16#SS2.p1;Euler sums;0;1;1;;;
\GenEulerSumH@{s}{z};http://dlmf.nist.gov/25.16#SS2.p7;Generalized Euler sums;0;1;2;;;
\EulerPhi@{x};http://dlmf.nist.gov/27.14#E2;Euler's reciprocal function;0;1;1;;;
\EulerGamma@{z};http://dlmf.nist.gov/5.2#E1;Euler's gamma function;0;1;1;;;
\EulerTotientPhi[k]@{n};http://dlmf.nist.gov/27.2#E6;Euler's totient function;1;1;1;;;
\EulerianNumber{n}{k};http://dlmf.nist.gov/26.14#SS1.p3;Eulerian number;0;0;2;;;
;;;;;;;;
\erf@@{z};http://dlmf.nist.gov/7.2#E1;Error function;0;2;1;;;dlmf-macro
\erfc@@{z};http://dlmf.nist.gov/7.2#E2;Complementary error function;0;2;1;;;dlmf-macro
\erfw@{z};http://dlmf.nist.gov/7.2#E3;Complementary error function;0;1;1;;;dlmf-macro
\inverf@@{x};http://dlmf.nist.gov/7.17#E1;Inverse error function;0;2;1;-1 < x < 1;;dlmf-macro
\inverfc@@{x};http://dlmf.nist.gov/7.17#E1;Inverse complementary error function;0;2;1;0 < x < 2;;dlmf-macro
\RepInterfc{n}@{z};http://dlmf.nist.gov/7.18#E2;Repeated / Iterated integral of complementary error function;1;1;1;;;dlmf-macro
\FishersHh{n}@{z};http://dlmf.nist.gov/7.18#E12;Probability function;1;1;1;;;dlmf-macro
;;;;;;;;
\FibonacciNumber{n};http://dlmf.nist.gov/26.11#E5;Fibonacci number;0;0;1;;;dlmf-macro
;;;;;;;;
\FresnelF@{z};http://dlmf.nist.gov/7.2#E6;Fresnel Integral;0;1;1;;;
\FresnelCos@{z};http://dlmf.nist.gov/7.2#E7;Fresnel Cosine Integral;0;1;1;;;
\FresnelSin@{z};http://dlmf.nist.gov/7.2#E8;Fresnel Sine Integral;0;1;1;;;
\Fresnelf@{z} ;http://dlmf.nist.gov/7.2#E10;Fresnel Auxiliaty Functions;0;1;1;;;
\Fresnelg@{z};http://dlmf.nist.gov/7.2#E11;Fresnel Auxiliaty Functions;0;1;1;;;
;;;;;;;;
\EulerGamma@{z};http://dlmf.nist.gov/5.2#E1;Euler Gamma function;0;1;1;;;dlmf-macro
\incgamma@{a}{z};http://dlmf.nist.gov/8.2#E1;Incomplete Gamma function (lower);0;1;2;\Re(a) > 0;;dlmf-macro
\IncGamma@{a}{z};http://dlmf.nist.gov/8.2#E2;Incomplete Gamma function (upper);0;1;2;;;dlmf-macro
\digamma@{z};http://dlmf.nist.gov/5.2#E2;Digamma / Psi function;0;1;1;z not element of {0, -1, -2, ...};;dlmf-macro
\polygamma{n}@{z};http://dlmf.nist.gov/5.15;Polygamma function;1;1;1;;;dlmf-macro
\BarnesGamma@{z};http://dlmf.nist.gov/5.17#E1;Double Gamma / Barnes Gamma;0;1;1;;;dlmf-macro
\GammaP@{a}{z};http://dlmf.nist.gov/8.2#E4;Normalized incomplete Gamma;0;1;2;;;dlmf-macro
\GammaQ@{a}{z};http://dlmf.nist.gov/8.2#E4;Normalized incomplete Gamma;0;1;2;;;dlmf-macro
\incgammastar@{a}{z};http://dlmf.nist.gov/8.2#E6;Incomplete Gamma star;0;1;2;\Re(a) > 0;;dlmf-macro
\mEulerGamma{m}@{a};http://dlmf.nist.gov/35.3#i;Multivariate Gamma;1;1;1;\Ra(a) > 1/2*(m-1);;dlmf-macro
;;;;;;;;
\AGM@{a}{g};http://dlmf.nist.gov/19.8#SS1.p1;Arithmetic geometric mean;0;1;2;;;
\GaussSum@{n}{\DirichletCharacter};http://dlmf.nist.gov/27.10#E9;Gauss sum;0;1;2;;;
;;;;;;;;
\GoodStat@{z};http://dlmf.nist.gov/7.2#E12;Goodwin-Staton integral;0;1;1;;;
;;;;;;;;
\HarmonicNumber{n};http://dlmf.nist.gov/25.11#E33;Harmonic number;0;0;1;;;
\SphericalHarmonicY{l}{m}@{\theta}{\phi};http://dlmf.nist.gov/14.30#E1;Spherical harmonics;2;1;2;;;
\SurfaceHarmonicY{l}{m}@{\theta}{\phi};http://dlmf.nist.gov/14.30#E2;Surface harmonics of the first kind;2;1;2;;;
;;;;;;;;
\HeavisideH@{x};http://dlmf.nist.gov/1.16#E13;Heaviside step function;0;1;1;;;
;;;;;;;;
\HeunLocal@@{a}{q}{\alpha}{\beta}{\gamma}{\delta}{z};http://dlmf.nist.gov/31.3#E1;Local Heun function;0;2;7;;;
\HeunFunction{m}{a}{b}@@{a}{q}{\alpha}{\beta}{\gamma}{\delta}{z};http://dlmf.nist.gov/31.4#p1;General Heun functions;3;2;7;;;
\HypergeoF@@@{a}{b}{c}{z};http://dlmf.nist.gov/15.2#E1;Hypergeometric function;0;3;4;;;
\HyperboldpFq{2}{1}@{a,b}{c}{z};http://dlmf.nist.gov/15.2#E5;Hypergeometric function;2;1;3;;;
\HyperpFq{p}{q}@@@{a_1,...,a_p}{b_1,...,b_q}{z};http://dlmf.nist.gov/16.2#E1;Generalized hypergeometric function;2;3;3;;;
\HyperpHq{p}{q}@@@{a_1,...,a_p}{b_1,...,b_q}{z};http://dlmf.nist.gov/16.4#E16;Bilateral hypergeometric function;2;3;3;;;
\HypergeoboldF@@@{a}{b}{c}{z};http://dlmf.nist.gov/15.2#E2;Olver's hypergeometric function;0;3;4;;;
"\HyperboldpFq{p}{q}@@
{\Vector{a}}{\Vector{b}}{z}";http://dlmf.nist.gov/16.2#E5;Olver's generalized hypergeometric function;2;2;3;;;ignore
\KummerM@{a}{b}{z};http://dlmf.nist.gov/13.2#E2;Kummer confluent hypergeometric functions M;0;1;3;;;
\KummerU@{a}{b}{z};http://dlmf.nist.gov/13.2#E6;Kummer confluent hypergeometric functions U;0;1;3;;;
\KummerboldM@{a}{b}{z};http://dlmf.nist.gov/13.2#E3;Olver's confluent hypergeometric functions U;0;1;3;;;
\HyperPsi@{a}{b}{\Matrix{T}};http://dlmf.nist.gov/35.6#E2;Confluent hypergeometric function of matrix argument of the second kind;0;1;3;;;ignore
\LauricellaFD@{a}{b_1,...,b_n}{c}{z_1,...,z_n};http://dlmf.nist.gov/19.15#p1;Lauricella's multivariate hypergeometric function;0;1;4;;;
\RiemannP@{\begin{Bmatrix} \alpha & \beta &\gamma & \\ a_1 & b_1 & c_1 & z \\ a_2 & b_2 & c_2 & \end{Bmatrix}};http://dlmf.nist.gov/15.11#E3;Riemann's P-symbol;0;1;1;;;ignore
;;;;;;;;
\idem@{\chi_1}{\chi_1,...,\chi_n};http://dlmf.nist.gov/17.1#p3;Idem function;0;1;2;;;
;;;;;;;;
\Jacobiphi{\alpha}{\beta}{\lambda}@{t};http://dlmf.nist.gov/15.9#E11;Jacobi function;3;1;1;;;
\AbstractJacobi{p}{q};http://dlmf.nist.gov/22.2#E10;Generic Jacobian elliptic function;0;0;2;;;function
\Jacobiam@{z}{k};http://dlmf.nist.gov/22.16#E1;Jacobi's amplitude function;0;1;2;;;
\Jacobisn@@{z}{k};http://dlmf.nist.gov/22.2#E4;Jacobian elliptic function;0;2;2;;;
\Jacobicn@@{z}{k};http://dlmf.nist.gov/22.2#E5;Jacobian elliptic function;0;2;2;;;
\Jacobidn@@{z}{k};http://dlmf.nist.gov/22.2#E6;Jacobian elliptic function;0;2;2;;;
\Jacobisd@@{z}{k};http://dlmf.nist.gov/22.2#E7;Jacobian elliptic function;0;2;2;;;
\Jacobicd@@{z}{k};http://dlmf.nist.gov/22.2#E8;Jacobian elliptic function;0;2;2;;;
\Jacobisc@@{z}{k};http://dlmf.nist.gov/22.2#E9;Jacobian elliptic function;0;2;2;;;
\Jacobins@@{z}{k};http://dlmf.nist.gov/22.2#E10;Jacobian elliptic function;0;2;2;;;
\Jacobinc@@{z}{k};http://dlmf.nist.gov/22.2#E11;Jacobian elliptic function;0;2;2;;;
\Jacobind@@{z}{k};http://dlmf.nist.gov/22.2#E12;Jacobian elliptic function;0;2;2;;;
\Jacobids@@{z}{k};http://dlmf.nist.gov/22.2#E13;Jacobian elliptic function;0;2;2;;;
\Jacobidc@@{z}{k};http://dlmf.nist.gov/22.2#E14;Jacobian elliptic function;0;2;2;;;
\Jacobics@@{z}{k};http://dlmf.nist.gov/22.2#E15;Jacobian elliptic function;0;2;2;;;
\arcJacobisn@@{z}{k};http://dlmf.nist.gov/22.15#SS1.p1;Inverse of Jacobian elliptic function;0;2;2;;;
\arcJacobicn@@{z}{k};http://dlmf.nist.gov/22.15#SS1.p1;Inverse of Jacobian elliptic function;0;2;2;;;
\arcJacobidn@@{z}{k};http://dlmf.nist.gov/22.15#SS1.p1;Inverse of Jacobian elliptic function;0;2;2;;;
\arcJacobisd@@{z}{k};http://dlmf.nist.gov/22.15#SS1.p1;Inverse of Jacobian elliptic function;0;2;2;;;
\arcJacobicd@@{z}{k};http://dlmf.nist.gov/22.15#SS1.p1;Inverse of Jacobian elliptic function;0;2;2;;;
\arcJacobisc@@{z}{k};http://dlmf.nist.gov/22.15#SS1.p1;Inverse of Jacobian elliptic function;0;2;2;;;
\arcJacobins@@{z}{k};http://dlmf.nist.gov/22.15#SS1.p1;Inverse of Jacobian elliptic function;0;2;2;;;
\arcJacobinc@@{z}{k};http://dlmf.nist.gov/22.15#SS1.p1;Inverse of Jacobian elliptic function;0;2;2;;;
\arcJacobind@@{z}{k};http://dlmf.nist.gov/22.15#SS1.p1;Inverse of Jacobian elliptic function;0;2;2;;;
\arcJacobids@@{z}{k};http://dlmf.nist.gov/22.15#SS1.p1;Inverse of Jacobian elliptic function;0;2;2;;;
\arcJacobidc@@{z}{k};http://dlmf.nist.gov/22.15#SS1.p1;Inverse of Jacobian elliptic function;0;2;2;;;
\arcJacobics@@{z}{k};http://dlmf.nist.gov/22.15#SS1.p1;Inverse of Jacobian elliptic function;0;2;2;;;
\JacobiEpsilon@{x}{k};http://dlmf.nist.gov/22.16#E14;Jacobi's epsilon function;0;1;2;;;
\JacobiTheta{j}@{z}{q};http://dlmf.nist.gov/20.2#i;Jacobi's theta function;1;1;2;;;
\JacobiThetaTau{j}@{z}{\tau};http://dlmf.nist.gov/20.2#i;Jacobi's theta-tau function;1;1;2;Im(tau) > 0 and 0 < |exp(I*Pi*tau)| < 1;;
\JacobiThetaCombined{n}{m}@{z}{q};http://dlmf.nist.gov/20.11#SS5.p2;Combined theta function;2;1;2;;;
\AThetaFunction@{x};http://dlmf.nist.gov/27.13.E4;Jacobi theta function alternative;0;1;1;;;
\JacobiZeta@{x}{k};http://dlmf.nist.gov/22.16#E32;Jacobi zeta function;0;1;2;;;
\JacobiSymbol{n}{P};http://dlmf.nist.gov/27.9#p3;Jacobi symbol;0;0;2;;;
;;;;;;;;
\Kelvinber{\nu}@@{x};http://dlmf.nist.gov/10.61#E1;Kelvin Function BER;1;2;1;;;
\Kelvinbei{\nu}@@{x};http://dlmf.nist.gov/10.61#E1;Kelvin Function BEI;1;2;1;;;
\Kelvinker{\nu}@@{x};http://dlmf.nist.gov/10.61#E2;Kelvin Function KER;1;2;1;;;
\Kelvinkei{\nu}@@{x};http://dlmf.nist.gov/10.61#E2;Kelvin Function KEI;1;2;1;;;
\LameEc{m}{\nu}@{z}{k^2};http://dlmf.nist.gov/29.3#SS4.p1;Lame function;2;1;2;;;
\LameEs{m}{\nu}@{z}{k^2};http://dlmf.nist.gov/29.3#SS4.p1;Lame function;2;1;2;;;
\Lamea{n}{\nu}@{k^2};http://dlmf.nist.gov/29.3#SS1.p1;Eigenvalues of Lame's equation;2;1;1;;;
\Lameb{n}{\nu}@{k^2};http://dlmf.nist.gov/29.3#SS1.p1;Eigenvalues of Lame's equation;2;1;1;;;
;;;;;;;;
\FerrersP{\nu}@{x};http://dlmf.nist.gov/14.2#i;Ferrers function of first kind;1;1;1;-1 < x < 1, \mu, \nu \in \Real;;dlmf-macro
X1:\FerrersPX\FerrersP[\mu]{\nu}@{x};http://dlmf.nist.gov/14.3#E1;Ferrers function of first kind;1;1;1;-1 < x < 1, \mu, \nu \in \Real;;dlmf-macro
\FerrersQ{\nu}@{x};http://dlmf.nist.gov/14.2#i;Ferrers function of second kind;1;1;1;-1 < x < 1, \mu, \nu \in \Real;;dlmf-macro
X1:\FerrersQX\FerrersQ[\mu]{\nu}@{x};http://dlmf.nist.gov/14.3#E2;Ferrers function of second kind;1;1;1;-1 < x < 1, \mu, \nu \in \Real;;dlmf-macro
\LegendreP{\nu}@{z};http://dlmf.nist.gov/14.2#i;Associated Legendre function of first kind;1;1;1;;(-\infty, 1];dlmf-macro
X1:\LegendrePX\LegendreP[\mu]{\nu}@{z};http://dlmf.nist.gov/14.3#E5;Associated Legendre function of first kind;1;1;1;;(-\infty, 1];dlmf-macro
\LegendreQ{\nu}@{z};http://dlmf.nist.gov/14.2#i;Associated Legendre function of second kind;1;1;1;;(-\infty, 1];dlmf-macro
X1:\LegendreQX\LegendreQ[\mu]{\nu}@{z};http://dlmf.nist.gov/14.3#E7;Associated Legendre function of second kind;1;1;1;;(-\infty, 1];dlmf-macro
\LegendreBlackQ{\nu}@{z};http://dlmf.nist.gov/14.2#i;Olver's associated Legendre function;1;1;1;;;dlmf-macro
X1:\LegendreBlackQX\LegendreBlackQ[\mu]{\nu}@{z};http://dlmf.nist.gov/14.3#E10;Olver's associated Legendre function;1;1;1;;;dlmf-macro
\FerrersHatQ{\tau}@{x};http://dlmf.nist.gov/14.20#E2;Conical / Mehler function;1;1;1;;;dlmf-macro
X1:\FerrersHatQX\FerrersHatQ[\mu]{\tau}@{x};http://dlmf.nist.gov/14.20#E2;Conical / Mehler function;1;1;1;;;dlmf-macro
;;;;;;;;
\EllIntF@{\phi}{k};http://dlmf.nist.gov/19.2#E4;Legendre's incomplete elliptic integral of the first kind;0;1;2;;;
\EllIntE@{\phi}{k};http://dlmf.nist.gov/19.2#E5;Legendre's incomplete elliptic integral of the second kind;0;1;2;;;
\EllIntPi@{\phi}{\alpha^2}{k};http://dlmf.nist.gov/19.2#E7;Legendre's incomplete elliptic integral of the third kind;0;1;3;;;
\EllIntD@{\phi}{k};http://dlmf.nist.gov/19.2#E6;Incomplete elliptic integral of Legendre's type;0;1;2;;;
\CompEllIntK@{k};http://dlmf.nist.gov/19.2#E8;Legendre's complete elliptic integral of the first kind;0;1;1;;;
\CompEllIntE@{k};http://dlmf.nist.gov/19.2#E8;Legendre's complete elliptic integral of the second kind;0;1;1;;;
\CompEllIntPi@{\alpha^2}{k};http://dlmf.nist.gov/19.2#E8;Legendre's complete elliptic integral of the third kind;0;1;2;;;
\CompEllIntD@{k};http://dlmf.nist.gov/19.2#E8;Complete elliptic integral of Legendre's type;0;1;1;;;
\CompEllIntCK@{k};http://dlmf.nist.gov/19.2#E9;Legendre's complementary complete elliptic integral of the first kind;0;1;1;;;
\CompEllIntCE@{k};http://dlmf.nist.gov/19.2#E9;Legendre's complementary complete elliptic integral of the second kind;0;1;1;;;
;;;;;;;;
\LerchPhi@{z}{s}{a};http://dlmf.nist.gov/25.14#E1;Lerch Phi function;0;1;3;;;
;;;;;;;;
\Lommels{\mu}{\nu}@{z};http://dlmf.nist.gov/11.9#E3;Lommel s;2;1;1;;;
\LommelS{\mu}{\nu}@{z};http://dlmf.nist.gov/11.9#E5;Lommel S;2;1;1;;;
;;;;;;;;
\MathieuEigenvaluea{n}@@{q};http://dlmf.nist.gov/28.2#SS5.p1;Mathieu eigenvalues;1;2;1;;;
\MathieuEigenvalueb{n}@@{q};http://dlmf.nist.gov/28.2#SS5.p1;Mathieu eigenvalues;1;2;1;;;
\MathieuEigenvaluelambda{m}@@{q};http://dlmf.nist.gov/28.12#E3;Mathieu eigenvalues;1;2;1;;;
\Mathieuce{n}@@{z}{q};http://dlmf.nist.gov/28.2#SS6.p1;Mathieu eigenvalue function;1;2;2;;;
\Mathieuse{n}@@{z}{q};http://dlmf.nist.gov/28.2#SS6.p1;Mathieu eigenvalue function;1;2;2;;;
\Mathieume{n}@@{z}{q};;Mathieu eigenvalue function;1;2;2;;;
\MathieuCe{\nu}@@{z}{q};http://dlmf.nist.gov/28.20#E3;Modified Mathieu function;1;2;2;;;
\MathieuSe{\nu}@@{z}{q};http://dlmf.nist.gov/28.20#E4;Modified Mathieu function;1;2;2;;;
\MathieuMe{\nu}@@{z}{q};http://dlmf.nist.gov/28.20#E5;Modified Mathieu function;1;2;2;;;
\MathieuFe{n}@@{z}{q};http://dlmf.nist.gov/28.20#E6;Modified Mathieu function;1;2;2;;;
\MathieuGe{n}@@{z}{q};http://dlmf.nist.gov/28.20#E7;Modified Mathieu function;1;2;2;;;
\MathieuM{j}{\nu}@@{z}{h};http://dlmf.nist.gov/28.20#SS3.p1;Modified Mathieu function;2;2;2;;;
\MathieuIe{n}@@{z}{h};http://dlmf.nist.gov/28.20#E17;Modified Mathieu function;1;2;2;;;
\MathieuIo{n}@@{z}{h};http://dlmf.nist.gov/28.20#E18;Modified Mathieu function;1;2;2;;;
\MathieuKe{n}@@{z}{h};http://dlmf.nist.gov/28.20#E19;Modified Mathieu function;1;2;2;;;
\MathieuKo{n}@@{z}{h};http://dlmf.nist.gov/28.20#E20;Modified Mathieu function;1;2;2;;;
\MathieuMc{j}{n}@@{z}{h};http://dlmf.nist.gov/28.20#E15;Radial Mathieu function;2;2;2;;;
\MathieuMs{j}{n}@@{z}{h};http://dlmf.nist.gov/28.20#E16;Radial Mathieu function;2;2;2;;;
\Mathieufe{n}@@{z}{q};http://dlmf.nist.gov/28.5#E1;Second solutions of Mathieu function;1;2;2;;;
\Mathieuge{n}@@{z}{q};http://dlmf.nist.gov/28.5#E2;Second solutions of Mathieu function;1;2;2;;;
\MathieuD{j}@{\nu}{\mu}{z};http://dlmf.nist.gov/28.28#E24;Cross-products of Mathieu function;1;1;3;;;
\MathieuDs{j}@{n}{m}{z};http://dlmf.nist.gov/28.28#E35;Cross-products of Mathieu function;1;1;3;;;
\MathieuDc{j}@{n}{m}{z};http://dlmf.nist.gov/28.28#E39;Cross-products of Mathieu function;1;1;3;;;
\MathieuDsc{j}@{n}{m}{z};http://dlmf.nist.gov/28.28#E40;Cross-products of Mathieu function;1;1;3;;;
\MathieuFc{m}@{z}{h};http://dlmf.nist.gov/28.26#E1;Cross-products of Mathieu function;1;1;2;;;
\MathieuFs{m}@{z}{h};http://dlmf.nist.gov/28.26#E2;Cross-products of Mathieu function;1;1;2;;;
\MathieuGc{m}@{z}{h};http://dlmf.nist.gov/28.26#E1;Cross-products of Mathieu function;1;1;2;;;
\MathieuGs{m}@{z}{h};http://dlmf.nist.gov/28.26#E2;Cross-products of Mathieu function;1;1;2;;;
\MeijerG{m}{n}{p}{q}@@@{z}{\Vector{a}}{\Vector{b}};http://dlmf.nist.gov/16.17#E1;Meijer-G function;4;3;3;;;ignore
;;;;;;;;
\Mills@{x};http://dlmf.nist.gov/7.8#E1;Mills' Ratio;0;1;1;;;
;;;;;;;;
\ModularLambda@{\tau};http://dlmf.nist.gov/23.15#E6;Elliptic modular function;0;1;1;;;
\ModularJ@{\tau};http://dlmf.nist.gov/23.15#E7;Klein's complete invariant;0;1;1;;;
\DedekindModularEta@{\tau};http://dlmf.nist.gov/23.15#E9;Dedikind's Eta function;0;1;1;;;
;;;;;;;;
\Pade{p}{q}{f};http://dlmf.nist.gov/3.11#SS4.p1;Pade approximation;0;0;3;;;
;;;;;;;;
\RamanujanSum{k}@{n};http://dlmf.nist.gov/27.10#E4;Ramanujan's sum;1;1;1;;;
\RamanujanTau@{n};http://dlmf.nist.gov/27.14#E18;Ramanujan's Tau function;0;1;1;;;
;;;;;;;;
\RayleighFun{n}@{\nu};http://dlmf.nist.gov/10.21#E55;Rayleigh function;1;1;1;;;
;;;;;;;;
\RiemannTheta@{\Vector{z}}{\Matrix{\Omega}};http://dlmf.nist.gov/21.2#E1;Riemann theta function;0;1;2;;;ignore
\RiemannThetaChar{\Vector{\alpha}}{\Vector{\beta}}@{\Vector{z}}{\Matrix{\Omega}};http://dlmf.nist.gov/21.2#E5;Riemann theta function with characteristics;2;1;2;;;ignore
\RiemannThetaHat@{\Vector{z}}{\Matrix{\Omega}};http://dlmf.nist.gov/21.2#E2;Scaled Riemann theta function;0;1;2;;;ignore
\RiemannXi@{s};http://dlmf.nist.gov/25.4#E4;Riemann's xi-function;0;1;1;;;
\RiemannZeta@{s};http://dlmf.nist.gov/25.2#E1;Riemann zeta function;0;1;1;;;
;;;;;;;;
\ScorerGi@{z};http://dlmf.nist.gov/9.12#i;Scorer function Gi;0;1;1;;;
\ScorerHi@{z};http://dlmf.nist.gov/9.12#i;Scorer function Hi;0;1;1;;;
;;;;;;;;
\SpheroidalEigenvalueLambda{m}{n}@{\gamma^2};http://dlmf.nist.gov/30.3#SS1.p1;Eigenvalues of the spheroidal differential equation;2;1;1;;;
\SpheroidalOnCutPs{m}{n}@{x}{\gamma^2};http://dlmf.nist.gov/30.4#i;Spheroidal wave function of the first kind;2;1;2;;;
\SpheroidalOnCutQs{m}{n}@{x}{\gamma^2};http://dlmf.nist.gov/30.5;Spheroidal wave function of the second kind;2;1;2;;;
\SpheroidalPs{m}{n}@{z}{\gamma^2};http://dlmf.nist.gov/30.6#p1;Spheroidal wave function of the first kind complex argument;2;1;2;;;
\SpheroidalQs{m}{n}@{z}{\gamma^2};http://dlmf.nist.gov/30.6#p1;Spheroidal wave function of the second kind complex argument;2;1;2;;;
\SpheroidalRadialS{m}{j}{n}@{z}{\gamma};http://dlmf.nist.gov/30.11#E3;Radial spheroidal wave function;3;1;2;;;
;;;;;;;;
\StirlingS@{n}{k};http://dlmf.nist.gov/26.8#SS1.p1;Stirling number of the first kind;0;1;2;;;
\StirlingSS@{n}{k};http://dlmf.nist.gov/26.8#SS1.p3;Stirling number of the second kind;0;1;2;;;
;;;;;;;;
\StruveH{\nu}@{z};http://dlmf.nist.gov/11.2#E1;Struve function;1;1;1;;;
\StruveK{\nu}@{z};http://dlmf.nist.gov/11.2#E5;Associated Struve funtion;1;1;1;;;
\StruveL{\nu}@{z};http://dlmf.nist.gov/11.2#E2;Modified Struve function;1;1;1;;;
\StruveM{\nu}@{z};http://dlmf.nist.gov/11.2#E6;Associated Modified Struve function;1;1;1;;;
;;;;;;;;
\LegendreSymbol{n}{p};http://dlmf.nist.gov/27.9;Legendre symbol;0;0;2;;;
\Kronecker{j}{k};http://dlmf.nist.gov/front/introduction#Sx4.p1.t1.r4;Kronecker delta;0;0;2;;;
\NeumannFactor{n};http://drmf.wmflabs.org/wiki/Definition:NeumannFactor;Neumann factor;0;0;1;;;
\LeviCivita{j}{k}{l};http://dlmf.nist.gov/1.6#E14;Levi-Civita symbol;0;0;3;;;
\RiemannP@{\begin{Bmatrix} \alpha & \beta &\gamma & \\ a_1 & b_1 & c_1 & z \\ a_2 & b_2 & c_2 & \end{Bmatrix}};http://dlmf.nist.gov/15.11#E3;Riemann's P-symbol;0;1;1;;;ignore
\pochhammer{a}{n};http://dlmf.nist.gov/5.2#iii;Pochhammer symbol;0;0;2;;;
\threej@@{j_1}{j_2}{j_3}{m_1}{m_2}{m_3};http://dlmf.nist.gov/34.2#E4;3j symbol;0;2;6;;;
\sixj@@{j_{1}}{j_{2}}{j_{3}}{l_{1}}{l_{2}}{l_{3}};http://dlmf.nist.gov/34.4#E1;6j symbol;0;2;6;;;
\ninej@@{j_{11}}{j_{12}}{j_{13}}{j_{21}}{j_{22}}{j_{23}}{j_{31}}{j_{32}}{j_{33}};http://dlmf.nist.gov/34.6#E1;9j symbol;0;2;9;;;
\wigner{j_1}{m_1}{j_2}{m_2}{j_3}{-m_3};http://dlmf.nist.gov/34.1#p4;Clebsch-Gordan coefficient;0;0;6;;;
;;;;;;;;
\terminant{p}@{z};http://dlmf.nist.gov/2.11#E11;Terminant function;1;1;1;;;
\rescaledTerminant{p}@{z};http://dlmf.nist.gov/9.7#E22;Rescaled terminant function;1;1;1;;;
;;;;;;;;
\FourierTrans@@{f}{s};http://dlmf.nist.gov/1.14#E1;Fourier transformation;0;2;2;;;ignore
\LaplaceTrans@{f}{s};http://dlmf.nist.gov/1.14#E17;Laplace transformation;0;1;2;;;ignore
\MellinTrans@{f}{s};http://dlmf.nist.gov/1.14#E32;Mellin transformation;0;1;2;;;ignore
\HilbertTrans@{f}{s};http://dlmf.nist.gov/1.14#SS5.p1;Hilbert transformation;0;1;2;;;ignore
\StieltjesTrans@{f}{s};http://dlmf.nist.gov/1.14#E47;Stieltjes transformation;0;1;2;;;ignore
;;;;;;;;
\VariationalOp[a,b]@{f};http://dlmf.nist.gov/1.4#E33;Total variation;1;1;1;;;ignore
;;;;;;;;
\gradient f;http://dlmf.nist.gov/1.6#E20;Gradiant of differentiable scalar function;0;0;1;;;ignore
\divergence F;http://dlmf.nist.gov/1.6#E21;Divergence of a differentiable vector-valued function;0;0;1;;;ignore
\curl F;http://dlmf.nist.gov/1.6#E22;Curl of vector-valued function;0;0;1;;;ignore
\VoigtU@{x}{t};http://dlmf.nist.gov/7.19#E1;Voigt function U;0;1;2;;;
\VoigtV@{x}{t};http://dlmf.nist.gov/7.19#E2;Voigt function V;0;1;2;;;
\LinBrF@{a}{u};http://dlmf.nist.gov/7.19#E4;Line broadening function;0;1;2;;;
\Waringg@{k};http://dlmf.nist.gov/27.13#SS3.p1;Waring's function g;0;1;1;;;
\WaringG@{k};http://dlmf.nist.gov/27.13#SS3.p1;Waring's function G;0;1;1;;;
\NumSquaresR{k}@{n};http://dlmf.nist.gov/27.13#SS4.p1;Number of squares;1;1;1;;;
\WeierPInv@@{z}{g_2}{g_3};http://dlmf.nist.gov/23.3#E8;Weierstrass elliptic function;0;2;3;;;
\WeierPLat@@{z}{\Lattice{L}};http://dlmf.nist.gov/23.2#E4;Weierstrass elliptic function on lattice;0;2;2;;;
\WeierzetaInv@@{z}{g_2}{g_3};http://dlmf.nist.gov/23.1E5;Weierstrass zeta function;0;2;3;;;
\WeierzetaLat@@{z}{\Lattice{L}};http://dlmf.nist.gov/23.1E5;Weierstrass zeta function on lattice;0;2;2;;;
\WeiersigmaInv@@{z}{g_2}{g_3};http://dlmf.nist.gov/23.1E6;Weierstrass sigma function;0;2;3;;;
\WeiersigmaLat@@{z}{\Lattice{L}};http://dlmf.nist.gov/23.1E6;Weierstrass sigma function on lattice;0;2;2;;;
\WhitM{\kappa}{\mu}@{z};http://dlmf.nist.gov/13.14#E2;Whittaker confluent hypergeometric function;2;1;1;;;
\WhitW{\kappa}{\mu}@{z};http://dlmf.nist.gov/13.14#E3;Whittaker confluent hypergeometric function;2;1;1;;;
\RiemannZeta@{s};http://dlmf.nist.gov/25.2#E1;Riemann zeta function;0;1;1;;;
\HurwitzZeta@{s}{a};http://dlmf.nist.gov/25.11#E1;Hurwitz zeta function;0;1;2;;;
\WeierzetaInv@@{z}{g_2}{g_3};http://dlmf.nist.gov/23.1E5;Weierstrass zeta function;0;2;3;;;
\WeierzetaLat@@{z}{\Lattice{L}};http://dlmf.nist.gov/23.1E5;Weierstrass zeta function on lattice;0;2;2;;;
\JacobiZeta@{x}{k};http://dlmf.nist.gov/22.16#E32;Jacobi zeta function;0;1;2;;;
\PeriodicZeta@{x}{s};http://dlmf.nist.gov/25.13#E1;Periodic zeta function;0;1;2;;;
;;;;;;;;
\AlSalamChiharaQ{n}@{x}{a}{b}{q};http://dlmf.nist.gov/18.28#E7;Al-Salam-Chihara polynomial;1;1;4;;;
\AlSalamChihara{n}@@{x}{a}{b}{q};http://drmf.wmflabs.org/wiki/Definition:AlSalamChihara;Al-Salam-Chihara polynomial;1;2;4;;;
\qinvAlSalamChihara{n}@{x}{a}{b}{q^{-1}};http://dlmf.nist.gov/18.28#E9;q-Invert-Al-Salam-Chihara polynomial;1;1;4;;;
\AlSalamCarlitzI{a}{n}@{x}{q};http://drmf.wmflabs.org/wiki/Definition:AlSalamCarlitzI;Al-Salam-Charlitz I polynomial;2;1;2;;;
\AlSalamCarlitzII{a}{n}@{x}{q};http://drmf.wmflabs.org/wiki/Definition:AlSalamCarlitzII;Al-Salam-Charlitz II polynomial;2;1;2;;;
\AlSalamIsmail{n}@{x}{s}{q};http://drmf.wmflabs.org/wiki/Definition:AlSalamIsmail;Al-Salam Ismail;1;1;3;;;
\AskeyWilson{n}@{x}{a}{b}{c}{d}{q};http://dlmf.nist.gov/18.28#E1;Askey-Wilson polynomial;1;1;6;;;
\AskeyWilsonp{n}@{x}{a}{b}{c}{d}{q};http://dlmf.nist.gov/18.28#E1;Askey-Wilson polynomial;1;1;6;;;
\BernoulliB{n}@{x};http://dlmf.nist.gov/24.2#i;Bernoulli polynomial;1;1;1;;;
\GenBernoulliB{\ell}{n}@{x};http://dlmf.nist.gov/24.16#P1.p1;Generalized Bernoulli polynomial;2;1;1;;;
\PeriodicBernoulliB{n}@{x};http://dlmf.nist.gov/24.2#iii;Periodic Bernoulli polynomial;1;1;1;;;
\qBernoulli{n}@{x}{q};http://dlmf.nist.gov/17.3#E7;q-Bernoulli polynomial;1;1;2;;;
;;;;;;;;
\BellNumber@{n};http://dlmf.nist.gov/26.7#i;Bell number;0;1;1;;;
\BesselPoly{n}@{x}{a};http://dlmf.nist.gov/18.34#E1;Bessel polynomial;1;1;2;;;
\BesselPolyy{n}@{x}{a};http://dlmf.nist.gov/18.34#E1;Bessel polynomial;1;1;2;;;
\BesselPolyIIparam{n}@{x}{a}{b};http://drmf.wmflabs.org/wiki/Definition:BesselPolyIIparam;Bessel polynomial with two parameters;1;1;3;;;
\BesselPolyTheta{n}@{x}{a}{b};http://drmf.wmflabs.org/wiki/Definition:BesselPolyTheta;Bessel Theta polynomial with two parameters;1;1;3;;;
;;;;;;;;
\Charlier{n}@{x}{a};http://dlmf.nist.gov/18.19#T1.t1.r5;Charlier polynomial;1;1;2;;;
\CharlierC{n}@{x}{a};http://dlmf.nist.gov/18.19#T1.t1.r5;Charlier polynomial;1;1;2;;;
;;;;;;;;
\ChebyT{n}@{x};http://dlmf.nist.gov/18.3#T1.t1.r4;Chebyshev polynomial first kind;1;1;1;;;
\ChebyU{n}@{x};http://dlmf.nist.gov/18.3#T1.t1.r5;Chebyshev polynomial second kind;1;1;1;;;
\ChebyV{n}@{x};http://dlmf.nist.gov/18.3#T1.t1.r6;Chebyshev polynomial third kind;1;1;1;;;
\ChebyW{n}@{x};http://dlmf.nist.gov/18.3#T1.t1.r7;Chebyshev polynomial fourth kind;1;1;1;;;
\ChebyTs{n}@{x};http://dlmf.nist.gov/18.3#T1.t1.r8;Shifted Chebyshev polynomial first kind;1;1;1;;;
\ChebyUs{n}@{x};http://dlmf.nist.gov/18.3#T1.t1.r9;Shifted Chebyshev polynomial second kind;1;1;1;;;
\ChebyC{n}@{x};http://dlmf.nist.gov/18.1#E3;Dilated Chebyshev polynomial first kind;1;1;1;;;
\ChebyS{n}@{x};http://dlmf.nist.gov/18.1#E3;Dilated Chebyshev polynomial second kind;1;1;1;;;
\CiglerqChebyT{n}@{x}{s}{q};http://drmf.wmflabs.org/wiki/Definition:CiglerqChebyT;Cigler q-Chebyshev polynomials;1;1;3;;;
\CiglerqChebyU{n}@{x}{s}{q};http://drmf.wmflabs.org/wiki/Definition:CiglerqChebyU;Cigler q-Chebyshev polynomials;1;1;3;;;
\monicChebyT{n}@@{x};http://drmf.wmflabs.org/wiki/Definition:monicChebyT;Monic Chebyshev polynomials;1;1;1;;;
\monicChebyU{n}@@{x};http://drmf.wmflabs.org/wiki/Definition:monicChebyU;Monic Chebyshev polynomials;1;1;1;;;
;;;;;;;;
\DiskOP{\alpha}{m}{n}@{z};http://dlmf.nist.gov/18.37#E1;Disk polynomial;3;1;1;;;
\EulerE{n}@{x};http://dlmf.nist.gov/24.2#ii;Euler polynomial;1;1;1;;;
\GenEulerE{\ell}{n}@{x};http://dlmf.nist.gov/24.16#P1.p1;Generalized Euler polynomial;2;1;1;;;
\PeriodicEulerE{n}@{x};http://dlmf.nist.gov/24.2#iii;Periodic Euler polynomial;1;1;1;;;
\Ultra{\lambda}{n}@{x};http://dlmf.nist.gov/18.3#T1.t1.r3;Ultraspherical Gegenbauer polynomial;2;1;1;;;
\Ultraspherical{\lambda}{n}@{x};http://dlmf.nist.gov/18.3#T1.t1.r3;Ultraspherical Gegenbauer polynomial;2;1;1;;;
\GenGegenbauerS{\alpha}{\beta}{n}@{x};http://gw113.iu.xsede.org/wiki/index.php/Definition:GenGegenbauerS;Generalized Gegenbauer polynomial;3;1;1;;;
\Hahn{n}@{x}{\alpha}{\beta}{N};http://dlmf.nist.gov/18.19#T1.t1.r2;Hahn polynomial;1;1;4;;;
\HahnQ{n}@{x}{\alpha}{\beta}{N};http://dlmf.nist.gov/18.19#T1.t1.r2;Hahn polynomial;1;1;4;;;
\HahnR{n}@{x}{\gamma}{\delta}{N};http://dlmf.nist.gov/18.25#T1.t1.r5;Dual Hahn polynomial;1;1;4;;;
\dualHahn{n}@@{\lambda(x)}{\gamma}{\delta}{N};http://dlmf.nist.gov/18.25#T1.t1.r5;Dual Hahn polynomial;1;2;4;;;
\HahnS{n}@{x}{a}{b}{c};http://dlmf.nist.gov/18.25#T1.t1.r3;Continuous dual Hahn polynomial;1;1;4;;;
\Hahnp{n}@{x}{a}{b}{\conj{a}}{\conj{b}};http://dlmf.nist.gov/18.19#P2.p1;Continuous Hahn polynomial;1;1;5;;;
\Hermite{n}@{x};http://dlmf.nist.gov/18.3#T1.t1.r13;Hermite polynomial;1;1;1;;;
\HermiteH{n}@{x};http://dlmf.nist.gov/18.3#T1.t1.r13;Hermite polynomial;1;1;1;;;
\HermiteHe{n}@{x};http://dlmf.nist.gov/18.3#T1.t1.r14;Hermite polynomial He;1;1;1;;;
\GenHermite[\alpha]{n}@{x};http://drmf.wmflabs.org/wiki/Definition:GenHermite;Generalized Hermite polynomial;2;1;1;;;
\HeunPolynom{n}{m}@@{a}{q}{-n}{\beta}{\gamma}{\delta}{z};http://dlmf.nist.gov/31.5#E2;Heun polynomials;2;2;7;;;
\Jacobi{\alpha}{\beta}{n}@{x};http://dlmf.nist.gov/18.3#T1.t1.r2;Jacobi polynomial;3;1;1;;;
\JacobiP{\alpha}{\beta}{n}@{x};http://dlmf.nist.gov/18.3#T1.t1.r2;Jacobi polynomial;3;1;1;;;
\JacobiG{n}@{p}{q}{x};http://dlmf.nist.gov/18.1#E2;Shifted Jacobi polynomial;1;1;3;;;
\AssJacobiP{\alpha}{\beta}{n}@{x}{c};http://dlmf.nist.gov/18.30#E4;Associated Jacobi polynomial;3;1;2;;;
\pseudoJacobi{n}@{x}{\nu}{N};http://drmf.wmflabs.org/wiki/Definition:pseudoJacobi;Pseudo Jacobi polynomial;1;1;3;;;
\TriangleOP{\alpha}{\beta}{\gamma}{m}{n}@{x}{y};http://dlmf.nist.gov/18.37#E7;Triangle polynomial;5;1;2;;;
;;;;;;;;
\Krawtchouk{n}@{x}{p}{N};http://dlmf.nist.gov/18.19#T1.t1.r3;Krawtchouk polynomial;1;1;3;;;
\KrawtchoukK{n}@{x}{p}{N};http://dlmf.nist.gov/18.19#T1.t1.r3;Krawtchouk polynomial;1;1;3;;;
\Laguerre[\alpha]{n}@{x};http://dlmf.nist.gov/18.3#T1.t1.r12;Laguerre polynomial;2;1;1;;;
\LaguerreL[\alpha]{n}@{x};http://dlmf.nist.gov/18.3#T1.t1.r12;Laguerre polynomial;2;1;1;;;
\GottliebLaguerre{n}@{x};http://drmf.wmflabs.org/wiki/Definition:GottliebLaguerre;Gottlieb-Laguerre polynomial;1;1;1;;;
\LameuE{m}{2n}@{z}{k^2};http://dlmf.nist.gov/29.12#E1;Lame polynomial;2;1;2;;;
\LamesE{m}{2n+1}@{z}{k^2};http://dlmf.nist.gov/29.12#E2;Lame polynomial;2;1;2;;;
\LamecE{m}{2n+1}@{z}{k^2};http://dlmf.nist.gov/29.12#E3;Lame polynomial;2;1;2;;;
\LamedE{m}{2n+1}@{z}{k^2};http://dlmf.nist.gov/29.12#E4;Lame polynomial;2;1;2;;;
\LamescE{m}{2n+2}@{z}{k^2};http://dlmf.nist.gov/29.12#E5;Lame polynomial;2;1;2;;;
\LamesdE{m}{2n+2}@{z}{k^2};http://dlmf.nist.gov/29.12#E6;Lame polynomial;2;1;2;;;
\LamecdE{m}{2n+2}@{z}{k^2};http://dlmf.nist.gov/29.12#E7;Lame polynomial;2;1;2;;;
\LamescdE{m}{2n+3}@{z}{k^2};http://dlmf.nist.gov/29.12#E8;Lame polynomial;2;1;2;;;
\LegendrePoly{n}@{x};http://dlmf.nist.gov/18.3#T1.t1.r10;Legendre polynomial;1;1;1;;;
\LegendrePolys{n}@{x};http://dlmf.nist.gov/18.3#T1.t1.r11;Shifted Legendre polynomial;1;1;1;;;
\AssLegendrePoly{n}@{x}{c};http://dlmf.nist.gov/18.30#E6;Associated Legendre polynomial;1;1;2;;;
\Meixner{n}@{x}{\beta}{c};http://dlmf.nist.gov/18.19#T1.t1.r9;Meixner polynomial;1;1;3;;;
\MeixnerM{n}@{x}{\beta}{c};http://dlmf.nist.gov/18.19#T1.t1.r9;Meixner polynomial;1;1;3;;;
\MeixnerPollaczek{\lambda}{n}@{x}{\phi};http://dlmf.nist.gov/18.19#P3.p1;Meixner-Pollaczek polynomial;2;1;2;;;
\MeixnerPollaczekP{\lambda}{n}@{x}{\phi};http://dlmf.nist.gov/18.19#P3.p1;Meixner-Pollaczek polynomial;2;1;2;;;
\NeumannPoly{n}@{x};http://dlmf.nist.gov/10.23#E12;Neumann's polynomial;1;1;1;;;
\PollaczekP{\lambda}{n}@{x}{a}{b};http://dlmf.nist.gov/18.35#E4;Pollaczek polynomial;1;1;3;;;
\Racah{n}@{x}{\alpha}{\beta}{\gamma}{\delta};http://dlmf.nist.gov/18.25#T1.t1.r4;Racah polynomial;1;1;5;;;
\RacahR{n}@{x}{\alpha}{\beta}{\gamma}{\delta};http://dlmf.nist.gov/18.25#T1.t1.r4;Racah polynomial;1;1;5;;;
\StieltjesWigert{n}@@{x}{q};http://drmf.wmflabs.org/wiki/Definition:StieltjesWigert;Stieltjes-Wigert polynomial;1;2;2;;;
\StieltjesWigertS{n}@{x}{q};http://dlmf.nist.gov/18.27#E18;Stieltjes-Wigert polynomial;1;1;2;;;
;;;;;;;;
\Wilson{n}@{x}{a}{b}{c}{d};http://dlmf.nist.gov/18.25#T1.t1.r2;Wilson polynomial;1;1;5;;;
\WilsonW{n}@{x}{a}{b}{c}{d};http://dlmf.nist.gov/18.25#T1.t1.r2;Wilson polynomial;1;1;5;;;
;;;;;;;;
\ZonalPoly{\kappa}@{\Matrix{T}};http://dlmf.nist.gov/35.4#SS1.p3;Zonal polynomial;1;1;1;;;ignore
;;;;;;;;
\qSin{q}@@{x};http://dlmf.nist.gov/17.3#E4;q-Sine function;1;2;1;;;
\qsin{q}@@{x};http://dlmf.nist.gov/17.3#E3;q-Sine function;1;2;1;;;
\qSinKLS{q}@@{z};http://drmf.wmflabs.org/wiki/Definition:qSinKLS;q-Sine function;1;2;1;;;
\qsinKLS{q}@@{z};http://drmf.wmflabs.org/wiki/Definition:qsinKLS;q-Sine function;1;2;1;;;
\qCos{q}@@{x};http://dlmf.nist.gov/17.3#E6;q-Cosine functions;1;2;1;;;
\qcos{q}@@{x};http://dlmf.nist.gov/17.3#E5;q-Cosine functions;1;2;1;;;
\qCosKLS{q}@@{z};http://drmf.wmflabs.org/wiki/Definition:qCosKLS;q-Cosine functions;1;2;1;;;
\qcosKLS{q}@@{z};http://drmf.wmflabs.org/wiki/Definition:qcosKLS;q-Cosine functions;1;2;1;;;
\qExp{q}@@{x};http://dlmf.nist.gov/17.3#E2;q-Exponential function;1;2;1;;;
\qexp{q}@@{x};http://dlmf.nist.gov/17.3#E1;q-Exponential function;1;2;1;;;
\qExpKLS{q}@@{z};http://drmf.wmflabs.org/wiki/Definition:qExpKLS;q-Exponential function;1;2;1;;;
\qexpKLS{q}@@{z};http://drmf.wmflabs.org/wiki/Definition:qExpKLS;q-Exponential function;1;2;1;;;
\qAppelli@{a}{b}{b'}{c}{q}{x}{y};http://dlmf.nist.gov/17.4.E5;q-Appell function of first kind;0;1;7;;;
\qAppellii@{a}{b}{b'}{c}{c'}{q}{x}{y};http://dlmf.nist.gov/17.4.E6;q-Appell function of second kind;0;1;8;;;
\qAppelliii@{a}{a'}{b}{b'}{c}{q}{x}{y};http://dlmf.nist.gov/17.4.E7;q-Appell function of third kind;0;1;8;;;
\qAppelliv@{a}{b}{c}{c'}{q}{x}{y};http://dlmf.nist.gov/17.4.E8;q-Appell function of fourth kind;0;1;7;;;
\qBernoulli{n}@{x}{q};http://dlmf.nist.gov/17.3#E7;q-Bernoulli polynomial;1;1;2;;;
\qBesselPoly{n}@{x}{b}{q};http://drmf.wmflabs.org/wiki/Definition:qBessel;q-Bessel polynomial;1;1;3;;;
\qBeta{q}@{a}{b};http://dlmf.nist.gov/5.18#E11;q-Beta function;1;1;2;;;
\qBinomial{n}{m}{q};http://dlmf.nist.gov/17.2#E27;q-Binomial coefficient / Gaussian polynomial;0;0;3;;;
\qCharlier{n}@{x}{c}{q};http://drmf.wmflabs.org/wiki/Definition:qCharlier;q-Charlier polynomial;1;1;3;;;
\qderiv[n]{q}@{z};http://drmf.wmflabs.org/wiki/Definition:qderiv;q-Derivative;2;1;1;;;
\qdiff{q}{x};http://dlmf.nist.gov/17.2#SS5.p1;q-Derivative;0;0;2;;;
\qGamma{q}@{z};http://dlmf.nist.gov/5.18#E4;q-Gamma;1;1;1;;;
\qDigamma{q}@{z};http://drmf.wmflabs.org/wiki/Definition:qDigamma;q-Digamma function;1;1;1;;;
\qEuler{m}{s}@{q};http://dlmf.nist.gov/17.3#E8;q-Euler function;2;1;1;;;
\qFactorial{n}{q};http://dlmf.nist.gov/5.18#E2;q-Factorial function;0;0;2;;;
\qGamma{q}@{z};http://dlmf.nist.gov/5.18#E4;q-Gamma function;1;1;1;;;
\qHahn{n}@@{q^{-x}}{\alpha}{\beta}{N};http://drmf.wmflabs.org/wiki/Definition:qHahn;q-Hahn polynomial;1;2;4;;;
\qHahnQ{n}@{x}{\alpha}{\beta}{N}{q};http://dlmf.nist.gov/18.27#E3;q-Hahn polynomial;1;1;5;;;
\dualqHahn{n}@@{\mu(x)}{\gamma}{\delta}{N}{q};http://drmf.wmflabs.org/wiki/Definition:dualqHahn;dual q-Hahn polynomial;1;2;5;;;
\qHermiteH{n}@{x}{q};http://dlmf.nist.gov/18.28#E16;q-Hermite polynomial;1;1;2;;;
\qinvHermiteh{n}@{x}{q};http://dlmf.nist.gov/18.28#E18;q-Invert-Hermite polynomial;1;1;2;;;
\qHermitehI{n}@{x}{q};http://dlmf.nist.gov/18.27#E21;q-Hermite discrete I;1;1;2;;;
\qHermitehII{n}@{x}{q};http://dlmf.nist.gov/18.27#E23;q-Hermite discrete II;1;1;2;;;
\discrqHermiteI{n}@@{x}{q};http://drmf.wmflabs.org/wiki/Definition:discrqHermiteI;q-Hermite discrete I;1;2;2;;;
\discrqHermiteII{n}@@{x}{q};http://drmf.wmflabs.org/wiki/Definition:discrqHermiteII;q-Hermite discrete II;1;2;2;;;
\qJacobiP{n}@{x}{a}{b}{c}{q};http://dlmf.nist.gov/18.27#E5;q-Jacobi polynomial;1;1;5;;;
\bigqJacobi{n}@@{x}{a}{b}{c}{q};http://dlmf.nist.gov/18.27#E5;big q-Jacobi polynomial;1;2;5;;;
\qJacobiPP{\alpha}{\beta}{n}@{x}{c}{d}{q};http://dlmf.nist.gov/18.27#E6;q-Jacobi polynomial;3;1;4;;;
\bigqJacobiIVparam{n}@@{x}{a}{b}{c}{d}{q};http://dlmf.nist.gov/18.27#E6;big q-Jacobi polynomial;1;2;6;;;
\qJacobip{n}@{x}{a}{b}{q};http://dlmf.nist.gov/18.27#E13;q-Jacobi polynomial;1;1;4;;;
\littleqJacobi{n}@@{x}{a}{b}{q};http://drmf.wmflabs.org/wiki/Definition:littleqJacobi;little q-Jacobi polynomial;1;2;4;;;
\qKrawtchouk{n}@@{q^{-x}}{p}{N}{q};http://drmf.wmflabs.org/wiki/Definition:qKrawtchouk;q-Krawtchouk polynomial;1;2;4;;;
\dualqKrawtchouk{n}@@{\lambda(x)}{c}{N}{q};http://drmf.wmflabs.org/wiki/Definition:dualqKrawtchouk;dual q-Krawtchouk polynomial;1;2;4;;;
\qtmqKrawtchouk{n}@@{q^{-x}}{p}{N}{q};http://drmf.wmflabs.org/wiki/Definition:qtmqKrawtchouk;quantum q-Krawtchouk polynomial;1;2;4;;;
\AffqKrawtchouk{n}@@{q^{-x}}{p}{N}{q};http://drmf.wmflabs.org/wiki/Definition:AffqKrawtchouk;Affine q-Krawtchouck polynomial;1;2;4;;;
\qLaguerre[\alpha]{n}@@{x}{q};http://drmf.wmflabs.org/wiki/Definition:qLaguerre;q-Laguerre polynomial;2;2;2;;;
\qLaguerreL[\alpha]{n}@{x}{q};http://dlmf.nist.gov/18.27#E15;q-Laguerre polynomial;2;1;2;;;
\bigqLaguerre{n}@{x}{a}{b}{q};http://drmf.wmflabs.org/wiki/Definition:bigqLaguerre;big q-Laguerre polynomial;1;1;4;;;
\littleqLaguerre{n}@{x}{a}{q};http://drmf.wmflabs.org/wiki/Definition:littleqLaguerre;little q-Laguerre polynomial;1;1;3;;;
\qLegendre{n}@{x}{q};http://drmf.wmflabs.org/wiki/Definition:qLegendre;q-Legendre polynomial;1;1;2;;;
\bigqLegendre{n}@{x}{c}{q};http://drmf.wmflabs.org/wiki/Definition:bigqLegendre;big q-Legendre polynomial;1;1;3;;;
\littleqLegendre{m}@{x}{q};http://drmf.wmflabs.org/wiki/Definition:littleqLegendre;little q-Legendre polynomial;1;1;2;;;
\qMeixner{n}@{x}{b}{c}{q};http://drmf.wmflabs.org/wiki/Definition:qMeixner;q-Meixner polynomial;1;1;4;;;
\qMeixnerPollaczek{n}@{x}{a}{q};http://drmf.wmflabs.org/wiki/Definition:qMeixnerPollaczek;q-Meixner-Pollaczek polynomial;1;1;3;;;
\qPochhammer{a}{q}{n};http://dlmf.nist.gov/17.2#SS1.p1;q-Pochhammer symbol;0;0;3;;;
\qMultiPochhammer{a_1,\ldots,a_n}{q}{n};http://dlmf.nist.gov/17.2.E5;q-Multi-Pochhammer symbol;0;0;3;;;
\qPolygamma{n}{q}@{z};http://drmf.wmflabs.org/wiki/Definition:qPolygamma;q-Polygamma function;2;1;1;;;
\qRacah{n}@{x}{\alpha}{\beta}{\gamma}{\delta}{q};http://dlmf.nist.gov/18.28#E19;q-Racah polynomials;1;1;6;;;
\qRacahR{n}@{x}{\alpha}{\beta}{\gamma}{\delta}{q};http://dlmf.nist.gov/18.28#E19;q-Racah polynomials;1;1;6;;;
\qStirling{m}{s}@{q};http://dlmf.nist.gov/17.3#E9;q-Stirling number;2;1;1;;;
\qUltraspherical{n}@{x}{\beta}{q};http://dlmf.nist.gov/18.28#E13;q-Ultraspherical polynomial;1;1;3;;;
\qHyperrWs{r}{r+1}@@@{a_1}{a_4,a_5,...,a_{r+1}}{q}{z};http://drmf.wmflabs.org/wiki/Definition:qHyperrWs;very-well-poised basic hypergeometric (or $q$-hypergeometric) function;2;3;4;;;
\qHyperrphis{r}{s}@@@{a_1,...,a_r}{b_1,...,b_s}{q}{z};http://dlmf.nist.gov/17.4#E1;basic hypergeometric (or $q$-hypergeometric) function;2;3;4;;;
\qHyperrpsis{r}{s}@@@{a_1,...,a_r}{b_1,...,b_s}{q}{z};http://dlmf.nist.gov/17.4#E3;bilateral basic hypergeometric (or bilateral $q$-hypergeometric) function;2;3;4;;;
\qMultinomial{a_1+\ldots+a_n}{a_1,\ldots,a_n}{q};http://dlmf.nist.gov/26.16.E1;q-multinomial;0;0;3;;;
;;;;;;;;
\ctsHahn{n}@@{x}{a}{b}{c}{d};http://dlmf.nist.gov/18.19#P2.p1;Continuous Hahn polynomial;1;2;5;;;
\ctsbigqHermite{n}@{x}{a}{q};http://drmf.wmflabs.org/wiki/Definition:ctsbigqHermite;Continuous big q-Hermite polynomial;1;1;3;;;
\ctsdualHahn{n}@@{x^2}{a}{b}{c};http://dlmf.nist.gov/18.25#T1.t1.r3;Continuous dual Hahn polynomial;1;2;4;;;
\ctsdualqHahn{n}@{x}{a}{b}{c}{q};http://drmf.wmflabs.org/wiki/Definition:ctsdualqHahn;Continuous dual q-Hahn polynomial;1;1;5;;;
\ctsqHahn{n}@{x}{a}{b}{c}{d}{q};http://drmf.wmflabs.org/wiki/Definition:ctsqHahn;Continuous q-Hahn polynomial;1;1;6;;;
\ctsqHermite{n}@@{x}{q};http://drmf.wmflabs.org/wiki/Definition:ctsqHermite;Continuous q-Hermite polynomial;1;2;2;;;
\ctsqJacobi{\alpha}{\beta}{m}@{x}{q};http://drmf.wmflabs.org/wiki/Definition:ctsqJacobi;Continuous q-Jacobi polynomial;3;1;2;;;
\ctsqJacobiRahman{n}@@{x}{q};http://drmf.wmflabs.org/wiki/Definition:ctsqJacobiRahman;Continuous q-Jacobi polynomial;1;2;2;;;
\ctsqLaguerre{\alpha}{n}@{x}{q};http://drmf.wmflabs.org/wiki/Definition:ctsqLaguerre;Continuous q-Laguerre polynomial;2;1;2;;;
\ctsqLegendre{n}@@{x}{q};http://drmf.wmflabs.org/wiki/Definition:ctsqLegendre;Continuous q-Legendre polynomial;1;2;2;;;
\ctsqLegendreRahman{n}@@{x}{q};http://drmf.wmflabs.org/wiki/Definition:ctsqLegendreRahman;Continuous q-Legendre-Rahman polynomial;1;2;2;;;
\ctsqUltra{n}@{x}{\beta}{q};http://dlmf.nist.gov/18.28#E13;Continuous q-Ultraspherical polynomial;1;1;3;;;
\ctsqUltrae{n}@{e^{i\theta}}{\beta}{q};http://drmf.wmflabs.org/wiki/Definition:ctsqUltrae;Continuous q-Ultraspherical polynomial;1;1;3;;;
;;;;;;;;
\monicAffqKrawtchouk{n}@@{q^{-x}}{p}{N}{q};http://drmf.wmflabs.org/wiki/Definition:monicAffqKrawtchouk;monic affine $q$-Krawtchouk polynomial;1;2;4;;;
\monicAlSalamCarlitzI{a}{n}@@{x}{q};http://drmf.wmflabs.org/wiki/Definition:monicAlSalamCarlitzI;monic Al-Salam-Carlitz I polynomial;2;2;2;;;
\monicAlSalamCarlitzII{a}{n}@@{x}{q};http://drmf.wmflabs.org/wiki/Definition:monicAlSalamCarlitzII;monic Al-Salam-Carlitz II polynomial;2;2;2;;;
\monicAlSalamChihara{n}@@{x}{a}{b}{q};http://drmf.wmflabs.org/wiki/Definition:monicAlSalamChihara;monic Al-Salam-Chihara polynomial;1;2;4;;;
\monicAskeyWilson{n}@@{x}{a}{b}{c}{d}{q};http://drmf.wmflabs.org/wiki/Definition:monicAskeyWilson;monic Askey-Wilson polynomial;1;2;6;;;
\monicBesselPoly{n}@@{x}{a};http://drmf.wmflabs.org/wiki/Definition:monicBesselPoly;monic Bessel polynomial;1;2;2;;;
\monicCharlier{n}@@{x}{a};http://drmf.wmflabs.org/wiki/Definition:monicCharlier;monic Charlier polynomial;1;2;2;;;
\monicChebyT{n}@@{x};http://drmf.wmflabs.org/wiki/Definition:monicChebyT;monic Chebyshev polynomial of the first kind;1;2;1;;;
\monicChebyU{n}@@{x};http://drmf.wmflabs.org/wiki/Definition:monicChebyU;monic Chebyshev polynomial of the second kind;1;2;1;;;
\monicHahn{n}@@{x}{\alpha}{\beta}{N};http://drmf.wmflabs.org/wiki/Definition:monicHahn;monic Hahn polynomial;1;2;4;;;
\monicHermite{n}@@{x};http://drmf.wmflabs.org/wiki/Definition:monicHermite;monic Hermite polynomial;1;2;1;;;
\monicJacobi{n}@@{x};http://drmf.wmflabs.org/wiki/Definition:monicJacobi;monic Jacobi polynomial;1;2;1;;;
\monicKrawtchouk{n}@@{q^{-x}}{p}{N}{q};http://drmf.wmflabs.org/wiki/Definition:monicKrawtchouk;monic Krawtchouk polynomial;1;2;4;;;
\monicLaguerre{n}@@{x};http://drmf.wmflabs.org/wiki/Definition:monicLaguerre;monic Laguerre polynomial;1;2;1;;;
\monicLegendrePoly{n}@@{x};http://drmf.wmflabs.org/wiki/Definition:monicLegendrePoly;monic Legendre polynomial;1;2;1;;;
\monicMeixner{n}@@{x}{\beta}{c};http://drmf.wmflabs.org/wiki/Definition:monicMeixner;monic Meixner polynomial;1;2;3;;;
\monicMeixnerPollaczek{\lambda}{n}@@{x}{\phi};http://drmf.wmflabs.org/wiki/Definition:monicMeixnerPollaczek;monic Meixner-Pollaczek polynomial;2;2;2;;;
\monicRacah{n}@@{\lambda(x)}{\alpha}{\beta}{\gamma}{\delta};http://drmf.wmflabs.org/wiki/Definition:monicRacah;monic Racah polynomial;1;2;5;;;
\monicStieltjesWigert{n}@@{x}{q};http://drmf.wmflabs.org/wiki/Definition:monicStieltjesWigert;monic Stieltjes-Wigert polynomial;1;2;2;;;
\monicUltra{n}@@{x};http://drmf.wmflabs.org/wiki/Definition:monicUltra;monic ultraspherical/Gegenbauer polynomial;1;2;1;;;
\monicWilson{n}@@{x^2}{a}{b}{c}{d};http://drmf.wmflabs.org/wiki/Definition:monicWilson;monic Wilson polynomial;1;2;5;;;
\monicbigqJacobi{n}@@{x}{a}{b}{c}{q};http://drmf.wmflabs.org/wiki/Definition:monicbigqJacobi;monic big $q$-Jacobi polynomial;1;2;5;;;
\monicbigqLaguerre{n}@@{x}{a}{b}{q};http://drmf.wmflabs.org/wiki/Definition:monicbigqLaguerre;monic big $q$-Laguerre polynomial;1;2;4;;;
\monicbigqLegendre{n}@@{x}{c}{q};http://drmf.wmflabs.org/wiki/Definition:monicbigqLegendre;monic big $q$-Legendre polynomial;1;2;3;;;
\monicctsHahn{n}@@{x}{a}{b}{c}{d};http://drmf.wmflabs.org/wiki/Definition:monicctsHahn;monic continuous Hahn polynomial;1;2;5;;;
\monicctsbigqHermite{n}@@{x}{a}{q};http://drmf.wmflabs.org/wiki/Definition:monicctsbigqHermite;monic continuous big $q$-Hermite polynomial;1;2;3;;;
\monicctsdualHahn{n}@@{x^2}{a}{b}{c}{d};http://drmf.wmflabs.org/wiki/Definition:monicctsdualHahn;monic continuous dual Hahn polynomial;1;2;5;;;
\monicctsdualqHahn{n}@@{x^2}{a}{b}{c};http://drmf.wmflabs.org/wiki/Definition:monicctsdualqHahn;monic continuous dual $q$-Hahn polynomial;1;2;4;;;
\monicctsqHahn{n}@@{x}{a}{b}{c}{d}{q};http://drmf.wmflabs.org/wiki/Definition:monicctsqHahn;monic continuous $q$-Hahn polynomial;1;2;6;;;
\monicctsqHermite{n}@@{x}{q};http://drmf.wmflabs.org/wiki/Definition:monicctsqHermite;monic continuous $q$-Hermite polynomial;1;2;2;;;
\monicctsqJacobi{n}@@{x}{q};http://drmf.wmflabs.org/wiki/Definition:monicctsqJacobi;monic continuous $q$-Jacobi polynomial;1;2;2;;;
\monicctsqLaguerre{n}@@{x}{q};http://drmf.wmflabs.org/wiki/Definition:monicctsqLaguerre;monic continuous $q$-Laguerre polynomial;1;2;2;;;
\monicctsqLegendre{n}@@{x}{q};http://drmf.wmflabs.org/wiki/Definition:monicctsqLegendre;monic continuous $q$-Legendre polynomial;1;2;2;;;
\monicctsqUltra{n}@@{x}{\beta}{q};http://drmf.wmflabs.org/wiki/Definition:monicctsqUltra;monic continuous $q$-ultraspherical/Rogers polynomial;1;2;3;;;
\monicdiscrqHermiteI{n}@@{x}{q};http://drmf.wmflabs.org/wiki/Definition:monicdiscrqHermiteI;monic discrete $q$-Hermite I polynomial;1;2;2;;;
\monicdiscrqHermiteII{n}@@{x}{q};http://drmf.wmflabs.org/wiki/Definition:monicdiscrqHermiteII;monic discrete $q$-Hermite II polynomial;1;2;2;;;
\monicdualHahn{n}@@{\lambda(x)}{\gamma}{\delta}{N};http://drmf.wmflabs.org/wiki/Definition:monicdualHahn;monic dual Hahn polynomial;1;2;4;;;
\monicdualqHahn{n}@@{\mu(x)}{\gamma}{\delta}{N}{q};http://drmf.wmflabs.org/wiki/Definition:monicdualqHahn;monic dual $q$-Hahn polynomial;1;2;5;;;
\monicdualqKrawtchouk{n}@@{\lambda(x)}{c}{N}{q};http://drmf.wmflabs.org/wiki/Definition:monicdualqKrawtchouk;monic dual $q$-Krawtchouk polynomial;1;2;4;;;
\moniclittleqJacobi{n}@@{x}{a}{b}{q};http://drmf.wmflabs.org/wiki/Definition:moniclittleqJacobi;monic little $q$-Jacobi polynomial;1;2;4;;;
\moniclittleqLaguerre{n}@@{x}{a}{q};http://drmf.wmflabs.org/wiki/Definition:moniclittleqLaguerre;monic little $q$-Laguerre/Wall polynomial;1;2;3;;;
\moniclittleqLegendre{n}@@{x}{q};http://drmf.wmflabs.org/wiki/Definition:moniclittleqLegendre;monic little $q$-Legendre polynomial;1;2;2;;;
\monicpseudoJacobi{n}@@{x}{\nu}{N};http://drmf.wmflabs.org/wiki/Definition:monicpseudoJacobi;monic pseudo-Jacobi polynomial;1;2;3;;;
\monicqBesselPoly{n}@@{x}{a}{q};http://drmf.wmflabs.org/wiki/Definition:monicqBessel;monic $q$-Bessel polynomial;1;2;3;;;
\monicqCharlier{n}@@{q^{-x}}{a}{q};http://drmf.wmflabs.org/wiki/Definition:monicqCharlier;monic $q$-Charlier polynomial;1;2;3;;;
\monicqHahn{n}@@{q^{-x}}{\alpha}{\beta}{N};http://drmf.wmflabs.org/wiki/Definition:monicqHahn;monic $q$-Hahn polynomial;1;2;4;;;
\monicqKrawtchouk{n}@@{q^{-x}}{p}{N}{q};http://drmf.wmflabs.org/wiki/Definition:monicqKrawtchouk;monic $q$-Krawtchouk polynomial;1;2;4;;;
\monicqLaguerre{n}@@{x}{q};http://drmf.wmflabs.org/wiki/Definition:monicqLaguerre;monic $q$-Laguerre polynomial;1;2;2;;;
\monicqMeixner{n}@@{q^{-x}}{b}{c}{q};http://drmf.wmflabs.org/wiki/Definition:monicqMeixner;monic $q$-Meixner polynomial;1;2;4;;;
\monicqMeixnerPollaczek{n}@@{x}{a}{q};http://drmf.wmflabs.org/wiki/Definition:monicqMeixnerPollaczek;monic $q$-Meixner-Pollaczek polynomial;1;2;3;;;
\monicqRacah{n}@@{\mu(x)}{\alpha}{\beta}{\gamma}{\delta}{q};http://drmf.wmflabs.org/wiki/Definition:monicqRacah;monic $q$-Racah polynomial;1;2;6;;;
\monicqinvAlSalamChihara{n}@{x}{a}{b}{q^{-1}};http://drmf.wmflabs.org/wiki/Definition:monicqinvAlSalamChihara;monic $q$-inverse Al-Salam-Chihara polynomial;1;1;4;;;
\monicqtmqKrawtchouk{n}@@{q^{-x}}{p}{N}{q};http://drmf.wmflabs.org/wiki/Definition:monicqtmqKrawtchouk;monic quantum $q$-Krawtchouk polynomial;1;2;4;;;
;;;;;;;;
\normAskeyWilsonptilde{n}@@{x}{a}{b}{c}{d}{q};http://drmf.wmflabs.org/wiki/Definition:normAskeyWilsonptilde;normalized Askey-Wilson polynomial ${\tilde p}$;1;2;6;;;
\normJacobiR{\alpha}{\beta}{n}@{x};http://drmf.wmflabs.org/wiki/Definition:normJacobiR;normalized Jacobi polynomial;3;1;1;;;
\normWilsonWtilde{n}@@{x^2}{a}{b}{c}{d};http://drmf.wmflabs.org/wiki/Definition:normWilsonWtilde;normalized Wilson polynomial ${\tilde W}$;1;2;5;;;
\normctsHahnptilde{n}@@{x}{a}{b}{c}{d};http://drmf.wmflabs.org/wiki/Definition:normctsHahnptilde;normalized continuous Hahn polynomial ${\tilde p}$;1;2;5;;;
\normctsdualHahnStilde{n}@@{x^2}{a}{b}{c}{d};http://drmf.wmflabs.org/wiki/Definition:normctsdualHahnStilde;normalized continuous dual Hahn polynomial ${\tilde S}$;1;2;5;;;
\normctsdualqHahnptilde{n}@@{x}{a}{b}{c}{q};http://drmf.wmflabs.org/wiki/Definition:normctsdualqHahnptilde;normalized continuous dual $q$-Hahn polynomial ${\tilde p}$;1;2;5;;;
\normctsqHahnptilde{n}@@{x}{a}{b}{c}{d}{q};http://drmf.wmflabs.org/wiki/Definition:normctsqHahnptilde;normalized continuous $q$-Hahn polynomial ${\tilde p}$;1;2;6;;;
\normctsqJacobiPtilde{n}@@{x}{q};http://drmf.wmflabs.org/wiki/Definition:normctsqJacobiPtilde;normalized continuous $q$-Jacobi polynomial ${\tilde P}$;1;2;2;;;
;;;;;;;;
;;;;;;;;
